TEAM_ID,TEAM_NAME,TEAM_ABBREVIATION,GP,G,FGA_FREQUENCY,FGM,FGA,FG_PCT,EFG_PCT,FG2A_FREQUENCY,FG2M,FG2A,FG2_PCT,FG3A_FREQUENCY,FG3M,FG3A,FG3_PCT,SEASON,DEFENDER_DISTANCE
1610612759,San Antonio Spurs,SAS,82,82,0.09,326,681,0.479,0.48,0.089,324,675,0.48,0.001,2,6,0.333,2021-22,0-2 Feet - Very Tight
1610612758,Sacramento Kings,SAC,81,81,0.089,315,638,0.494,0.505,0.085,301,607,0.496,0.004,14,31,0.452,2021-22,0-2 Feet - Very Tight
1610612763,Memphis Grizzlies,MEM,81,81,0.083,282,631,0.447,0.449,0.081,279,622,0.449,0.001,3,9,0.333,2021-22,0-2 Feet - Very Tight
1610612745,Houston Rockets,HOU,82,82,0.088,280,622,0.45,0.454,0.084,275,598,0.46,0.003,5,24,0.208,2021-22,0-2 Feet - Very Tight
1610612754,Indiana Pacers,IND,82,82,0.085,306,620,0.494,0.497,0.083,302,606,0.498,0.002,4,14,0.286,2021-22,0-2 Feet - Very Tight
1610612764,Washington Wizards,WAS,82,82,0.087,314,610,0.515,0.517,0.085,311,601,0.517,0.001,3,9,0.333,2021-22,0-2 Feet - Very Tight
1610612765,Detroit Pistons,DET,81,81,0.082,247,590,0.419,0.421,0.081,244,578,0.422,0.002,3,12,0.25,2021-22,0-2 Feet - Very Tight
1610612751,Brooklyn Nets,BKN,82,82,0.08,268,578,0.464,0.467,0.078,264,565,0.467,0.002,4,13,0.308,2021-22,0-2 Feet - Very Tight
1610612760,Oklahoma City Thunder,OKC,82,82,0.079,240,578,0.415,0.415,0.078,240,569,0.422,0.001,0,9,0,2021-22,0-2 Feet - Very Tight
1610612739,Cleveland Cavaliers,CLE,82,82,0.083,297,574,0.517,0.519,0.082,295,569,0.518,0.001,2,5,0.4,2021-22,0-2 Feet - Very Tight
1610612753,Orlando Magic,ORL,82,82,0.079,234,571,0.41,0.415,0.077,228,555,0.411,0.002,6,16,0.375,2021-22,0-2 Feet - Very Tight
1610612747,Los Angeles Lakers,LAL,82,82,0.077,273,563,0.485,0.485,0.077,273,559,0.488,0.001,0,4,0,2021-22,0-2 Feet - Very Tight
1610612761,Toronto Raptors,TOR,82,82,0.075,241,562,0.429,0.431,0.074,239,551,0.434,0.001,2,11,0.182,2021-22,0-2 Feet - Very Tight
1610612740,New Orleans Pelicans,NOP,81,81,0.077,230,551,0.417,0.421,0.075,226,535,0.422,0.002,4,16,0.25,2021-22,0-2 Feet - Very Tight
1610612743,Denver Nuggets,DEN,82,82,0.078,262,549,0.477,0.479,0.077,260,544,0.478,0.001,2,5,0.4,2021-22,0-2 Feet - Very Tight
1610612757,Portland Trail Blazers,POR,82,82,0.077,234,549,0.426,0.437,0.072,222,517,0.429,0.004,12,32,0.375,2021-22,0-2 Feet - Very Tight
1610612766,Charlotte Hornets,CHA,81,81,0.073,245,538,0.455,0.457,0.072,243,533,0.456,0.001,2,5,0.4,2021-22,0-2 Feet - Very Tight
1610612750,Minnesota Timberwolves,MIN,82,82,0.071,236,526,0.449,0.452,0.069,233,515,0.452,0.001,3,11,0.273,2021-22,0-2 Feet - Very Tight
1610612752,New York Knicks,NYK,81,81,0.075,227,521,0.436,0.449,0.07,213,487,0.437,0.005,14,34,0.412,2021-22,0-2 Feet - Very Tight
1610612738,Boston Celtics,BOS,81,81,0.072,250,513,0.487,0.488,0.072,249,508,0.49,0.001,1,5,0.2,2021-22,0-2 Feet - Very Tight
1610612749,Milwaukee Bucks,MIL,82,82,0.069,231,506,0.457,0.459,0.068,228,496,0.46,0.001,3,10,0.3,2021-22,0-2 Feet - Very Tight
1610612762,Utah Jazz,UTA,82,81,0.071,250,502,0.498,0.507,0.068,241,479,0.503,0.003,9,23,0.391,2021-22,0-2 Feet - Very Tight
1610612741,Chicago Bulls,CHI,82,82,0.068,236,484,0.488,0.491,0.067,233,477,0.488,0.001,3,7,0.429,2021-22,0-2 Feet - Very Tight
1610612744,Golden State Warriors,GSW,81,81,0.068,219,478,0.458,0.471,0.064,207,449,0.461,0.004,12,29,0.414,2021-22,0-2 Feet - Very Tight
1610612748,Miami Heat,MIA,82,82,0.069,238,477,0.499,0.509,0.065,228,454,0.502,0.003,10,23,0.435,2021-22,0-2 Feet - Very Tight
1610612737,Atlanta Hawks,ATL,82,80,0.065,196,473,0.414,0.414,0.065,196,468,0.419,0.001,0,5,0,2021-22,0-2 Feet - Very Tight
1610612755,Philadelphia 76ers,PHI,82,80,0.068,206,471,0.437,0.439,0.067,204,464,0.44,0.001,2,7,0.286,2021-22,0-2 Feet - Very Tight
1610612756,Phoenix Suns,PHX,81,80,0.064,224,465,0.482,0.484,0.063,222,457,0.486,0.001,2,8,0.25,2021-22,0-2 Feet - Very Tight
1610612746,LA Clippers,LAC,81,81,0.064,192,452,0.425,0.426,0.063,191,444,0.43,0.001,1,8,0.125,2021-22,0-2 Feet - Very Tight
1610612742,Dallas Mavericks,DAL,82,82,0.06,185,421,0.439,0.439,0.059,185,413,0.448,0.001,0,8,0,2021-22,0-2 Feet - Very Tight
1610612763,Memphis Grizzlies,MEM,81,81,0.44,1662,3359,0.495,0.502,0.414,1612,3160,0.51,0.026,50,199,0.251,2021-22,2-4 Feet - Tight
1610612751,Brooklyn Nets,BKN,82,82,0.45,1599,3262,0.49,0.514,0.379,1444,2749,0.525,0.071,155,513,0.302,2021-22,2-4 Feet - Tight
1610612759,San Antonio Spurs,SAS,82,82,0.425,1631,3233,0.504,0.517,0.389,1551,2955,0.525,0.037,80,278,0.288,2021-22,2-4 Feet - Tight
1610612761,Toronto Raptors,TOR,82,82,0.406,1455,3043,0.478,0.49,0.365,1381,2734,0.505,0.041,74,309,0.239,2021-22,2-4 Feet - Tight
1610612740,New Orleans Pelicans,NOP,81,81,0.425,1508,3032,0.497,0.511,0.38,1426,2707,0.527,0.046,82,325,0.252,2021-22,2-4 Feet - Tight
1610612757,Portland Trail Blazers,POR,82,82,0.42,1428,3002,0.476,0.499,0.35,1287,2499,0.515,0.07,141,503,0.28,2021-22,2-4 Feet - Tight
1610612741,Chicago Bulls,CHI,82,82,0.412,1548,2935,0.527,0.537,0.385,1494,2746,0.544,0.027,54,189,0.286,2021-22,2-4 Feet - Tight
1610612766,Charlotte Hornets,CHA,81,81,0.396,1464,2935,0.499,0.516,0.351,1365,2599,0.525,0.045,99,336,0.295,2021-22,2-4 Feet - Tight
1610612753,Orlando Magic,ORL,82,82,0.401,1399,2902,0.482,0.498,0.354,1309,2560,0.511,0.047,90,342,0.263,2021-22,2-4 Feet - Tight
1610612748,Miami Heat,MIA,82,82,0.417,1414,2898,0.488,0.521,0.334,1221,2322,0.526,0.083,193,576,0.335,2021-22,2-4 Feet - Tight
1610612756,Phoenix Suns,PHX,81,81,0.398,1495,2892,0.517,0.53,0.357,1419,2598,0.546,0.04,76,294,0.259,2021-22,2-4 Feet - Tight
1610612754,Indiana Pacers,IND,82,82,0.39,1489,2864,0.52,0.531,0.358,1423,2623,0.543,0.033,66,241,0.274,2021-22,2-4 Feet - Tight
1610612762,Utah Jazz,UTA,82,82,0.405,1508,2862,0.527,0.552,0.342,1367,2417,0.566,0.063,141,445,0.317,2021-22,2-4 Feet - Tight
1610612745,Houston Rockets,HOU,82,82,0.403,1459,2854,0.511,0.529,0.35,1358,2480,0.548,0.053,101,374,0.27,2021-22,2-4 Feet - Tight
1610612746,LA Clippers,LAC,81,81,0.403,1423,2851,0.499,0.522,0.345,1292,2439,0.53,0.058,131,412,0.318,2021-22,2-4 Feet - Tight
1610612764,Washington Wizards,WAS,82,82,0.404,1473,2850,0.517,0.527,0.367,1413,2586,0.546,0.037,60,264,0.227,2021-22,2-4 Feet - Tight
1610612750,Minnesota Timberwolves,MIN,82,82,0.38,1456,2834,0.514,0.532,0.333,1350,2482,0.544,0.047,106,352,0.301,2021-22,2-4 Feet - Tight
1610612758,Sacramento Kings,SAC,81,81,0.397,1420,2832,0.501,0.513,0.362,1352,2583,0.523,0.035,68,249,0.273,2021-22,2-4 Feet - Tight
1610612743,Denver Nuggets,DEN,82,82,0.397,1550,2808,0.552,0.564,0.357,1481,2529,0.586,0.039,69,279,0.247,2021-22,2-4 Feet - Tight
1610612738,Boston Celtics,BOS,81,81,0.395,1450,2796,0.519,0.54,0.341,1329,2415,0.55,0.054,121,381,0.318,2021-22,2-4 Feet - Tight
1610612752,New York Knicks,NYK,81,81,0.401,1328,2794,0.475,0.498,0.341,1202,2374,0.506,0.06,126,420,0.3,2021-22,2-4 Feet - Tight
1610612747,Los Angeles Lakers,LAL,82,82,0.382,1482,2779,0.533,0.548,0.342,1398,2487,0.562,0.04,84,292,0.288,2021-22,2-4 Feet - Tight
1610612739,Cleveland Cavaliers,CLE,82,82,0.398,1438,2759,0.521,0.532,0.37,1378,2565,0.537,0.028,60,194,0.309,2021-22,2-4 Feet - Tight
1610612765,Detroit Pistons,DET,81,81,0.383,1333,2747,0.485,0.494,0.355,1287,2542,0.506,0.029,46,205,0.224,2021-22,2-4 Feet - Tight
1610612755,Philadelphia 76ers,PHI,82,82,0.395,1391,2739,0.508,0.522,0.357,1315,2477,0.531,0.038,76,262,0.29,2021-22,2-4 Feet - Tight
1610612737,Atlanta Hawks,ATL,82,82,0.375,1376,2712,0.507,0.518,0.34,1317,2458,0.536,0.035,59,254,0.232,2021-22,2-4 Feet - Tight
1610612749,Milwaukee Bucks,MIL,82,82,0.365,1439,2672,0.539,0.554,0.329,1359,2415,0.563,0.035,80,257,0.311,2021-22,2-4 Feet - Tight
1610612760,Oklahoma City Thunder,OKC,82,82,0.363,1302,2653,0.491,0.499,0.341,1256,2492,0.504,0.022,46,161,0.286,2021-22,2-4 Feet - Tight
1610612744,Golden State Warriors,GSW,81,81,0.372,1374,2601,0.528,0.556,0.313,1231,2192,0.562,0.058,143,409,0.35,2021-22,2-4 Feet - Tight
1610612742,Dallas Mavericks,DAL,82,82,0.358,1326,2499,0.531,0.543,0.322,1263,2251,0.561,0.036,63,248,0.254,2021-22,2-4 Feet - Tight
1610612750,Minnesota Timberwolves,MIN,82,82,0.33,1023,2459,0.416,0.529,0.113,465,846,0.55,0.216,558,1613,0.346,2021-22,4-6 Feet - Open
1610612756,Phoenix Suns,PHX,81,81,0.332,1151,2417,0.476,0.557,0.183,760,1333,0.57,0.149,391,1084,0.361,2021-22,4-6 Feet - Open
1610612746,LA Clippers,LAC,81,81,0.337,1028,2382,0.432,0.522,0.165,595,1169,0.509,0.171,433,1213,0.357,2021-22,4-6 Feet - Open
1610612761,Toronto Raptors,TOR,82,82,0.318,1014,2379,0.426,0.516,0.152,585,1140,0.513,0.165,429,1239,0.346,2021-22,4-6 Feet - Open
1610612737,Atlanta Hawks,ATL,82,82,0.328,1051,2373,0.443,0.531,0.162,635,1171,0.542,0.166,416,1202,0.346,2021-22,4-6 Feet - Open
1610612749,Milwaukee Bucks,MIL,82,82,0.315,1018,2310,0.441,0.536,0.147,578,1075,0.538,0.168,440,1235,0.356,2021-22,4-6 Feet - Open
1610612759,San Antonio Spurs,SAS,82,82,0.3,998,2276,0.438,0.529,0.144,584,1097,0.532,0.155,414,1179,0.351,2021-22,4-6 Feet - Open
1610612747,Los Angeles Lakers,LAL,82,82,0.306,964,2229,0.432,0.513,0.157,606,1143,0.53,0.149,358,1086,0.33,2021-22,4-6 Feet - Open
1610612748,Miami Heat,MIA,82,82,0.32,993,2221,0.447,0.55,0.143,534,992,0.538,0.177,459,1229,0.373,2021-22,4-6 Feet - Open
1610612751,Brooklyn Nets,BKN,82,82,0.304,1021,2201,0.464,0.553,0.148,628,1073,0.585,0.156,393,1128,0.348,2021-22,4-6 Feet - Open
1610612738,Boston Celtics,BOS,81,81,0.31,945,2197,0.43,0.531,0.13,501,918,0.546,0.181,444,1279,0.347,2021-22,4-6 Feet - Open
1610612742,Dallas Mavericks,DAL,82,82,0.314,921,2196,0.419,0.506,0.144,539,1007,0.535,0.17,382,1189,0.321,2021-22,4-6 Feet - Open
1610612755,Philadelphia 76ers,PHI,82,82,0.315,970,2183,0.444,0.528,0.164,603,1138,0.53,0.151,367,1045,0.351,2021-22,4-6 Feet - Open
1610612744,Golden State Warriors,GSW,81,81,0.312,960,2181,0.44,0.541,0.128,521,898,0.58,0.183,439,1283,0.342,2021-22,4-6 Feet - Open
1610612766,Charlotte Hornets,CHA,81,81,0.294,992,2177,0.456,0.557,0.124,549,918,0.598,0.17,443,1259,0.352,2021-22,4-6 Feet - Open
1610612757,Portland Trail Blazers,POR,82,82,0.304,922,2169,0.425,0.527,0.125,479,895,0.535,0.178,443,1274,0.348,2021-22,4-6 Feet - Open
1610612764,Washington Wizards,WAS,82,82,0.305,944,2150,0.439,0.524,0.153,579,1075,0.539,0.153,365,1075,0.34,2021-22,4-6 Feet - Open
1610612743,Denver Nuggets,DEN,82,82,0.3,926,2125,0.436,0.541,0.119,478,839,0.57,0.182,448,1286,0.348,2021-22,4-6 Feet - Open
1610612752,New York Knicks,NYK,81,81,0.304,827,2117,0.391,0.482,0.133,442,925,0.478,0.171,385,1192,0.323,2021-22,4-6 Feet - Open
1610612765,Detroit Pistons,DET,81,81,0.291,856,2086,0.41,0.496,0.139,499,993,0.503,0.152,357,1093,0.327,2021-22,4-6 Feet - Open
1610612753,Orlando Magic,ORL,82,82,0.288,833,2085,0.4,0.49,0.119,454,860,0.528,0.169,379,1225,0.309,2021-22,4-6 Feet - Open
1610612741,Chicago Bulls,CHI,82,82,0.291,931,2073,0.449,0.522,0.172,627,1225,0.512,0.119,304,848,0.358,2021-22,4-6 Feet - Open
1610612754,Indiana Pacers,IND,82,82,0.278,880,2041,0.431,0.521,0.127,512,930,0.551,0.151,368,1111,0.331,2021-22,4-6 Feet - Open
1610612763,Memphis Grizzlies,MEM,81,81,0.266,904,2031,0.445,0.532,0.13,550,991,0.555,0.136,354,1040,0.34,2021-22,4-6 Feet - Open
1610612762,Utah Jazz,UTA,82,82,0.287,868,2027,0.428,0.539,0.098,417,693,0.602,0.189,451,1334,0.338,2021-22,4-6 Feet - Open
1610612758,Sacramento Kings,SAC,81,81,0.283,885,2020,0.438,0.522,0.141,545,1003,0.543,0.143,340,1017,0.334,2021-22,4-6 Feet - Open
1610612760,Oklahoma City Thunder,OKC,82,82,0.274,808,2001,0.404,0.484,0.121,486,882,0.551,0.153,322,1119,0.288,2021-22,4-6 Feet - Open
1610612745,Houston Rockets,HOU,82,82,0.28,814,1982,0.411,0.524,0.094,365,663,0.551,0.186,449,1319,0.34,2021-22,4-6 Feet - Open
1610612740,New Orleans Pelicans,NOP,81,81,0.274,869,1949,0.446,0.522,0.141,572,1006,0.569,0.132,297,943,0.315,2021-22,4-6 Feet - Open
1610612739,Cleveland Cavaliers,CLE,82,82,0.271,816,1878,0.435,0.523,0.128,483,887,0.545,0.143,333,991,0.336,2021-22,4-6 Feet - Open
1610612760,Oklahoma City Thunder,OKC,82,82,0.284,790,2074,0.381,0.531,0.041,167,297,0.562,0.243,623,1777,0.351,2021-22,6+ Feet - Wide Open
1610612742,Dallas Mavericks,DAL,82,82,0.267,790,1867,0.423,0.591,0.036,162,250,0.648,0.232,628,1617,0.388,2021-22,6+ Feet - Wide Open
1610612749,Milwaukee Bucks,MIL,82,82,0.251,741,1842,0.402,0.573,0.026,111,193,0.575,0.225,630,1649,0.382,2021-22,6+ Feet - Wide Open
1610612754,Indiana Pacers,IND,82,82,0.247,723,1812,0.399,0.553,0.038,164,278,0.59,0.209,559,1534,0.364,2021-22,6+ Feet - Wide Open
1610612766,Charlotte Hornets,CHA,81,81,0.237,764,1757,0.435,0.602,0.035,176,262,0.672,0.202,588,1495,0.393,2021-22,6+ Feet - Wide Open
1610612765,Detroit Pistons,DET,81,81,0.244,659,1746,0.377,0.523,0.037,150,263,0.57,0.207,509,1483,0.343,2021-22,6+ Feet - Wide Open
1610612744,Golden State Warriors,GSW,81,81,0.248,732,1734,0.422,0.588,0.037,157,261,0.602,0.211,575,1473,0.39,2021-22,6+ Feet - Wide Open
1610612739,Cleveland Cavaliers,CLE,82,82,0.249,701,1724,0.407,0.568,0.033,144,232,0.621,0.215,557,1492,0.373,2021-22,6+ Feet - Wide Open
1610612747,Los Angeles Lakers,LAL,82,82,0.234,695,1706,0.407,0.566,0.036,155,261,0.594,0.199,540,1445,0.374,2021-22,6+ Feet - Wide Open
1610612737,Atlanta Hawks,ATL,82,82,0.232,778,1681,0.463,0.636,0.044,197,320,0.616,0.188,581,1361,0.427,2021-22,6+ Feet - Wide Open
1610612753,Orlando Magic,ORL,82,82,0.232,670,1681,0.399,0.554,0.034,149,246,0.606,0.198,521,1435,0.363,2021-22,6+ Feet - Wide Open
1610612762,Utah Jazz,UTA,82,82,0.237,700,1677,0.417,0.594,0.024,109,171,0.637,0.213,591,1506,0.392,2021-22,6+ Feet - Wide Open
1610612758,Sacramento Kings,SAC,81,81,0.23,652,1641,0.397,0.548,0.037,159,263,0.605,0.193,493,1378,0.358,2021-22,6+ Feet - Wide Open
1610612750,Minnesota Timberwolves,MIN,82,82,0.22,695,1639,0.424,0.59,0.031,151,228,0.662,0.189,544,1411,0.386,2021-22,6+ Feet - Wide Open
1610612741,Chicago Bulls,CHI,82,82,0.229,707,1634,0.433,0.589,0.044,196,314,0.624,0.185,511,1320,0.387,2021-22,6+ Feet - Wide Open
1610612745,Houston Rockets,HOU,82,82,0.229,676,1625,0.416,0.585,0.024,126,173,0.728,0.205,550,1452,0.379,2021-22,6+ Feet - Wide Open
1610612763,Memphis Grizzlies,MEM,81,81,0.212,675,1619,0.417,0.58,0.029,147,220,0.668,0.183,528,1399,0.377,2021-22,6+ Feet - Wide Open
1610612743,Denver Nuggets,DEN,82,82,0.225,678,1596,0.425,0.588,0.031,158,222,0.712,0.194,520,1374,0.378,2021-22,6+ Feet - Wide Open
1610612740,New Orleans Pelicans,NOP,81,81,0.224,651,1594,0.408,0.56,0.04,169,284,0.595,0.184,482,1310,0.368,2021-22,6+ Feet - Wide Open
1610612738,Boston Celtics,BOS,81,81,0.223,658,1579,0.417,0.576,0.035,156,245,0.637,0.188,502,1334,0.376,2021-22,6+ Feet - Wide Open
1610612752,New York Knicks,NYK,81,81,0.221,664,1540,0.431,0.606,0.028,126,197,0.64,0.193,538,1343,0.401,2021-22,6+ Feet - Wide Open
1610612755,Philadelphia 76ers,PHI,82,82,0.222,663,1539,0.431,0.595,0.035,158,245,0.645,0.187,505,1294,0.39,2021-22,6+ Feet - Wide Open
1610612761,Toronto Raptors,TOR,82,82,0.201,622,1504,0.414,0.571,0.034,148,255,0.58,0.167,474,1249,0.38,2021-22,6+ Feet - Wide Open
1610612756,Phoenix Suns,PHX,81,81,0.206,664,1501,0.442,0.6,0.042,192,304,0.632,0.165,472,1197,0.394,2021-22,6+ Feet - Wide Open
1610612764,Washington Wizards,WAS,82,82,0.204,592,1437,0.412,0.562,0.039,160,275,0.582,0.165,432,1162,0.372,2021-22,6+ Feet - Wide Open
1610612757,Portland Trail Blazers,POR,82,82,0.199,577,1424,0.405,0.562,0.03,130,216,0.602,0.169,447,1208,0.37,2021-22,6+ Feet - Wide Open
1610612759,San Antonio Spurs,SAS,82,82,0.185,591,1409,0.419,0.572,0.033,162,248,0.653,0.153,429,1161,0.37,2021-22,6+ Feet - Wide Open
1610612746,LA Clippers,LAC,81,81,0.197,611,1391,0.439,0.61,0.036,135,252,0.536,0.161,476,1139,0.418,2021-22,6+ Feet - Wide Open
1610612748,Miami Heat,MIA,82,82,0.195,597,1355,0.441,0.607,0.036,145,247,0.587,0.159,452,1108,0.408,2021-22,6+ Feet - Wide Open
1610612751,Brooklyn Nets,BKN,82,82,0.167,554,1209,0.458,0.619,0.036,166,261,0.636,0.131,388,948,0.409,2021-22,6+ Feet - Wide Open
1610612759,San Antonio Spurs,SAS,79,79,0.09,350,661,0.53,0.531,0.09,348,656,0.53,0.001,2,5,0.4,2022-23,0-2 Feet - Very Tight
1610612760,Oklahoma City Thunder,OKC,82,82,0.079,275,596,0.461,0.461,0.078,275,593,0.464,0,0,3,0,2022-23,0-2 Feet - Very Tight
1610612745,Houston Rockets,HOU,82,82,0.081,262,590,0.444,0.446,0.08,260,581,0.448,0.001,2,9,0.222,2022-23,0-2 Feet - Very Tight
1610612758,Sacramento Kings,SAC,82,81,0.08,310,581,0.534,0.537,0.079,306,573,0.534,0.001,4,8,0.5,2022-23,0-2 Feet - Very Tight
1610612766,Charlotte Hornets,CHA,82,81,0.077,270,569,0.475,0.475,0.076,270,562,0.48,0.001,0,7,0,2022-23,0-2 Feet - Very Tight
1610612764,Washington Wizards,WAS,82,82,0.078,270,556,0.486,0.486,0.078,270,555,0.486,0,0,1,0,2022-23,0-2 Feet - Very Tight
1610612747,Los Angeles Lakers,LAL,82,82,0.076,266,551,0.483,0.485,0.075,264,543,0.486,0.001,2,8,0.25,2022-23,0-2 Feet - Very Tight
1610612762,Utah Jazz,UTA,82,82,0.074,256,548,0.467,0.471,0.072,252,531,0.475,0.002,4,17,0.235,2022-23,0-2 Feet - Very Tight
1610612761,Toronto Raptors,TOR,82,82,0.073,253,547,0.463,0.464,0.072,251,541,0.464,0.001,2,6,0.333,2022-23,0-2 Feet - Very Tight
1610612740,New Orleans Pelicans,NOP,82,82,0.076,257,542,0.474,0.483,0.073,247,522,0.473,0.003,10,20,0.5,2022-23,0-2 Feet - Very Tight
1610612737,Atlanta Hawks,ATL,82,82,0.071,253,538,0.47,0.471,0.071,252,534,0.472,0.001,1,4,0.25,2022-23,0-2 Feet - Very Tight
1610612743,Denver Nuggets,DEN,82,82,0.076,286,536,0.534,0.536,0.073,283,518,0.546,0.003,3,18,0.167,2022-23,0-2 Feet - Very Tight
1610612753,Orlando Magic,ORL,82,82,0.075,258,534,0.483,0.486,0.075,255,528,0.483,0.001,3,6,0.5,2022-23,0-2 Feet - Very Tight
1610612763,Memphis Grizzlies,MEM,82,82,0.07,250,530,0.472,0.473,0.07,249,527,0.472,0,1,3,0.333,2022-23,0-2 Feet - Very Tight
1610612744,Golden State Warriors,GSW,81,80,0.07,247,514,0.481,0.492,0.067,235,487,0.483,0.004,12,27,0.444,2022-23,0-2 Feet - Very Tight
1610612757,Portland Trail Blazers,POR,81,81,0.074,237,508,0.467,0.476,0.069,227,479,0.474,0.004,10,29,0.345,2022-23,0-2 Feet - Very Tight
1610612738,Boston Celtics,BOS,82,82,0.069,230,505,0.455,0.457,0.068,228,494,0.462,0.002,2,11,0.182,2022-23,0-2 Feet - Very Tight
1610612754,Indiana Pacers,IND,82,82,0.069,227,504,0.45,0.452,0.067,225,490,0.459,0.002,2,14,0.143,2022-23,0-2 Feet - Very Tight
1610612741,Chicago Bulls,CHI,81,81,0.07,255,494,0.516,0.516,0.07,255,490,0.52,0.001,0,4,0,2022-23,0-2 Feet - Very Tight
1610612750,Minnesota Timberwolves,MIN,81,81,0.07,244,492,0.496,0.496,0.069,244,488,0.5,0.001,0,4,0,2022-23,0-2 Feet - Very Tight
1610612746,LA Clippers,LAC,82,82,0.068,244,482,0.506,0.511,0.066,239,466,0.513,0.002,5,16,0.313,2022-23,0-2 Feet - Very Tight
1610612749,Milwaukee Bucks,MIL,82,82,0.064,242,478,0.506,0.508,0.064,240,473,0.507,0.001,2,5,0.4,2022-23,0-2 Feet - Very Tight
1610612752,New York Knicks,NYK,82,81,0.064,220,469,0.469,0.47,0.063,219,458,0.478,0.002,1,11,0.091,2022-23,0-2 Feet - Very Tight
1610612765,Detroit Pistons,DET,81,79,0.067,205,469,0.437,0.439,0.065,203,457,0.444,0.002,2,12,0.167,2022-23,0-2 Feet - Very Tight
1610612751,Brooklyn Nets,BKN,82,82,0.065,229,453,0.506,0.511,0.062,224,434,0.516,0.003,5,19,0.263,2022-23,0-2 Feet - Very Tight
1610612739,Cleveland Cavaliers,CLE,82,82,0.065,229,451,0.508,0.511,0.063,226,437,0.517,0.002,3,14,0.214,2022-23,0-2 Feet - Very Tight
1610612742,Dallas Mavericks,DAL,82,82,0.065,231,448,0.516,0.518,0.064,229,441,0.519,0.001,2,7,0.286,2022-23,0-2 Feet - Very Tight
1610612748,Miami Heat,MIA,82,82,0.062,204,432,0.472,0.479,0.06,198,418,0.474,0.002,6,14,0.429,2022-23,0-2 Feet - Very Tight
1610612756,Phoenix Suns,PHX,82,80,0.056,196,417,0.47,0.476,0.055,191,404,0.473,0.002,5,13,0.385,2022-23,0-2 Feet - Very Tight
1610612755,Philadelphia 76ers,PHI,82,81,0.057,180,389,0.463,0.467,0.056,177,383,0.462,0.001,3,6,0.5,2022-23,0-2 Feet - Very Tight
1610612763,Memphis Grizzlies,MEM,82,82,0.442,1753,3340,0.525,0.534,0.414,1692,3126,0.541,0.028,61,214,0.285,2022-23,2-4 Feet - Tight
1610612745,Houston Rockets,HOU,82,82,0.457,1686,3329,0.506,0.521,0.415,1588,3021,0.526,0.042,98,308,0.318,2022-23,2-4 Feet - Tight
1610612737,Atlanta Hawks,ATL,82,82,0.438,1741,3315,0.525,0.537,0.405,1665,3064,0.543,0.033,76,251,0.303,2022-23,2-4 Feet - Tight
1610612759,San Antonio Spurs,SAS,79,79,0.444,1648,3244,0.508,0.519,0.409,1575,2988,0.527,0.035,73,256,0.285,2022-23,2-4 Feet - Tight
1610612766,Charlotte Hornets,CHA,82,82,0.437,1598,3229,0.495,0.508,0.394,1513,2908,0.52,0.043,85,321,0.265,2022-23,2-4 Feet - Tight
1610612761,Toronto Raptors,TOR,82,82,0.424,1626,3177,0.512,0.521,0.392,1569,2938,0.534,0.032,57,239,0.238,2022-23,2-4 Feet - Tight
1610612740,New Orleans Pelicans,NOP,82,82,0.441,1687,3162,0.534,0.543,0.412,1625,2952,0.55,0.029,62,210,0.295,2022-23,2-4 Feet - Tight
1610612762,Utah Jazz,UTA,82,82,0.428,1641,3153,0.52,0.539,0.371,1523,2735,0.557,0.057,118,418,0.282,2022-23,2-4 Feet - Tight
1610612753,Orlando Magic,ORL,82,82,0.441,1608,3120,0.515,0.527,0.406,1535,2873,0.534,0.035,73,247,0.296,2022-23,2-4 Feet - Tight
1610612750,Minnesota Timberwolves,MIN,81,81,0.431,1660,3042,0.546,0.558,0.392,1586,2771,0.572,0.038,74,271,0.273,2022-23,2-4 Feet - Tight
1610612739,Cleveland Cavaliers,CLE,82,82,0.435,1637,3037,0.539,0.553,0.396,1553,2768,0.561,0.039,84,269,0.312,2022-23,2-4 Feet - Tight
1610612756,Phoenix Suns,PHX,82,82,0.41,1492,3029,0.493,0.505,0.37,1415,2736,0.517,0.04,77,293,0.263,2022-23,2-4 Feet - Tight
1610612743,Denver Nuggets,DEN,82,82,0.424,1640,3007,0.545,0.561,0.38,1548,2692,0.575,0.044,92,315,0.292,2022-23,2-4 Feet - Tight
1610612764,Washington Wizards,WAS,82,82,0.421,1617,2997,0.54,0.548,0.393,1568,2799,0.56,0.028,49,198,0.247,2022-23,2-4 Feet - Tight
1610612752,New York Knicks,NYK,82,82,0.407,1527,2982,0.512,0.527,0.363,1438,2660,0.541,0.044,89,322,0.276,2022-23,2-4 Feet - Tight
1610612751,Brooklyn Nets,BKN,82,82,0.427,1515,2969,0.51,0.534,0.364,1375,2533,0.543,0.063,140,436,0.321,2022-23,2-4 Feet - Tight
1610612746,LA Clippers,LAC,82,82,0.417,1520,2943,0.516,0.537,0.363,1401,2562,0.547,0.054,119,381,0.312,2022-23,2-4 Feet - Tight
1610612748,Miami Heat,MIA,82,82,0.421,1446,2942,0.492,0.512,0.357,1324,2497,0.53,0.064,122,445,0.274,2022-23,2-4 Feet - Tight
1610612747,Los Angeles Lakers,LAL,82,82,0.403,1597,2936,0.544,0.552,0.378,1550,2750,0.564,0.026,47,186,0.253,2022-23,2-4 Feet - Tight
1610612741,Chicago Bulls,CHI,81,81,0.418,1597,2932,0.545,0.553,0.396,1551,2781,0.558,0.022,46,151,0.305,2022-23,2-4 Feet - Tight
1610612760,Oklahoma City Thunder,OKC,82,82,0.386,1494,2927,0.51,0.516,0.371,1460,2817,0.518,0.014,34,110,0.309,2022-23,2-4 Feet - Tight
1610612757,Portland Trail Blazers,POR,81,81,0.422,1533,2917,0.526,0.549,0.363,1399,2504,0.559,0.06,134,413,0.324,2022-23,2-4 Feet - Tight
1610612754,Indiana Pacers,IND,82,82,0.39,1466,2866,0.512,0.521,0.363,1414,2667,0.53,0.027,52,199,0.261,2022-23,2-4 Feet - Tight
1610612765,Detroit Pistons,DET,81,81,0.406,1400,2851,0.491,0.501,0.376,1346,2639,0.51,0.03,54,212,0.255,2022-23,2-4 Feet - Tight
1610612738,Boston Celtics,BOS,82,82,0.383,1466,2784,0.527,0.555,0.314,1310,2288,0.573,0.068,156,496,0.315,2022-23,2-4 Feet - Tight
1610612755,Philadelphia 76ers,PHI,82,82,0.4,1448,2749,0.527,0.54,0.367,1374,2519,0.545,0.033,74,230,0.322,2022-23,2-4 Feet - Tight
1610612744,Golden State Warriors,GSW,81,81,0.371,1394,2702,0.516,0.547,0.297,1225,2166,0.566,0.074,169,536,0.315,2022-23,2-4 Feet - Tight
1610612758,Sacramento Kings,SAC,82,82,0.366,1527,2648,0.577,0.59,0.339,1458,2449,0.595,0.028,69,199,0.347,2022-23,2-4 Feet - Tight
1610612749,Milwaukee Bucks,MIL,82,82,0.35,1419,2596,0.547,0.558,0.321,1361,2377,0.573,0.03,58,219,0.265,2022-23,2-4 Feet - Tight
1610612742,Dallas Mavericks,DAL,82,82,0.357,1352,2466,0.548,0.569,0.312,1250,2159,0.579,0.044,102,307,0.332,2022-23,2-4 Feet - Tight
1610612752,New York Knicks,NYK,82,82,0.331,1085,2423,0.448,0.542,0.15,630,1099,0.573,0.181,455,1324,0.344,2022-23,4-6 Feet - Open
1610612749,Milwaukee Bucks,MIL,82,82,0.323,1035,2394,0.432,0.528,0.142,575,1053,0.546,0.181,460,1341,0.343,2022-23,4-6 Feet - Open
1610612744,Golden State Warriors,GSW,81,81,0.322,1066,2351,0.453,0.571,0.121,514,884,0.581,0.201,552,1467,0.376,2022-23,4-6 Feet - Open
1610612756,Phoenix Suns,PHX,82,82,0.314,1076,2320,0.464,0.544,0.177,705,1307,0.539,0.137,371,1013,0.366,2022-23,4-6 Feet - Open
1610612748,Miami Heat,MIA,82,82,0.325,1001,2271,0.441,0.537,0.143,566,1003,0.564,0.181,435,1268,0.343,2022-23,4-6 Feet - Open
1610612747,Los Angeles Lakers,LAL,82,82,0.309,1003,2247,0.446,0.528,0.159,634,1158,0.547,0.15,369,1089,0.339,2022-23,4-6 Feet - Open
1610612761,Toronto Raptors,TOR,82,82,0.3,922,2246,0.411,0.492,0.149,554,1118,0.496,0.151,368,1128,0.326,2022-23,4-6 Feet - Open
1610612746,LA Clippers,LAC,82,82,0.318,991,2241,0.442,0.534,0.158,578,1114,0.519,0.16,413,1127,0.366,2022-23,4-6 Feet - Open
1610612742,Dallas Mavericks,DAL,82,82,0.321,972,2217,0.438,0.553,0.113,462,782,0.591,0.208,510,1435,0.355,2022-23,4-6 Feet - Open
1610612766,Charlotte Hornets,CHA,82,82,0.297,940,2194,0.428,0.516,0.137,557,1014,0.549,0.16,383,1180,0.325,2022-23,4-6 Feet - Open
1610612737,Atlanta Hawks,ATL,82,82,0.287,996,2177,0.458,0.533,0.154,668,1168,0.572,0.133,328,1009,0.325,2022-23,4-6 Feet - Open
1610612738,Boston Celtics,BOS,82,82,0.298,960,2166,0.443,0.557,0.109,467,792,0.59,0.189,493,1374,0.359,2022-23,4-6 Feet - Open
1610612764,Washington Wizards,WAS,82,82,0.303,975,2157,0.452,0.55,0.131,551,935,0.589,0.172,424,1222,0.347,2022-23,4-6 Feet - Open
1610612743,Denver Nuggets,DEN,82,82,0.302,1020,2139,0.477,0.573,0.149,610,1055,0.578,0.153,410,1084,0.378,2022-23,4-6 Feet - Open
1610612758,Sacramento Kings,SAC,82,82,0.295,952,2133,0.446,0.545,0.125,531,906,0.586,0.17,421,1227,0.343,2022-23,4-6 Feet - Open
1610612755,Philadelphia 76ers,PHI,82,82,0.309,1012,2120,0.477,0.567,0.157,630,1082,0.582,0.151,382,1038,0.368,2022-23,4-6 Feet - Open
1610612762,Utah Jazz,UTA,82,82,0.287,919,2110,0.436,0.539,0.111,483,817,0.591,0.176,436,1293,0.337,2022-23,4-6 Feet - Open
1610612765,Detroit Pistons,DET,81,81,0.298,910,2091,0.435,0.516,0.154,571,1083,0.527,0.143,339,1008,0.336,2022-23,4-6 Feet - Open
1610612750,Minnesota Timberwolves,MIN,81,81,0.295,939,2085,0.45,0.549,0.13,528,922,0.573,0.165,411,1163,0.353,2022-23,4-6 Feet - Open
1610612751,Brooklyn Nets,BKN,82,82,0.294,972,2046,0.475,0.565,0.145,602,1010,0.596,0.149,370,1036,0.357,2022-23,4-6 Feet - Open
1610612763,Memphis Grizzlies,MEM,82,82,0.267,917,2015,0.455,0.547,0.12,548,903,0.607,0.147,369,1112,0.332,2022-23,4-6 Feet - Open
1610612757,Portland Trail Blazers,POR,81,81,0.291,875,2009,0.436,0.537,0.124,469,853,0.55,0.167,406,1156,0.351,2022-23,4-6 Feet - Open
1610612759,San Antonio Spurs,SAS,79,79,0.271,857,1976,0.434,0.53,0.124,477,903,0.528,0.147,380,1073,0.354,2022-23,4-6 Feet - Open
1610612754,Indiana Pacers,IND,82,82,0.268,912,1967,0.464,0.56,0.123,532,903,0.589,0.145,380,1064,0.357,2022-23,4-6 Feet - Open
1610612760,Oklahoma City Thunder,OKC,82,82,0.256,874,1945,0.449,0.521,0.138,594,1051,0.565,0.118,280,894,0.313,2022-23,4-6 Feet - Open
1610612741,Chicago Bulls,CHI,81,81,0.274,885,1921,0.461,0.533,0.16,609,1123,0.542,0.114,276,798,0.346,2022-23,4-6 Feet - Open
1610612745,Houston Rockets,HOU,82,82,0.264,817,1921,0.425,0.508,0.121,498,879,0.567,0.143,319,1042,0.306,2022-23,4-6 Feet - Open
1610612739,Cleveland Cavaliers,CLE,82,82,0.275,884,1920,0.46,0.552,0.136,534,952,0.561,0.139,350,968,0.362,2022-23,4-6 Feet - Open
1610612753,Orlando Magic,ORL,82,82,0.262,817,1856,0.44,0.52,0.13,520,918,0.566,0.133,297,938,0.317,2022-23,4-6 Feet - Open
1610612740,New Orleans Pelicans,NOP,82,82,0.243,799,1745,0.458,0.534,0.138,534,987,0.541,0.106,265,758,0.35,2022-23,4-6 Feet - Open
1610612760,Oklahoma City Thunder,OKC,82,82,0.28,890,2122,0.419,0.58,0.044,209,332,0.63,0.236,681,1790,0.38,2022-23,6+ Feet - Wide Open
1610612754,Indiana Pacers,IND,82,82,0.273,839,2008,0.418,0.587,0.035,161,255,0.631,0.239,678,1753,0.387,2022-23,6+ Feet - Wide Open
1610612749,Milwaukee Bucks,MIL,82,82,0.262,808,1944,0.416,0.595,0.027,111,203,0.547,0.235,697,1741,0.4,2022-23,6+ Feet - Wide Open
1610612758,Sacramento Kings,SAC,82,82,0.259,784,1872,0.419,0.588,0.034,150,246,0.61,0.225,634,1626,0.39,2022-23,6+ Feet - Wide Open
1610612738,Boston Celtics,BOS,82,82,0.25,804,1823,0.441,0.623,0.029,140,212,0.66,0.221,664,1611,0.412,2022-23,6+ Feet - Wide Open
1610612742,Dallas Mavericks,DAL,82,82,0.257,728,1778,0.409,0.587,0.024,96,165,0.582,0.233,632,1613,0.392,2022-23,6+ Feet - Wide Open
1610612744,Golden State Warriors,GSW,81,81,0.237,776,1725,0.45,0.627,0.036,164,263,0.624,0.2,612,1462,0.419,2022-23,6+ Feet - Wide Open
1610612740,New Orleans Pelicans,NOP,82,82,0.24,703,1724,0.408,0.571,0.034,141,245,0.576,0.206,562,1479,0.38,2022-23,6+ Feet - Wide Open
1610612741,Chicago Bulls,CHI,81,81,0.238,699,1674,0.418,0.574,0.04,174,283,0.615,0.198,525,1391,0.377,2022-23,6+ Feet - Wide Open
1610612763,Memphis Grizzlies,MEM,82,82,0.22,664,1664,0.399,0.565,0.025,111,187,0.594,0.196,553,1477,0.374,2022-23,6+ Feet - Wide Open
1610612756,Phoenix Suns,PHX,82,82,0.22,689,1622,0.425,0.594,0.036,141,266,0.53,0.184,548,1356,0.404,2022-23,6+ Feet - Wide Open
1610612765,Detroit Pistons,DET,81,81,0.23,683,1615,0.423,0.587,0.033,154,229,0.672,0.197,529,1386,0.382,2022-23,6+ Feet - Wide Open
1610612755,Philadelphia 76ers,PHI,82,82,0.235,707,1613,0.438,0.617,0.031,131,210,0.624,0.204,576,1403,0.411,2022-23,6+ Feet - Wide Open
1610612739,Cleveland Cavaliers,CLE,82,82,0.226,658,1577,0.417,0.58,0.034,145,239,0.607,0.192,513,1338,0.383,2022-23,6+ Feet - Wide Open
1610612753,Orlando Magic,ORL,82,82,0.221,640,1564,0.409,0.572,0.029,130,204,0.637,0.192,510,1360,0.375,2022-23,6+ Feet - Wide Open
1610612762,Utah Jazz,UTA,82,82,0.211,668,1552,0.43,0.603,0.025,132,182,0.725,0.186,536,1370,0.391,2022-23,6+ Feet - Wide Open
1610612747,Los Angeles Lakers,LAL,82,82,0.212,639,1546,0.413,0.564,0.038,174,276,0.63,0.174,465,1270,0.366,2022-23,6+ Feet - Wide Open
1610612737,Atlanta Hawks,ATL,82,82,0.204,668,1544,0.433,0.587,0.04,191,303,0.63,0.164,477,1241,0.384,2022-23,6+ Feet - Wide Open
1610612761,Toronto Raptors,TOR,82,82,0.203,633,1519,0.417,0.566,0.036,180,266,0.677,0.167,453,1253,0.362,2022-23,6+ Feet - Wide Open
1610612751,Brooklyn Nets,BKN,82,82,0.213,672,1482,0.453,0.632,0.031,144,217,0.664,0.182,528,1265,0.417,2022-23,6+ Feet - Wide Open
1610612757,Portland Trail Blazers,POR,81,81,0.213,621,1471,0.422,0.591,0.03,125,204,0.613,0.183,496,1267,0.391,2022-23,6+ Feet - Wide Open
1610612752,New York Knicks,NYK,82,82,0.198,612,1454,0.421,0.59,0.025,120,181,0.663,0.174,492,1273,0.386,2022-23,6+ Feet - Wide Open
1610612750,Minnesota Timberwolves,MIN,81,81,0.205,616,1447,0.426,0.594,0.028,128,197,0.65,0.177,488,1250,0.39,2022-23,6+ Feet - Wide Open
1610612745,Houston Rockets,HOU,82,82,0.198,563,1444,0.39,0.541,0.025,126,185,0.681,0.173,437,1259,0.347,2022-23,6+ Feet - Wide Open
1610612759,San Antonio Spurs,SAS,79,79,0.195,541,1423,0.38,0.53,0.028,116,203,0.571,0.167,425,1220,0.348,2022-23,6+ Feet - Wide Open
1610612764,Washington Wizards,WAS,82,82,0.199,594,1415,0.42,0.58,0.033,142,235,0.604,0.166,452,1180,0.383,2022-23,6+ Feet - Wide Open
1610612743,Denver Nuggets,DEN,82,82,0.198,628,1406,0.447,0.612,0.037,164,264,0.621,0.161,464,1142,0.406,2022-23,6+ Feet - Wide Open
1610612746,LA Clippers,LAC,82,82,0.197,615,1392,0.442,0.623,0.026,111,181,0.613,0.172,504,1211,0.416,2022-23,6+ Feet - Wide Open
1610612766,Charlotte Hornets,CHA,82,82,0.188,567,1390,0.408,0.555,0.034,159,249,0.639,0.155,408,1141,0.358,2022-23,6+ Feet - Wide Open
1610612748,Miami Heat,MIA,82,82,0.193,564,1346,0.419,0.574,0.032,147,221,0.665,0.161,417,1125,0.371,2022-23,6+ Feet - Wide Open
1610612743,Denver Nuggets,DEN,80,80,0.119,417,843,0.495,0.496,0.118,414,835,0.496,0.001,3,8,0.375,2023-24,0-2 Feet - Very Tight
1610612757,Portland Trail Blazers,POR,81,81,0.114,344,823,0.418,0.419,0.111,343,807,0.425,0.002,1,16,0.063,2023-24,0-2 Feet - Very Tight
1610612740,New Orleans Pelicans,NOP,81,81,0.115,390,812,0.48,0.483,0.112,385,795,0.484,0.002,5,17,0.294,2023-24,0-2 Feet - Very Tight
1610612753,Orlando Magic,ORL,82,82,0.116,376,806,0.467,0.467,0.114,376,796,0.472,0.001,0,10,0,2023-24,0-2 Feet - Very Tight
1610612762,Utah Jazz,UTA,81,81,0.11,385,797,0.483,0.484,0.108,384,786,0.489,0.002,1,11,0.091,2023-24,0-2 Feet - Very Tight
1610612761,Toronto Raptors,TOR,81,81,0.109,362,788,0.459,0.459,0.108,362,784,0.462,0.001,0,4,0,2023-24,0-2 Feet - Very Tight
1610612759,San Antonio Spurs,SAS,81,81,0.107,362,784,0.462,0.462,0.105,361,773,0.467,0.001,1,11,0.091,2023-24,0-2 Feet - Very Tight
1610612764,Washington Wizards,WAS,82,82,0.104,377,774,0.487,0.492,0.102,369,759,0.486,0.002,8,15,0.533,2023-24,0-2 Feet - Very Tight
1610612745,Houston Rockets,HOU,82,82,0.102,326,759,0.43,0.431,0.101,324,747,0.434,0.002,2,12,0.167,2023-24,0-2 Feet - Very Tight
1610612737,Atlanta Hawks,ATL,82,82,0.101,339,758,0.447,0.451,0.097,334,734,0.455,0.003,5,24,0.208,2023-24,0-2 Feet - Very Tight
1610612747,Los Angeles Lakers,LAL,81,80,0.107,374,749,0.499,0.503,0.105,368,733,0.502,0.002,6,16,0.375,2023-24,0-2 Feet - Very Tight
1610612758,Sacramento Kings,SAC,82,82,0.101,371,747,0.497,0.499,0.099,368,733,0.502,0.002,3,14,0.214,2023-24,0-2 Feet - Very Tight
1610612751,Brooklyn Nets,BKN,79,79,0.105,360,740,0.486,0.491,0.103,353,724,0.488,0.002,7,16,0.438,2023-24,0-2 Feet - Very Tight
1610612752,New York Knicks,NYK,82,82,0.101,337,726,0.464,0.468,0.098,331,710,0.466,0.002,6,16,0.375,2023-24,0-2 Feet - Very Tight
1610612755,Philadelphia 76ers,PHI,81,81,0.098,304,711,0.428,0.429,0.098,302,705,0.428,0.001,2,6,0.333,2023-24,0-2 Feet - Very Tight
1610612765,Detroit Pistons,DET,81,81,0.1,313,710,0.441,0.444,0.098,308,697,0.442,0.002,5,13,0.385,2023-24,0-2 Feet - Very Tight
1610612760,Oklahoma City Thunder,OKC,82,81,0.096,348,704,0.494,0.494,0.096,348,702,0.496,0,0,2,0,2023-24,0-2 Feet - Very Tight
1610612763,Memphis Grizzlies,MEM,82,82,0.097,299,701,0.427,0.427,0.096,298,693,0.43,0.001,1,8,0.125,2023-24,0-2 Feet - Very Tight
1610612739,Cleveland Cavaliers,CLE,82,81,0.097,332,696,0.477,0.483,0.093,323,664,0.486,0.004,9,32,0.281,2023-24,0-2 Feet - Very Tight
1610612744,Golden State Warriors,GSW,81,80,0.095,330,695,0.475,0.481,0.092,322,673,0.478,0.003,8,22,0.364,2023-24,0-2 Feet - Very Tight
1610612750,Minnesota Timberwolves,MIN,82,82,0.099,337,693,0.486,0.487,0.099,336,688,0.488,0.001,1,5,0.2,2023-24,0-2 Feet - Very Tight
1610612754,Indiana Pacers,IND,82,82,0.091,338,692,0.488,0.489,0.09,337,684,0.493,0.001,1,8,0.125,2023-24,0-2 Feet - Very Tight
1610612741,Chicago Bulls,CHI,81,81,0.096,305,692,0.441,0.441,0.095,305,686,0.445,0.001,0,6,0,2023-24,0-2 Feet - Very Tight
1610612749,Milwaukee Bucks,MIL,82,82,0.095,358,686,0.522,0.534,0.09,341,651,0.524,0.005,17,35,0.486,2023-24,0-2 Feet - Very Tight
1610612766,Charlotte Hornets,CHA,81,81,0.094,318,662,0.48,0.483,0.092,315,648,0.486,0.002,3,14,0.214,2023-24,0-2 Feet - Very Tight
1610612738,Boston Celtics,BOS,81,81,0.09,314,658,0.477,0.477,0.088,314,646,0.486,0.002,0,12,0,2023-24,0-2 Feet - Very Tight
1610612748,Miami Heat,MIA,81,82,0.093,284,642,0.442,0.445,0.09,280,625,0.448,0.002,4,17,0.235,2023-24,0-2 Feet - Very Tight
1610612742,Dallas Mavericks,DAL,81,81,0.087,319,627,0.509,0.511,0.084,316,611,0.517,0.002,3,16,0.188,2023-24,0-2 Feet - Very Tight
1610612746,LA Clippers,LAC,81,80,0.088,294,617,0.476,0.479,0.087,291,610,0.477,0.001,3,7,0.429,2023-24,0-2 Feet - Very Tight
1610612756,Phoenix Suns,PHX,80,79,0.087,278,600,0.463,0.466,0.086,275,594,0.463,0.001,3,6,0.5,2023-24,0-2 Feet - Very Tight
1610612737,Atlanta Hawks,ATL,82,82,0.413,1522,3110,0.489,0.514,0.345,1370,2599,0.527,0.068,152,511,0.297,2023-24,2-4 Feet - Tight
1610612746,LA Clippers,LAC,81,81,0.426,1536,2967,0.518,0.549,0.353,1349,2464,0.547,0.072,187,503,0.372,2023-24,2-4 Feet - Tight
1610612756,Phoenix Suns,PHX,80,81,0.427,1526,2938,0.519,0.541,0.375,1402,2577,0.544,0.052,124,361,0.343,2023-24,2-4 Feet - Tight
1610612757,Portland Trail Blazers,POR,81,81,0.392,1347,2845,0.473,0.484,0.36,1287,2607,0.494,0.033,60,238,0.252,2023-24,2-4 Feet - Tight
1610612740,New Orleans Pelicans,NOP,81,81,0.399,1471,2822,0.521,0.535,0.364,1391,2570,0.541,0.036,80,252,0.317,2023-24,2-4 Feet - Tight
1610612759,San Antonio Spurs,SAS,81,81,0.384,1460,2822,0.517,0.535,0.343,1362,2518,0.541,0.041,98,304,0.322,2023-24,2-4 Feet - Tight
1610612755,Philadelphia 76ers,PHI,81,81,0.388,1421,2807,0.506,0.519,0.352,1349,2544,0.53,0.036,72,263,0.274,2023-24,2-4 Feet - Tight
1610612739,Cleveland Cavaliers,CLE,82,82,0.391,1429,2792,0.512,0.535,0.331,1302,2362,0.551,0.06,127,430,0.295,2023-24,2-4 Feet - Tight
1610612764,Washington Wizards,WAS,82,82,0.374,1451,2790,0.52,0.529,0.345,1399,2574,0.544,0.029,52,216,0.241,2023-24,2-4 Feet - Tight
1610612765,Detroit Pistons,DET,81,81,0.392,1412,2790,0.506,0.515,0.36,1360,2566,0.53,0.031,52,224,0.232,2023-24,2-4 Feet - Tight
1610612761,Toronto Raptors,TOR,81,81,0.383,1461,2777,0.526,0.532,0.359,1430,2607,0.549,0.023,31,170,0.182,2023-24,2-4 Feet - Tight
1610612762,Utah Jazz,UTA,81,81,0.38,1420,2768,0.513,0.527,0.343,1341,2493,0.538,0.038,79,275,0.287,2023-24,2-4 Feet - Tight
1610612745,Houston Rockets,HOU,82,82,0.372,1392,2761,0.504,0.516,0.334,1326,2484,0.534,0.037,66,277,0.238,2023-24,2-4 Feet - Tight
1610612752,New York Knicks,NYK,82,82,0.383,1392,2760,0.504,0.522,0.336,1294,2425,0.534,0.046,98,335,0.293,2023-24,2-4 Feet - Tight
1610612754,Indiana Pacers,IND,82,82,0.363,1564,2750,0.569,0.577,0.342,1517,2590,0.586,0.021,47,160,0.294,2023-24,2-4 Feet - Tight
1610612744,Golden State Warriors,GSW,81,81,0.376,1424,2750,0.518,0.545,0.318,1276,2325,0.549,0.058,148,425,0.348,2023-24,2-4 Feet - Tight
1610612743,Denver Nuggets,DEN,80,80,0.387,1464,2749,0.533,0.551,0.344,1361,2439,0.558,0.044,103,310,0.332,2023-24,2-4 Feet - Tight
1610612741,Chicago Bulls,CHI,81,81,0.381,1472,2746,0.536,0.544,0.358,1431,2580,0.555,0.023,41,166,0.247,2023-24,2-4 Feet - Tight
1610612748,Miami Heat,MIA,81,81,0.389,1343,2697,0.498,0.518,0.339,1236,2347,0.527,0.05,107,350,0.306,2023-24,2-4 Feet - Tight
1610612766,Charlotte Hornets,CHA,81,81,0.382,1357,2696,0.503,0.52,0.339,1268,2388,0.531,0.044,89,308,0.289,2023-24,2-4 Feet - Tight
1610612763,Memphis Grizzlies,MEM,82,82,0.374,1293,2695,0.48,0.489,0.344,1244,2483,0.501,0.029,49,212,0.231,2023-24,2-4 Feet - Tight
1610612747,Los Angeles Lakers,LAL,81,81,0.384,1499,2684,0.558,0.575,0.347,1413,2428,0.582,0.037,86,256,0.336,2023-24,2-4 Feet - Tight
1610612751,Brooklyn Nets,BKN,79,79,0.379,1288,2664,0.483,0.504,0.323,1177,2268,0.519,0.056,111,396,0.28,2023-24,2-4 Feet - Tight
1610612750,Minnesota Timberwolves,MIN,82,82,0.382,1410,2663,0.529,0.54,0.352,1354,2455,0.552,0.03,56,208,0.269,2023-24,2-4 Feet - Tight
1610612738,Boston Celtics,BOS,81,81,0.36,1400,2628,0.533,0.559,0.297,1262,2172,0.581,0.062,138,456,0.303,2023-24,2-4 Feet - Tight
1610612753,Orlando Magic,ORL,82,82,0.377,1408,2621,0.537,0.546,0.35,1362,2436,0.559,0.027,46,185,0.249,2023-24,2-4 Feet - Tight
1610612742,Dallas Mavericks,DAL,81,81,0.354,1354,2564,0.528,0.551,0.302,1234,2186,0.565,0.052,120,378,0.317,2023-24,2-4 Feet - Tight
1610612749,Milwaukee Bucks,MIL,82,82,0.351,1370,2549,0.537,0.561,0.298,1251,2160,0.579,0.054,119,389,0.306,2023-24,2-4 Feet - Tight
1610612758,Sacramento Kings,SAC,82,82,0.33,1320,2450,0.539,0.552,0.301,1256,2234,0.562,0.029,64,216,0.296,2023-24,2-4 Feet - Tight
1610612760,Oklahoma City Thunder,OKC,82,82,0.322,1324,2356,0.562,0.569,0.306,1290,2239,0.576,0.016,34,117,0.291,2023-24,2-4 Feet - Tight
1610612742,Dallas Mavericks,DAL,81,81,0.327,1045,2366,0.442,0.541,0.139,574,1007,0.57,0.188,471,1359,0.347,2023-24,4-6 Feet - Open
1610612749,Milwaukee Bucks,MIL,82,82,0.311,1026,2259,0.454,0.549,0.144,596,1046,0.57,0.167,430,1213,0.354,2023-24,4-6 Feet - Open
1610612738,Boston Celtics,BOS,81,81,0.308,1042,2247,0.464,0.585,0.115,497,841,0.591,0.193,545,1406,0.388,2023-24,4-6 Feet - Open
1610612752,New York Knicks,NYK,82,82,0.304,965,2195,0.44,0.54,0.133,525,961,0.546,0.171,440,1234,0.357,2023-24,4-6 Feet - Open
1610612744,Golden State Warriors,GSW,81,81,0.297,984,2172,0.453,0.56,0.126,518,922,0.562,0.171,466,1250,0.373,2023-24,4-6 Feet - Open
1610612758,Sacramento Kings,SAC,82,82,0.29,965,2155,0.448,0.542,0.131,558,969,0.576,0.16,407,1186,0.343,2023-24,4-6 Feet - Open
1610612755,Philadelphia 76ers,PHI,81,81,0.297,954,2148,0.444,0.528,0.147,595,1066,0.558,0.15,359,1082,0.332,2023-24,4-6 Feet - Open
1610612745,Houston Rockets,HOU,82,82,0.284,943,2108,0.447,0.542,0.128,544,951,0.572,0.156,399,1157,0.345,2023-24,4-6 Feet - Open
1610612751,Brooklyn Nets,BKN,79,79,0.297,893,2088,0.428,0.525,0.131,485,919,0.528,0.166,408,1169,0.349,2023-24,4-6 Feet - Open
1610612737,Atlanta Hawks,ATL,82,82,0.276,949,2078,0.457,0.555,0.122,542,918,0.59,0.154,407,1160,0.351,2023-24,4-6 Feet - Open
1610612766,Charlotte Hornets,CHA,81,81,0.293,882,2066,0.427,0.511,0.143,533,1008,0.529,0.15,349,1058,0.33,2023-24,4-6 Feet - Open
1610612764,Washington Wizards,WAS,82,82,0.276,881,2059,0.428,0.508,0.129,549,966,0.568,0.146,332,1093,0.304,2023-24,4-6 Feet - Open
1610612747,Los Angeles Lakers,LAL,81,81,0.293,952,2047,0.465,0.556,0.148,578,1037,0.557,0.144,374,1010,0.37,2023-24,4-6 Feet - Open
1610612760,Oklahoma City Thunder,OKC,82,82,0.279,978,2043,0.479,0.553,0.164,676,1201,0.563,0.115,302,842,0.359,2023-24,4-6 Feet - Open
1610612746,LA Clippers,LAC,81,81,0.293,983,2041,0.482,0.576,0.147,596,1025,0.581,0.146,387,1016,0.381,2023-24,4-6 Feet - Open
1610612748,Miami Heat,MIA,81,82,0.294,906,2041,0.444,0.534,0.141,538,974,0.552,0.154,368,1067,0.345,2023-24,4-6 Feet - Open
1610612762,Utah Jazz,UTA,81,81,0.277,900,2017,0.446,0.549,0.114,485,831,0.584,0.163,415,1186,0.35,2023-24,4-6 Feet - Open
1610612739,Cleveland Cavaliers,CLE,82,82,0.279,929,1993,0.466,0.569,0.119,517,853,0.606,0.16,412,1140,0.361,2023-24,4-6 Feet - Open
1610612743,Denver Nuggets,DEN,80,80,0.272,926,1928,0.48,0.562,0.145,610,1028,0.593,0.127,316,900,0.351,2023-24,4-6 Feet - Open
1610612750,Minnesota Timberwolves,MIN,82,82,0.275,894,1917,0.466,0.568,0.129,506,901,0.562,0.146,388,1016,0.382,2023-24,4-6 Feet - Open
1610612754,Indiana Pacers,IND,82,82,0.252,941,1913,0.492,0.563,0.144,669,1090,0.614,0.109,272,823,0.33,2023-24,4-6 Feet - Open
1610612761,Toronto Raptors,TOR,81,81,0.263,848,1911,0.444,0.523,0.131,544,952,0.571,0.132,304,959,0.317,2023-24,4-6 Feet - Open
1610612765,Detroit Pistons,DET,81,81,0.264,899,1879,0.478,0.561,0.144,587,1029,0.57,0.119,312,850,0.367,2023-24,4-6 Feet - Open
1610612763,Memphis Grizzlies,MEM,82,82,0.259,773,1865,0.414,0.517,0.102,392,733,0.535,0.157,381,1132,0.337,2023-24,4-6 Feet - Open
1610612759,San Antonio Spurs,SAS,81,81,0.253,813,1857,0.438,0.522,0.118,502,866,0.58,0.135,311,991,0.314,2023-24,4-6 Feet - Open
1610612757,Portland Trail Blazers,POR,81,81,0.253,800,1832,0.437,0.521,0.128,492,931,0.528,0.124,308,901,0.342,2023-24,4-6 Feet - Open
1610612753,Orlando Magic,ORL,82,82,0.259,814,1802,0.452,0.533,0.133,522,926,0.564,0.126,292,876,0.333,2023-24,4-6 Feet - Open
1610612741,Chicago Bulls,CHI,81,81,0.244,788,1755,0.449,0.523,0.14,529,1008,0.525,0.104,259,747,0.347,2023-24,4-6 Feet - Open
1610612740,New Orleans Pelicans,NOP,81,81,0.24,831,1695,0.49,0.586,0.118,505,834,0.606,0.122,326,861,0.379,2023-24,4-6 Feet - Open
1610612756,Phoenix Suns,PHX,80,81,0.239,837,1641,0.51,0.592,0.132,569,907,0.627,0.107,268,734,0.365,2023-24,4-6 Feet - Open
1610612754,Indiana Pacers,IND,82,82,0.294,998,2225,0.449,0.619,0.044,239,331,0.722,0.25,759,1894,0.401,2023-24,6+ Feet - Wide Open
1610612760,Oklahoma City Thunder,OKC,82,82,0.303,1002,2220,0.451,0.621,0.051,248,376,0.66,0.252,754,1844,0.409,2023-24,6+ Feet - Wide Open
1610612758,Sacramento Kings,SAC,82,82,0.279,880,2069,0.425,0.594,0.038,181,280,0.646,0.241,699,1789,0.391,2023-24,6+ Feet - Wide Open
1610612741,Chicago Bulls,CHI,81,81,0.279,819,2009,0.408,0.562,0.049,198,353,0.561,0.23,621,1656,0.375,2023-24,6+ Feet - Wide Open
1610612763,Memphis Grizzlies,MEM,82,82,0.271,775,1952,0.397,0.561,0.029,135,211,0.64,0.241,640,1741,0.368,2023-24,6+ Feet - Wide Open
1610612759,San Antonio Spurs,SAS,81,81,0.256,755,1880,0.402,0.564,0.032,146,238,0.613,0.224,609,1642,0.371,2023-24,6+ Feet - Wide Open
1610612764,Washington Wizards,WAS,82,82,0.247,800,1841,0.435,0.602,0.035,182,258,0.705,0.212,618,1583,0.39,2023-24,6+ Feet - Wide Open
1610612745,Houston Rockets,HOU,82,82,0.243,754,1803,0.418,0.577,0.04,180,295,0.61,0.203,574,1508,0.381,2023-24,6+ Feet - Wide Open
1610612761,Toronto Raptors,TOR,81,81,0.245,747,1781,0.419,0.585,0.034,156,245,0.637,0.212,591,1536,0.385,2023-24,6+ Feet - Wide Open
1610612738,Boston Celtics,BOS,81,81,0.242,799,1769,0.452,0.636,0.027,146,200,0.73,0.215,653,1569,0.416,2023-24,6+ Feet - Wide Open
1610612749,Milwaukee Bucks,MIL,82,82,0.243,782,1762,0.444,0.613,0.038,185,278,0.665,0.205,597,1484,0.402,2023-24,6+ Feet - Wide Open
1610612757,Portland Trail Blazers,POR,81,81,0.241,685,1747,0.392,0.551,0.03,131,220,0.595,0.211,554,1527,0.363,2023-24,6+ Feet - Wide Open
1610612765,Detroit Pistons,DET,81,81,0.245,678,1743,0.389,0.539,0.038,155,272,0.57,0.207,523,1471,0.356,2023-24,6+ Feet - Wide Open
1610612740,New Orleans Pelicans,NOP,81,81,0.246,757,1739,0.435,0.609,0.032,152,228,0.667,0.214,605,1511,0.4,2023-24,6+ Feet - Wide Open
1610612753,Orlando Magic,ORL,82,82,0.249,720,1732,0.416,0.579,0.034,155,236,0.657,0.215,565,1496,0.378,2023-24,6+ Feet - Wide Open
1610612756,Phoenix Suns,PHX,80,81,0.247,746,1700,0.439,0.616,0.028,144,196,0.735,0.219,602,1504,0.4,2023-24,6+ Feet - Wide Open
1610612750,Minnesota Timberwolves,MIN,82,82,0.243,741,1695,0.437,0.612,0.035,150,246,0.61,0.208,591,1449,0.408,2023-24,6+ Feet - Wide Open
1610612744,Golden State Warriors,GSW,81,81,0.231,750,1692,0.443,0.608,0.039,191,285,0.67,0.192,559,1407,0.397,2023-24,6+ Feet - Wide Open
1610612762,Utah Jazz,UTA,81,81,0.232,690,1690,0.408,0.573,0.027,134,199,0.673,0.205,556,1491,0.373,2023-24,6+ Feet - Wide Open
1610612742,Dallas Mavericks,DAL,81,81,0.232,754,1678,0.449,0.623,0.033,170,240,0.708,0.199,584,1438,0.406,2023-24,6+ Feet - Wide Open
1610612739,Cleveland Cavaliers,CLE,82,82,0.232,731,1659,0.441,0.609,0.035,172,248,0.694,0.198,559,1411,0.396,2023-24,6+ Feet - Wide Open
1610612766,Charlotte Hornets,CHA,81,81,0.231,680,1628,0.418,0.583,0.035,143,250,0.572,0.195,537,1378,0.39,2023-24,6+ Feet - Wide Open
1610612737,Atlanta Hawks,ATL,82,82,0.211,703,1591,0.442,0.616,0.029,148,215,0.688,0.183,555,1376,0.403,2023-24,6+ Feet - Wide Open
1610612743,Denver Nuggets,DEN,80,80,0.222,698,1578,0.442,0.603,0.042,192,297,0.646,0.18,506,1281,0.395,2023-24,6+ Feet - Wide Open
1610612755,Philadelphia 76ers,PHI,81,81,0.216,683,1564,0.437,0.611,0.032,139,229,0.607,0.185,544,1335,0.407,2023-24,6+ Feet - Wide Open
1610612748,Miami Heat,MIA,81,82,0.224,696,1551,0.449,0.621,0.038,163,262,0.622,0.186,533,1289,0.413,2023-24,6+ Feet - Wide Open
1610612751,Brooklyn Nets,BKN,79,79,0.219,676,1539,0.439,0.61,0.032,151,224,0.674,0.187,525,1315,0.399,2023-24,6+ Feet - Wide Open
1610612752,New York Knicks,NYK,82,82,0.212,665,1532,0.434,0.608,0.028,131,204,0.642,0.184,534,1328,0.402,2023-24,6+ Feet - Wide Open
1610612747,Los Angeles Lakers,LAL,81,81,0.217,663,1515,0.438,0.595,0.041,185,286,0.647,0.176,478,1229,0.389,2023-24,6+ Feet - Wide Open
1610612746,LA Clippers,LAC,81,81,0.193,588,1347,0.437,0.598,0.031,153,214,0.715,0.163,435,1133,0.384,2023-24,6+ Feet - Wide Open
1610612745,Houston Rockets,HOU,82,82,0.078,278,598,0.465,0.47,0.077,272,587,0.463,0.001,6,11,0.545,2024-25,0-2 Feet - Very Tight
1610612757,Portland Trail Blazers,POR,82,82,0.08,246,595,0.413,0.417,0.078,242,580,0.417,0.002,4,15,0.267,2024-25,0-2 Feet - Very Tight
1610612761,Toronto Raptors,TOR,82,81,0.078,261,580,0.45,0.451,0.077,260,572,0.455,0.001,1,8,0.125,2024-25,0-2 Feet - Very Tight
1610612743,Denver Nuggets,DEN,82,81,0.08,275,579,0.475,0.478,0.077,271,563,0.481,0.002,4,16,0.25,2024-25,0-2 Feet - Very Tight
1610612765,Detroit Pistons,DET,82,81,0.075,246,555,0.443,0.451,0.071,237,523,0.453,0.004,9,32,0.281,2024-25,0-2 Feet - Very Tight
1610612758,Sacramento Kings,SAC,82,82,0.073,271,536,0.506,0.506,0.071,271,527,0.514,0.001,0,9,0,2024-25,0-2 Feet - Very Tight
1610612762,Utah Jazz,UTA,82,81,0.071,231,513,0.45,0.457,0.068,224,491,0.456,0.003,7,22,0.318,2024-25,0-2 Feet - Very Tight
1610612764,Washington Wizards,WAS,82,82,0.07,223,513,0.435,0.441,0.066,217,487,0.446,0.004,6,26,0.231,2024-25,0-2 Feet - Very Tight
1610612753,Orlando Magic,ORL,82,82,0.072,230,508,0.453,0.453,0.072,230,505,0.455,0,0,3,0,2024-25,0-2 Feet - Very Tight
1610612751,Brooklyn Nets,BKN,82,82,0.072,228,508,0.449,0.454,0.069,223,488,0.457,0.003,5,20,0.25,2024-25,0-2 Feet - Very Tight
1610612741,Chicago Bulls,CHI,82,80,0.067,236,507,0.465,0.467,0.066,234,501,0.467,0.001,2,6,0.333,2024-25,0-2 Feet - Very Tight
1610612766,Charlotte Hornets,CHA,82,82,0.069,225,507,0.444,0.45,0.067,219,491,0.446,0.002,6,16,0.375,2024-25,0-2 Feet - Very Tight
1610612759,San Antonio Spurs,SAS,82,82,0.068,240,504,0.476,0.477,0.068,239,497,0.481,0.001,1,7,0.143,2024-25,0-2 Feet - Very Tight
1610612740,New Orleans Pelicans,NOP,82,81,0.067,214,497,0.431,0.438,0.065,207,477,0.434,0.003,7,20,0.35,2024-25,0-2 Feet - Very Tight
1610612763,Memphis Grizzlies,MEM,81,81,0.065,213,495,0.43,0.431,0.065,212,492,0.431,0,1,3,0.333,2024-25,0-2 Feet - Very Tight
1610612747,Los Angeles Lakers,LAL,82,82,0.07,236,493,0.479,0.482,0.068,233,477,0.488,0.002,3,16,0.188,2024-25,0-2 Feet - Very Tight
1610612739,Cleveland Cavaliers,CLE,82,82,0.066,231,491,0.47,0.481,0.063,221,466,0.474,0.003,10,25,0.4,2024-25,0-2 Feet - Very Tight
1610612744,Golden State Warriors,GSW,82,82,0.066,219,490,0.447,0.453,0.064,213,472,0.451,0.002,6,18,0.333,2024-25,0-2 Feet - Very Tight
1610612755,Philadelphia 76ers,PHI,82,81,0.068,224,486,0.461,0.463,0.067,222,481,0.462,0.001,2,5,0.4,2024-25,0-2 Feet - Very Tight
1610612742,Dallas Mavericks,DAL,82,82,0.067,236,482,0.49,0.491,0.066,235,477,0.493,0.001,1,5,0.2,2024-25,0-2 Feet - Very Tight
1610612737,Atlanta Hawks,ATL,82,81,0.063,229,475,0.482,0.483,0.062,228,467,0.488,0.001,1,8,0.125,2024-25,0-2 Feet - Very Tight
1610612746,LA Clippers,LAC,82,81,0.065,228,461,0.495,0.501,0.063,222,445,0.499,0.002,6,16,0.375,2024-25,0-2 Feet - Very Tight
1610612738,Boston Celtics,BOS,82,81,0.063,222,456,0.487,0.49,0.061,219,445,0.492,0.002,3,11,0.273,2024-25,0-2 Feet - Very Tight
1610612749,Milwaukee Bucks,MIL,82,82,0.064,216,453,0.477,0.481,0.061,212,431,0.492,0.003,4,22,0.182,2024-25,0-2 Feet - Very Tight
1610612752,New York Knicks,NYK,81,80,0.061,200,442,0.452,0.454,0.06,199,432,0.461,0.001,1,10,0.1,2024-25,0-2 Feet - Very Tight
1610612760,Oklahoma City Thunder,OKC,82,82,0.058,200,441,0.454,0.454,0.058,200,438,0.457,0,0,3,0,2024-25,0-2 Feet - Very Tight
1610612748,Miami Heat,MIA,82,82,0.06,196,430,0.456,0.465,0.058,188,415,0.453,0.002,8,15,0.533,2024-25,0-2 Feet - Very Tight
1610612754,Indiana Pacers,IND,82,81,0.055,195,406,0.48,0.483,0.055,193,402,0.48,0.001,2,4,0.5,2024-25,0-2 Feet - Very Tight
1610612750,Minnesota Timberwolves,MIN,82,82,0.055,188,393,0.478,0.482,0.054,185,386,0.479,0.001,3,7,0.429,2024-25,0-2 Feet - Very Tight
1610612756,Phoenix Suns,PHX,82,81,0.05,151,354,0.427,0.435,0.048,145,341,0.425,0.002,6,13,0.462,2024-25,0-2 Feet - Very Tight
1610612765,Detroit Pistons,DET,82,82,0.438,1633,3223,0.507,0.53,0.372,1480,2734,0.541,0.066,153,489,0.313,2024-25,2-4 Feet - Tight
1610612746,LA Clippers,LAC,82,82,0.449,1578,3175,0.497,0.523,0.373,1413,2635,0.536,0.076,165,540,0.306,2024-25,2-4 Feet - Tight
1610612740,New Orleans Pelicans,NOP,82,82,0.425,1511,3133,0.482,0.497,0.38,1421,2799,0.508,0.045,90,334,0.269,2024-25,2-4 Feet - Tight
1610612742,Dallas Mavericks,DAL,82,82,0.429,1622,3087,0.525,0.545,0.377,1500,2709,0.554,0.053,122,378,0.323,2024-25,2-4 Feet - Tight
1610612745,Houston Rockets,HOU,82,82,0.397,1491,3043,0.49,0.503,0.358,1413,2744,0.515,0.039,78,299,0.261,2024-25,2-4 Feet - Tight
1610612761,Toronto Raptors,TOR,82,82,0.407,1501,3035,0.495,0.501,0.385,1464,2872,0.51,0.022,37,163,0.227,2024-25,2-4 Feet - Tight
1610612737,Atlanta Hawks,ATL,82,82,0.4,1545,3011,0.513,0.524,0.369,1477,2779,0.531,0.031,68,232,0.293,2024-25,2-4 Feet - Tight
1610612743,Denver Nuggets,DEN,82,81,0.41,1670,2985,0.559,0.574,0.373,1585,2716,0.584,0.037,85,269,0.316,2024-25,2-4 Feet - Tight
1610612763,Memphis Grizzlies,MEM,81,82,0.394,1580,2976,0.531,0.537,0.372,1545,2810,0.55,0.022,35,166,0.211,2024-25,2-4 Feet - Tight
1610612748,Miami Heat,MIA,82,82,0.413,1449,2948,0.492,0.516,0.345,1307,2466,0.53,0.068,142,482,0.295,2024-25,2-4 Feet - Tight
1610612762,Utah Jazz,UTA,82,82,0.403,1449,2933,0.494,0.516,0.342,1320,2489,0.53,0.061,129,444,0.291,2024-25,2-4 Feet - Tight
1610612752,New York Knicks,NYK,81,81,0.405,1550,2920,0.531,0.549,0.359,1445,2592,0.557,0.045,105,328,0.32,2024-25,2-4 Feet - Tight
1610612766,Charlotte Hornets,CHA,82,82,0.396,1385,2896,0.478,0.493,0.355,1300,2596,0.501,0.041,85,300,0.283,2024-25,2-4 Feet - Tight
1610612739,Cleveland Cavaliers,CLE,82,82,0.386,1557,2874,0.542,0.557,0.339,1468,2523,0.582,0.047,89,351,0.254,2024-25,2-4 Feet - Tight
1610612757,Portland Trail Blazers,POR,82,82,0.387,1468,2864,0.513,0.524,0.357,1400,2638,0.531,0.031,68,226,0.301,2024-25,2-4 Feet - Tight
1610612758,Sacramento Kings,SAC,82,82,0.386,1551,2849,0.544,0.557,0.356,1480,2632,0.562,0.029,71,217,0.327,2024-25,2-4 Feet - Tight
1610612744,Golden State Warriors,GSW,82,82,0.371,1329,2746,0.484,0.504,0.321,1220,2373,0.514,0.05,109,373,0.292,2024-25,2-4 Feet - Tight
1610612750,Minnesota Timberwolves,MIN,82,82,0.38,1418,2732,0.519,0.537,0.337,1322,2421,0.546,0.043,96,311,0.309,2024-25,2-4 Feet - Tight
1610612764,Washington Wizards,WAS,82,82,0.369,1338,2723,0.491,0.504,0.338,1268,2489,0.509,0.032,70,234,0.299,2024-25,2-4 Feet - Tight
1610612759,San Antonio Spurs,SAS,82,82,0.368,1440,2710,0.531,0.548,0.33,1349,2430,0.555,0.038,91,280,0.325,2024-25,2-4 Feet - Tight
1610612755,Philadelphia 76ers,PHI,82,82,0.378,1382,2707,0.511,0.524,0.339,1308,2429,0.538,0.039,74,278,0.266,2024-25,2-4 Feet - Tight
1610612756,Phoenix Suns,PHX,82,82,0.376,1357,2657,0.511,0.535,0.32,1226,2261,0.542,0.056,131,396,0.331,2024-25,2-4 Feet - Tight
1610612751,Brooklyn Nets,BKN,82,82,0.376,1253,2656,0.472,0.485,0.336,1181,2369,0.499,0.041,72,287,0.251,2024-25,2-4 Feet - Tight
1610612753,Orlando Magic,ORL,82,82,0.371,1327,2607,0.509,0.517,0.341,1287,2400,0.536,0.029,40,207,0.193,2024-25,2-4 Feet - Tight
1610612741,Chicago Bulls,CHI,82,82,0.346,1435,2605,0.551,0.56,0.326,1388,2456,0.565,0.02,47,149,0.315,2024-25,2-4 Feet - Tight
1610612754,Indiana Pacers,IND,82,82,0.348,1357,2547,0.533,0.54,0.328,1322,2405,0.55,0.019,35,142,0.246,2024-25,2-4 Feet - Tight
1610612747,Los Angeles Lakers,LAL,82,82,0.363,1375,2540,0.541,0.558,0.323,1292,2261,0.571,0.04,83,279,0.297,2024-25,2-4 Feet - Tight
1610612738,Boston Celtics,BOS,82,81,0.341,1304,2485,0.525,0.554,0.273,1160,1993,0.582,0.067,144,492,0.293,2024-25,2-4 Feet - Tight
1610612760,Oklahoma City Thunder,OKC,82,82,0.326,1356,2475,0.548,0.556,0.305,1315,2318,0.567,0.021,41,157,0.261,2024-25,2-4 Feet - Tight
1610612749,Milwaukee Bucks,MIL,82,82,0.348,1360,2461,0.553,0.577,0.301,1239,2133,0.581,0.046,121,328,0.369,2024-25,2-4 Feet - Tight
1610612749,Milwaukee Bucks,MIL,82,82,0.346,1103,2448,0.451,0.535,0.181,689,1281,0.538,0.165,414,1167,0.355,2024-25,4-6 Feet - Open
1610612760,Oklahoma City Thunder,OKC,82,82,0.321,1139,2442,0.466,0.551,0.172,728,1309,0.556,0.149,411,1133,0.363,2024-25,4-6 Feet - Open
1610612752,New York Knicks,NYK,81,81,0.334,1109,2411,0.46,0.55,0.162,673,1171,0.575,0.172,436,1240,0.352,2024-25,4-6 Feet - Open
1610612738,Boston Celtics,BOS,82,82,0.323,976,2353,0.415,0.534,0.102,414,746,0.555,0.22,562,1607,0.35,2024-25,4-6 Feet - Open
1610612745,Houston Rockets,HOU,82,82,0.303,994,2319,0.429,0.518,0.143,581,1095,0.531,0.16,413,1224,0.337,2024-25,4-6 Feet - Open
1610612762,Utah Jazz,UTA,82,82,0.314,997,2285,0.436,0.55,0.113,478,820,0.583,0.201,519,1465,0.354,2024-25,4-6 Feet - Open
1610612747,Los Angeles Lakers,LAL,82,82,0.326,1016,2281,0.445,0.542,0.146,576,1025,0.562,0.179,440,1256,0.35,2024-25,4-6 Feet - Open
1610612759,San Antonio Spurs,SAS,82,82,0.31,961,2280,0.421,0.516,0.132,529,970,0.545,0.178,432,1310,0.33,2024-25,4-6 Feet - Open
1610612755,Philadelphia 76ers,PHI,82,82,0.314,928,2247,0.413,0.5,0.139,535,993,0.539,0.175,393,1254,0.313,2024-25,4-6 Feet - Open
1610612739,Cleveland Cavaliers,CLE,82,82,0.297,1035,2209,0.469,0.582,0.115,535,859,0.623,0.181,500,1350,0.37,2024-25,4-6 Feet - Open
1610612744,Golden State Warriors,GSW,82,82,0.298,934,2206,0.423,0.528,0.112,473,829,0.571,0.186,461,1377,0.335,2024-25,4-6 Feet - Open
1610612758,Sacramento Kings,SAC,82,82,0.298,937,2199,0.426,0.508,0.144,576,1067,0.54,0.153,361,1132,0.319,2024-25,4-6 Feet - Open
1610612750,Minnesota Timberwolves,MIN,82,82,0.305,953,2192,0.435,0.542,0.125,482,899,0.536,0.18,471,1293,0.364,2024-25,4-6 Feet - Open
1610612742,Dallas Mavericks,DAL,82,82,0.304,976,2188,0.446,0.543,0.138,551,996,0.553,0.166,425,1192,0.357,2024-25,4-6 Feet - Open
1610612764,Washington Wizards,WAS,82,82,0.296,898,2178,0.412,0.503,0.126,503,926,0.543,0.17,395,1252,0.315,2024-25,4-6 Feet - Open
1610612754,Indiana Pacers,IND,82,82,0.296,1045,2169,0.482,0.553,0.167,736,1226,0.6,0.129,309,943,0.328,2024-25,4-6 Feet - Open
1610612756,Phoenix Suns,PHX,82,82,0.304,1020,2149,0.475,0.557,0.158,666,1118,0.596,0.146,354,1031,0.343,2024-25,4-6 Feet - Open
1610612766,Charlotte Hornets,CHA,82,82,0.294,844,2146,0.393,0.485,0.121,449,886,0.507,0.172,395,1260,0.313,2024-25,4-6 Feet - Open
1610612757,Portland Trail Blazers,POR,82,82,0.289,902,2134,0.423,0.519,0.122,493,901,0.547,0.167,409,1233,0.332,2024-25,4-6 Feet - Open
1610612753,Orlando Magic,ORL,82,82,0.302,865,2123,0.407,0.487,0.14,526,985,0.534,0.162,339,1138,0.298,2024-25,4-6 Feet - Open
1610612751,Brooklyn Nets,BKN,82,82,0.3,879,2116,0.415,0.519,0.11,439,778,0.564,0.19,440,1338,0.329,2024-25,4-6 Feet - Open
1610612765,Detroit Pistons,DET,82,82,0.286,978,2104,0.465,0.563,0.131,566,963,0.588,0.155,412,1141,0.361,2024-25,4-6 Feet - Open
1610612740,New Orleans Pelicans,NOP,82,82,0.283,911,2084,0.437,0.526,0.135,541,991,0.546,0.148,370,1093,0.339,2024-25,4-6 Feet - Open
1610612748,Miami Heat,MIA,82,82,0.291,927,2077,0.446,0.536,0.137,555,978,0.567,0.154,372,1099,0.338,2024-25,4-6 Feet - Open
1610612761,Toronto Raptors,TOR,82,82,0.276,889,2060,0.432,0.512,0.133,556,990,0.562,0.143,333,1070,0.311,2024-25,4-6 Feet - Open
1610612741,Chicago Bulls,CHI,82,82,0.273,892,2058,0.433,0.534,0.115,478,866,0.552,0.158,414,1192,0.347,2024-25,4-6 Feet - Open
1610612746,LA Clippers,LAC,82,82,0.29,982,2052,0.479,0.574,0.144,590,1021,0.578,0.146,392,1031,0.38,2024-25,4-6 Feet - Open
1610612763,Memphis Grizzlies,MEM,81,81,0.266,935,2011,0.465,0.556,0.124,569,938,0.607,0.142,366,1073,0.341,2024-25,4-6 Feet - Open
1610612743,Denver Nuggets,DEN,82,82,0.276,1014,2007,0.505,0.587,0.156,687,1133,0.606,0.12,327,874,0.374,2024-25,4-6 Feet - Open
1610612737,Atlanta Hawks,ATL,82,82,0.263,905,1980,0.457,0.547,0.122,549,920,0.597,0.141,356,1060,0.336,2024-25,4-6 Feet - Open
1610612741,Chicago Bulls,CHI,82,82,0.314,975,2368,0.412,0.581,0.036,173,271,0.638,0.278,802,2097,0.382,2024-25,6+ Feet - Wide Open
1610612760,Oklahoma City Thunder,OKC,82,82,0.295,965,2242,0.43,0.595,0.046,225,351,0.641,0.249,740,1891,0.391,2024-25,6+ Feet - Wide Open
1610612754,Indiana Pacers,IND,82,82,0.301,977,2204,0.443,0.61,0.049,242,359,0.674,0.252,735,1845,0.398,2024-25,6+ Feet - Wide Open
1610612763,Memphis Grizzlies,MEM,81,81,0.275,897,2077,0.432,0.609,0.032,163,245,0.665,0.242,734,1832,0.401,2024-25,6+ Feet - Wide Open
1610612737,Atlanta Hawks,ATL,82,82,0.273,874,2055,0.425,0.591,0.036,193,269,0.717,0.237,681,1786,0.381,2024-25,6+ Feet - Wide Open
1610612738,Boston Celtics,BOS,82,82,0.274,869,2002,0.434,0.618,0.026,132,191,0.691,0.248,737,1811,0.407,2024-25,6+ Feet - Wide Open
1610612744,Golden State Warriors,GSW,82,82,0.265,856,1961,0.437,0.612,0.035,168,257,0.654,0.23,688,1704,0.404,2024-25,6+ Feet - Wide Open
1610612764,Washington Wizards,WAS,82,82,0.265,774,1956,0.396,0.55,0.035,170,258,0.659,0.23,604,1698,0.356,2024-25,6+ Feet - Wide Open
1610612756,Phoenix Suns,PHX,82,82,0.271,852,1914,0.445,0.624,0.034,168,243,0.691,0.236,684,1671,0.409,2024-25,6+ Feet - Wide Open
1610612739,Cleveland Cavaliers,CLE,82,82,0.251,829,1870,0.443,0.632,0.026,125,195,0.641,0.225,704,1675,0.42,2024-25,6+ Feet - Wide Open
1610612759,San Antonio Spurs,SAS,82,82,0.254,785,1868,0.42,0.59,0.03,151,218,0.693,0.224,634,1650,0.384,2024-25,6+ Feet - Wide Open
1610612750,Minnesota Timberwolves,MIN,82,82,0.26,805,1866,0.431,0.609,0.029,142,208,0.683,0.231,663,1658,0.4,2024-25,6+ Feet - Wide Open
1610612757,Portland Trail Blazers,POR,82,82,0.244,709,1803,0.393,0.553,0.025,133,182,0.731,0.219,576,1621,0.355,2024-25,6+ Feet - Wide Open
1610612758,Sacramento Kings,SAC,82,82,0.244,770,1801,0.428,0.594,0.037,170,271,0.627,0.207,600,1530,0.392,2024-25,6+ Feet - Wide Open
1610612753,Orlando Magic,ORL,82,82,0.255,708,1797,0.394,0.545,0.036,166,253,0.656,0.219,542,1544,0.351,2024-25,6+ Feet - Wide Open
1610612761,Toronto Raptors,TOR,82,82,0.239,760,1781,0.427,0.595,0.032,162,237,0.684,0.207,598,1544,0.387,2024-25,6+ Feet - Wide Open
1610612751,Brooklyn Nets,BKN,82,82,0.252,726,1780,0.408,0.575,0.027,130,193,0.674,0.225,596,1587,0.376,2024-25,6+ Feet - Wide Open
1610612766,Charlotte Hornets,CHA,82,82,0.241,688,1759,0.391,0.556,0.026,109,192,0.568,0.214,579,1567,0.369,2024-25,6+ Feet - Wide Open
1610612755,Philadelphia 76ers,PHI,82,82,0.241,719,1727,0.416,0.582,0.03,148,215,0.688,0.211,571,1512,0.378,2024-25,6+ Feet - Wide Open
1610612749,Milwaukee Bucks,MIL,82,82,0.243,766,1720,0.445,0.626,0.033,144,234,0.615,0.21,622,1486,0.419,2024-25,6+ Feet - Wide Open
1610612743,Denver Nuggets,DEN,82,82,0.234,727,1706,0.426,0.589,0.039,173,281,0.616,0.196,554,1425,0.389,2024-25,6+ Feet - Wide Open
1610612745,Houston Rockets,HOU,82,82,0.222,721,1699,0.424,0.584,0.039,180,295,0.61,0.183,541,1404,0.385,2024-25,6+ Feet - Wide Open
1610612747,Los Angeles Lakers,LAL,82,82,0.241,729,1690,0.431,0.599,0.037,163,260,0.627,0.204,566,1430,0.396,2024-25,6+ Feet - Wide Open
1610612748,Miami Heat,MIA,82,82,0.236,746,1683,0.443,0.622,0.031,144,219,0.658,0.205,602,1464,0.411,2024-25,6+ Feet - Wide Open
1610612740,New Orleans Pelicans,NOP,82,82,0.224,695,1651,0.421,0.578,0.035,176,259,0.68,0.189,519,1392,0.373,2024-25,6+ Feet - Wide Open
1610612762,Utah Jazz,UTA,82,82,0.212,628,1540,0.408,0.567,0.028,139,205,0.678,0.184,489,1335,0.366,2024-25,6+ Feet - Wide Open
1610612765,Detroit Pistons,DET,82,82,0.2,643,1475,0.436,0.597,0.033,168,240,0.7,0.168,475,1235,0.385,2024-25,6+ Feet - Wide Open
1610612752,New York Knicks,NYK,81,82,0.2,648,1444,0.449,0.613,0.037,173,267,0.648,0.163,475,1177,0.404,2024-25,6+ Feet - Wide Open
1610612742,Dallas Mavericks,DAL,82,82,0.2,609,1436,0.424,0.588,0.029,137,210,0.652,0.17,472,1226,0.385,2024-25,6+ Feet - Wide Open
1610612746,LA Clippers,LAC,82,82,0.196,621,1385,0.448,0.614,0.033,162,234,0.692,0.163,459,1151,0.399,2024-25,6+ Feet - Wide Open
1610612765,Detroit Pistons,DET,14,14,0.085,53,109,0.486,0.486,0.082,53,105,0.505,0.003,0,4,0,2025-26,0-2 Feet - Very Tight
1610612741,Chicago Bulls,CHI,13,13,0.091,54,107,0.505,0.505,0.091,54,107,0.505,0,0,0,NA,2025-26,0-2 Feet - Very Tight
1610612745,Houston Rockets,HOU,12,12,0.096,51,105,0.486,0.49,0.094,50,103,0.485,0.002,1,2,0.5,2025-26,0-2 Feet - Very Tight
1610612764,Washington Wizards,WAS,13,13,0.087,43,102,0.422,0.422,0.085,43,100,0.43,0.002,0,2,0,2025-26,0-2 Feet - Very Tight
1610612757,Portland Trail Blazers,POR,13,13,0.084,51,101,0.505,0.505,0.083,51,100,0.51,0.001,0,1,0,2025-26,0-2 Feet - Very Tight
1610612749,Milwaukee Bucks,MIL,15,15,0.074,53,97,0.546,0.546,0.072,53,95,0.558,0.002,0,2,0,2025-26,0-2 Feet - Very Tight
1610612753,Orlando Magic,ORL,14,14,0.078,35,92,0.38,0.38,0.078,35,92,0.38,0,0,0,NA,2025-26,0-2 Feet - Very Tight
1610612758,Sacramento Kings,SAC,14,14,0.073,37,91,0.407,0.407,0.073,37,91,0.407,0,0,0,NA,2025-26,0-2 Feet - Very Tight
1610612740,New Orleans Pelicans,NOP,14,14,0.074,33,91,0.363,0.368,0.071,32,88,0.364,0.002,1,3,0.333,2025-26,0-2 Feet - Very Tight
1610612743,Denver Nuggets,DEN,13,13,0.077,39,89,0.438,0.444,0.075,38,87,0.437,0.002,1,2,0.5,2025-26,0-2 Feet - Very Tight
1610612744,Golden State Warriors,GSW,15,15,0.068,40,88,0.455,0.46,0.064,39,83,0.47,0.004,1,5,0.2,2025-26,0-2 Feet - Very Tight
1610612754,Indiana Pacers,IND,14,14,0.066,32,87,0.368,0.368,0.065,32,86,0.372,0.001,0,1,0,2025-26,0-2 Feet - Very Tight
1610612748,Miami Heat,MIA,14,14,0.065,43,85,0.506,0.512,0.064,42,83,0.506,0.002,1,2,0.5,2025-26,0-2 Feet - Very Tight
1610612755,Philadelphia 76ers,PHI,13,13,0.072,44,84,0.524,0.524,0.072,44,84,0.524,0,0,0,NA,2025-26,0-2 Feet - Very Tight
1610612746,LA Clippers,LAC,14,14,0.072,39,84,0.464,0.47,0.068,38,80,0.475,0.003,1,4,0.25,2025-26,0-2 Feet - Very Tight
1610612737,Atlanta Hawks,ATL,14,14,0.069,38,84,0.452,0.452,0.068,38,83,0.458,0.001,0,1,0,2025-26,0-2 Feet - Very Tight
1610612761,Toronto Raptors,TOR,14,14,0.067,44,83,0.53,0.53,0.067,44,83,0.53,0,0,0,NA,2025-26,0-2 Feet - Very Tight
1610612739,Cleveland Cavaliers,CLE,15,15,0.06,37,83,0.446,0.452,0.059,36,81,0.444,0.001,1,2,0.5,2025-26,0-2 Feet - Very Tight
1610612762,Utah Jazz,UTA,13,13,0.07,37,83,0.446,0.446,0.067,37,79,0.468,0.003,0,4,0,2025-26,0-2 Feet - Very Tight
1610612750,Minnesota Timberwolves,MIN,14,14,0.067,47,82,0.573,0.579,0.067,46,81,0.568,0.001,1,1,1,2025-26,0-2 Feet - Very Tight
1610612738,Boston Celtics,BOS,14,14,0.06,31,79,0.392,0.405,0.057,29,75,0.387,0.003,2,4,0.5,2025-26,0-2 Feet - Very Tight
1610612766,Charlotte Hornets,CHA,14,14,0.063,38,78,0.487,0.5,0.061,36,75,0.48,0.002,2,3,0.667,2025-26,0-2 Feet - Very Tight
1610612759,San Antonio Spurs,SAS,13,13,0.067,44,75,0.587,0.587,0.066,44,74,0.595,0.001,0,1,0,2025-26,0-2 Feet - Very Tight
1610612747,Los Angeles Lakers,LAL,14,13,0.066,39,75,0.52,0.52,0.062,39,71,0.549,0.004,0,4,0,2025-26,0-2 Feet - Very Tight
1610612742,Dallas Mavericks,DAL,15,15,0.057,33,75,0.44,0.44,0.056,33,73,0.452,0.002,0,2,0,2025-26,0-2 Feet - Very Tight
1610612763,Memphis Grizzlies,MEM,14,14,0.06,29,75,0.387,0.387,0.058,29,73,0.397,0.002,0,2,0,2025-26,0-2 Feet - Very Tight
1610612760,Oklahoma City Thunder,OKC,15,15,0.05,40,68,0.588,0.588,0.049,40,67,0.597,0.001,0,1,0,2025-26,0-2 Feet - Very Tight
1610612751,Brooklyn Nets,BKN,13,13,0.06,26,67,0.388,0.388,0.058,26,65,0.4,0.002,0,2,0,2025-26,0-2 Feet - Very Tight
1610612756,Phoenix Suns,PHX,14,14,0.051,23,64,0.359,0.359,0.05,23,63,0.365,0.001,0,1,0,2025-26,0-2 Feet - Very Tight
1610612752,New York Knicks,NYK,13,13,0.048,31,59,0.525,0.525,0.046,31,56,0.554,0.002,0,3,0,2025-26,0-2 Feet - Very Tight
1610612748,Miami Heat,MIA,14,14,0.43,295,558,0.529,0.544,0.395,278,513,0.542,0.035,17,45,0.378,2025-26,2-4 Feet - Tight
1610612765,Detroit Pistons,DET,14,14,0.433,289,553,0.523,0.542,0.397,267,507,0.527,0.036,22,46,0.478,2025-26,2-4 Feet - Tight
1610612742,Dallas Mavericks,DAL,15,15,0.403,264,529,0.499,0.51,0.372,252,488,0.516,0.031,12,41,0.293,2025-26,2-4 Feet - Tight
1610612761,Toronto Raptors,TOR,14,14,0.417,287,517,0.555,0.561,0.397,281,493,0.57,0.019,6,24,0.25,2025-26,2-4 Feet - Tight
1610612740,New Orleans Pelicans,NOP,14,14,0.417,245,515,0.476,0.484,0.383,236,473,0.499,0.034,9,42,0.214,2025-26,2-4 Feet - Tight
1610612758,Sacramento Kings,SAC,14,14,0.395,256,492,0.52,0.534,0.369,243,459,0.529,0.027,13,33,0.394,2025-26,2-4 Feet - Tight
1610612746,LA Clippers,LAC,14,14,0.42,258,491,0.525,0.547,0.347,237,405,0.585,0.074,21,86,0.244,2025-26,2-4 Feet - Tight
1610612743,Denver Nuggets,DEN,13,13,0.419,278,486,0.572,0.586,0.385,264,446,0.592,0.035,14,40,0.35,2025-26,2-4 Feet - Tight
1610612745,Houston Rockets,HOU,12,12,0.442,247,484,0.51,0.521,0.411,237,451,0.525,0.03,10,33,0.303,2025-26,2-4 Feet - Tight
1610612739,Cleveland Cavaliers,CLE,15,15,0.349,253,482,0.525,0.538,0.311,240,430,0.558,0.038,13,52,0.25,2025-26,2-4 Feet - Tight
1610612752,New York Knicks,NYK,13,13,0.39,224,475,0.472,0.493,0.325,204,395,0.516,0.066,20,80,0.25,2025-26,2-4 Feet - Tight
1610612763,Memphis Grizzlies,MEM,14,14,0.38,224,475,0.472,0.478,0.349,218,436,0.5,0.031,6,39,0.154,2025-26,2-4 Feet - Tight
1610612749,Milwaukee Bucks,MIL,15,15,0.36,258,474,0.544,0.562,0.321,241,423,0.57,0.039,17,51,0.333,2025-26,2-4 Feet - Tight
1610612760,Oklahoma City Thunder,OKC,15,15,0.347,258,474,0.544,0.552,0.331,251,452,0.555,0.016,7,22,0.318,2025-26,2-4 Feet - Tight
1610612737,Atlanta Hawks,ATL,14,14,0.383,263,470,0.56,0.568,0.359,255,440,0.58,0.024,8,30,0.267,2025-26,2-4 Feet - Tight
1610612754,Indiana Pacers,IND,14,14,0.355,222,466,0.476,0.479,0.337,220,442,0.498,0.018,2,24,0.083,2025-26,2-4 Feet - Tight
1610612753,Orlando Magic,ORL,14,14,0.392,265,465,0.57,0.577,0.374,258,443,0.582,0.019,7,22,0.318,2025-26,2-4 Feet - Tight
1610612750,Minnesota Timberwolves,MIN,14,14,0.381,258,464,0.556,0.57,0.348,245,424,0.578,0.033,13,40,0.325,2025-26,2-4 Feet - Tight
1610612741,Chicago Bulls,CHI,13,13,0.387,236,457,0.516,0.522,0.371,231,438,0.527,0.016,5,19,0.263,2025-26,2-4 Feet - Tight
1610612755,Philadelphia 76ers,PHI,13,13,0.389,223,453,0.492,0.507,0.359,210,418,0.502,0.03,13,35,0.371,2025-26,2-4 Feet - Tight
1610612762,Utah Jazz,UTA,13,13,0.381,214,452,0.473,0.485,0.334,204,396,0.515,0.047,10,56,0.179,2025-26,2-4 Feet - Tight
1610612764,Washington Wizards,WAS,13,13,0.381,211,449,0.47,0.483,0.344,199,405,0.491,0.037,12,44,0.273,2025-26,2-4 Feet - Tight
1610612751,Brooklyn Nets,BKN,13,13,0.4,220,448,0.491,0.528,0.31,187,347,0.539,0.09,33,101,0.327,2025-26,2-4 Feet - Tight
1610612766,Charlotte Hornets,CHA,14,14,0.362,223,447,0.499,0.503,0.338,219,418,0.524,0.023,4,29,0.138,2025-26,2-4 Feet - Tight
1610612757,Portland Trail Blazers,POR,13,13,0.357,232,430,0.54,0.551,0.334,222,403,0.551,0.022,10,27,0.37,2025-26,2-4 Feet - Tight
1610612747,Los Angeles Lakers,LAL,14,14,0.371,233,422,0.552,0.569,0.329,219,374,0.586,0.042,14,48,0.292,2025-26,2-4 Feet - Tight
1610612738,Boston Celtics,BOS,14,14,0.32,213,422,0.505,0.521,0.274,199,362,0.55,0.045,14,60,0.233,2025-26,2-4 Feet - Tight
1610612759,San Antonio Spurs,SAS,13,13,0.377,234,421,0.556,0.568,0.346,224,387,0.579,0.03,10,34,0.294,2025-26,2-4 Feet - Tight
1610612756,Phoenix Suns,PHX,14,14,0.334,218,419,0.52,0.535,0.3,206,377,0.546,0.033,12,42,0.286,2025-26,2-4 Feet - Tight
1610612744,Golden State Warriors,GSW,15,15,0.319,201,415,0.484,0.513,0.268,177,348,0.509,0.052,24,67,0.358,2025-26,2-4 Feet - Tight
1610612739,Cleveland Cavaliers,CLE,15,15,0.34,198,470,0.421,0.536,0.106,90,147,0.612,0.234,108,323,0.334,2025-26,4-6 Feet - Open
1610612738,Boston Celtics,BOS,14,14,0.353,199,466,0.427,0.509,0.161,123,213,0.577,0.192,76,253,0.3,2025-26,4-6 Feet - Open
1610612754,Indiana Pacers,IND,14,14,0.323,158,424,0.373,0.447,0.158,95,208,0.457,0.165,63,216,0.292,2025-26,4-6 Feet - Open
1610612742,Dallas Mavericks,DAL,15,15,0.315,188,413,0.455,0.539,0.155,119,204,0.583,0.159,69,209,0.33,2025-26,4-6 Feet - Open
1610612749,Milwaukee Bucks,MIL,15,15,0.312,184,410,0.449,0.555,0.15,97,197,0.492,0.162,87,213,0.408,2025-26,4-6 Feet - Open
1610612752,New York Knicks,NYK,13,13,0.337,180,410,0.439,0.56,0.128,81,156,0.519,0.209,99,254,0.39,2025-26,4-6 Feet - Open
1610612760,Oklahoma City Thunder,OKC,15,15,0.291,194,397,0.489,0.583,0.141,119,193,0.617,0.149,75,204,0.368,2025-26,4-6 Feet - Open
1610612747,Los Angeles Lakers,LAL,14,14,0.343,195,390,0.5,0.569,0.181,141,206,0.684,0.162,54,184,0.293,2025-26,4-6 Feet - Open
1610612758,Sacramento Kings,SAC,14,14,0.308,175,383,0.457,0.546,0.162,107,201,0.532,0.146,68,182,0.374,2025-26,4-6 Feet - Open
1610612756,Phoenix Suns,PHX,14,14,0.303,183,381,0.48,0.572,0.156,113,196,0.577,0.147,70,185,0.378,2025-26,4-6 Feet - Open
1610612744,Golden State Warriors,GSW,15,15,0.291,171,378,0.452,0.552,0.122,96,159,0.604,0.169,75,219,0.342,2025-26,4-6 Feet - Open
1610612755,Philadelphia 76ers,PHI,13,13,0.32,150,373,0.402,0.496,0.132,80,154,0.519,0.188,70,219,0.32,2025-26,4-6 Feet - Open
1610612751,Brooklyn Nets,BKN,13,13,0.331,153,371,0.412,0.512,0.122,79,137,0.577,0.209,74,234,0.316,2025-26,4-6 Feet - Open
1610612762,Utah Jazz,UTA,13,13,0.302,137,358,0.383,0.464,0.12,79,143,0.552,0.181,58,215,0.27,2025-26,4-6 Feet - Open
1610612750,Minnesota Timberwolves,MIN,14,14,0.293,156,357,0.437,0.529,0.133,90,162,0.556,0.16,66,195,0.338,2025-26,4-6 Feet - Open
1610612737,Atlanta Hawks,ATL,14,14,0.289,148,354,0.418,0.49,0.141,97,173,0.561,0.148,51,181,0.282,2025-26,4-6 Feet - Open
1610612764,Washington Wizards,WAS,13,13,0.3,167,353,0.473,0.569,0.14,99,165,0.6,0.16,68,188,0.362,2025-26,4-6 Feet - Open
1610612763,Memphis Grizzlies,MEM,14,14,0.281,145,351,0.413,0.501,0.119,83,149,0.557,0.162,62,202,0.307,2025-26,4-6 Feet - Open
1610612766,Charlotte Hornets,CHA,14,14,0.28,153,346,0.442,0.533,0.121,90,149,0.604,0.16,63,197,0.32,2025-26,4-6 Feet - Open
1610612759,San Antonio Spurs,SAS,13,13,0.297,149,332,0.449,0.544,0.131,86,146,0.589,0.167,63,186,0.339,2025-26,4-6 Feet - Open
1610612748,Miami Heat,MIA,14,14,0.253,148,329,0.45,0.541,0.119,88,154,0.571,0.135,60,175,0.343,2025-26,4-6 Feet - Open
1610612743,Denver Nuggets,DEN,13,13,0.283,162,328,0.494,0.59,0.137,99,159,0.623,0.146,63,169,0.373,2025-26,4-6 Feet - Open
1610612746,LA Clippers,LAC,14,14,0.279,137,326,0.42,0.518,0.118,73,138,0.529,0.161,64,188,0.34,2025-26,4-6 Feet - Open
1610612753,Orlando Magic,ORL,14,14,0.274,138,325,0.425,0.509,0.134,83,159,0.522,0.14,55,166,0.331,2025-26,4-6 Feet - Open
1610612757,Portland Trail Blazers,POR,13,13,0.267,138,322,0.429,0.525,0.11,76,133,0.571,0.157,62,189,0.328,2025-26,4-6 Feet - Open
1610612740,New Orleans Pelicans,NOP,14,14,0.255,141,315,0.448,0.541,0.124,82,153,0.536,0.131,59,162,0.364,2025-26,4-6 Feet - Open
1610612765,Detroit Pistons,DET,14,14,0.24,148,306,0.484,0.564,0.129,99,164,0.604,0.111,49,142,0.345,2025-26,4-6 Feet - Open
1610612761,Toronto Raptors,TOR,14,14,0.239,142,296,0.48,0.571,0.126,88,156,0.564,0.113,54,140,0.386,2025-26,4-6 Feet - Open
1610612745,Houston Rockets,HOU,12,12,0.245,125,268,0.466,0.55,0.136,80,149,0.537,0.109,45,119,0.378,2025-26,4-6 Feet - Open
1610612741,Chicago Bulls,CHI,13,13,0.223,127,263,0.483,0.587,0.102,72,120,0.6,0.121,55,143,0.385,2025-26,4-6 Feet - Open
1610612760,Oklahoma City Thunder,OKC,15,15,0.313,162,427,0.379,0.523,0.048,39,65,0.6,0.265,123,362,0.34,2025-26,6+ Feet - Wide Open
1610612744,Golden State Warriors,GSW,15,15,0.322,178,418,0.426,0.602,0.039,31,51,0.608,0.283,147,367,0.401,2025-26,6+ Feet - Wide Open
1610612756,Phoenix Suns,PHX,14,14,0.312,171,392,0.436,0.61,0.04,35,50,0.7,0.272,136,342,0.398,2025-26,6+ Feet - Wide Open
1610612766,Charlotte Hornets,CHA,14,14,0.295,155,364,0.426,0.61,0.028,21,34,0.618,0.267,134,330,0.406,2025-26,6+ Feet - Wide Open
1610612741,Chicago Bulls,CHI,13,13,0.3,151,355,0.425,0.604,0.032,24,38,0.632,0.268,127,317,0.401,2025-26,6+ Feet - Wide Open
1610612757,Portland Trail Blazers,POR,13,13,0.293,128,353,0.363,0.517,0.027,19,32,0.594,0.266,109,321,0.34,2025-26,6+ Feet - Wide Open
1610612738,Boston Celtics,BOS,14,14,0.267,149,352,0.423,0.592,0.036,30,48,0.625,0.23,119,304,0.391,2025-26,6+ Feet - Wide Open
1610612763,Memphis Grizzlies,MEM,14,14,0.279,139,349,0.398,0.56,0.034,26,42,0.619,0.246,113,307,0.368,2025-26,6+ Feet - Wide Open
1610612739,Cleveland Cavaliers,CLE,15,15,0.251,147,347,0.424,0.592,0.032,30,44,0.682,0.219,117,303,0.386,2025-26,6+ Feet - Wide Open
1610612761,Toronto Raptors,TOR,14,14,0.278,145,345,0.42,0.58,0.04,35,50,0.7,0.238,110,295,0.373,2025-26,6+ Feet - Wide Open
1610612754,Indiana Pacers,IND,14,14,0.256,116,336,0.345,0.484,0.037,23,49,0.469,0.219,93,287,0.324,2025-26,6+ Feet - Wide Open
1610612749,Milwaukee Bucks,MIL,15,15,0.255,158,335,0.472,0.661,0.033,31,44,0.705,0.221,127,291,0.436,2025-26,6+ Feet - Wide Open
1610612748,Miami Heat,MIA,14,14,0.251,148,326,0.454,0.635,0.03,30,39,0.769,0.221,118,287,0.411,2025-26,6+ Feet - Wide Open
1610612737,Atlanta Hawks,ATL,14,14,0.259,145,318,0.456,0.645,0.032,25,39,0.641,0.228,120,279,0.43,2025-26,6+ Feet - Wide Open
1610612750,Minnesota Timberwolves,MIN,14,14,0.259,144,315,0.457,0.638,0.039,30,47,0.638,0.22,114,268,0.425,2025-26,6+ Feet - Wide Open
1610612740,New Orleans Pelicans,NOP,14,14,0.254,126,313,0.403,0.559,0.036,28,45,0.622,0.217,98,268,0.366,2025-26,6+ Feet - Wide Open
1610612765,Detroit Pistons,DET,14,14,0.241,119,308,0.386,0.526,0.038,33,49,0.673,0.203,86,259,0.332,2025-26,6+ Feet - Wide Open
1610612753,Orlando Magic,ORL,14,14,0.256,117,303,0.386,0.538,0.031,25,37,0.676,0.224,92,266,0.346,2025-26,6+ Feet - Wide Open
1610612742,Dallas Mavericks,DAL,15,15,0.225,104,296,0.351,0.48,0.032,28,42,0.667,0.193,76,254,0.299,2025-26,6+ Feet - Wide Open
1610612762,Utah Jazz,UTA,13,13,0.248,138,294,0.469,0.658,0.029,27,35,0.771,0.218,111,259,0.429,2025-26,6+ Feet - Wide Open
1610612759,San Antonio Spurs,SAS,13,13,0.259,129,289,0.446,0.609,0.04,35,45,0.778,0.218,94,244,0.385,2025-26,6+ Feet - Wide Open
1610612758,Sacramento Kings,SAC,14,14,0.223,113,278,0.406,0.556,0.042,30,52,0.577,0.182,83,226,0.367,2025-26,6+ Feet - Wide Open
1610612764,Washington Wizards,WAS,13,13,0.233,119,274,0.434,0.608,0.033,24,39,0.615,0.199,95,235,0.404,2025-26,6+ Feet - Wide Open
1610612752,New York Knicks,NYK,13,13,0.224,124,273,0.454,0.623,0.036,32,44,0.727,0.188,92,229,0.402,2025-26,6+ Feet - Wide Open
1610612746,LA Clippers,LAC,14,14,0.229,118,267,0.442,0.627,0.025,19,29,0.655,0.204,99,238,0.416,2025-26,6+ Feet - Wide Open
1610612743,Denver Nuggets,DEN,13,13,0.221,104,256,0.406,0.564,0.028,23,33,0.697,0.192,81,223,0.363,2025-26,6+ Feet - Wide Open
1610612755,Philadelphia 76ers,PHI,13,13,0.219,126,255,0.494,0.678,0.038,32,44,0.727,0.181,94,211,0.445,2025-26,6+ Feet - Wide Open
1610612747,Los Angeles Lakers,LAL,14,14,0.22,104,250,0.416,0.58,0.033,22,37,0.595,0.187,82,213,0.385,2025-26,6+ Feet - Wide Open
1610612745,Houston Rockets,HOU,12,12,0.218,115,239,0.481,0.688,0.026,16,29,0.552,0.192,99,210,0.471,2025-26,6+ Feet - Wide Open
1610612751,Brooklyn Nets,BKN,13,13,0.21,94,235,0.4,0.555,0.027,21,30,0.7,0.183,73,205,0.356,2025-26,6+ Feet - Wide Open
