TEAM_ID,TEAM_NAME,TEAM_ABBREVIATION,GP,G,FREQ,D_FGM,D_FGA,D_FG_PCT,NORMAL_FG_PCT,PCT_PLUSMINUS,SEASON,DEFENSE_CATEGORY
1610612738,Boston Celtics,BOS,82,82,1,38.26,88.06,0.434,0.46,-0.026,2021-22,Overall
1610612744,Golden State Warriors,GSW,82,82,1,37.94,86.56,0.438,0.461,-0.023,2021-22,Overall
1610612756,Phoenix Suns,PHX,82,82,1,39.22,88.33,0.444,0.459,-0.015,2021-22,Overall
1610612752,New York Knicks,NYK,82,82,1,38.45,85.96,0.447,0.461,-0.014,2021-22,Overall
1610612748,Miami Heat,MIA,82,82,1,37.54,83.96,0.447,0.46,-0.013,2021-22,Overall
1610612746,LA Clippers,LAC,82,82,1,40.77,90.62,0.45,0.461,-0.011,2021-22,Overall
1610612739,Cleveland Cavaliers,CLE,82,82,1,39.46,87.22,0.452,0.46,-0.008,2021-22,Overall
1610612751,Brooklyn Nets,BKN,82,82,1,40.73,90.18,0.452,0.459,-0.007,2021-22,Overall
1610612762,Utah Jazz,UTA,82,82,1,40.41,89.24,0.453,0.46,-0.007,2021-22,Overall
1610612763,Memphis Grizzlies,MEM,82,82,1,40.29,88.63,0.455,0.461,-0.006,2021-22,Overall
1610612760,Oklahoma City Thunder,OKC,82,82,1,41.44,90.5,0.458,0.462,-0.004,2021-22,Overall
1610612742,Dallas Mavericks,DAL,82,82,1,39,85.38,0.457,0.46,-0.004,2021-22,Overall
1610612749,Milwaukee Bucks,MIL,82,82,1,41.35,90.62,0.456,0.46,-0.004,2021-22,Overall
1610612753,Orlando Magic,ORL,82,82,1,40.77,88.96,0.458,0.461,-0.003,2021-22,Overall
1610612755,Philadelphia 76ers,PHI,82,82,1,39.67,86.55,0.458,0.46,-0.001,2021-22,Overall
1610612750,Minnesota Timberwolves,MIN,82,82,1,40.22,87.35,0.46,0.461,0,2021-22,Overall
1610612761,Toronto Raptors,TOR,82,82,1,38.99,84.38,0.462,0.462,0,2021-22,Overall
1610612764,Washington Wizards,WAS,82,82,1,41.27,88.85,0.464,0.459,0.005,2021-22,Overall
1610612759,San Antonio Spurs,SAS,82,82,1,42.45,91.15,0.466,0.461,0.005,2021-22,Overall
1610612766,Charlotte Hornets,CHA,82,82,1,41.84,89.78,0.466,0.46,0.006,2021-22,Overall
1610612743,Denver Nuggets,DEN,82,82,1,41.05,87.39,0.47,0.459,0.01,2021-22,Overall
1610612740,New Orleans Pelicans,NOP,82,82,1,40.26,85.48,0.471,0.461,0.01,2021-22,Overall
1610612747,Los Angeles Lakers,LAL,82,82,1,42.57,90.54,0.47,0.46,0.01,2021-22,Overall
1610612737,Atlanta Hawks,ATL,82,82,1,41.89,88.95,0.471,0.46,0.011,2021-22,Overall
1610612765,Detroit Pistons,DET,82,82,1,40.65,85.98,0.473,0.462,0.011,2021-22,Overall
1610612741,Chicago Bulls,CHI,82,82,1,41.43,87.41,0.474,0.459,0.015,2021-22,Overall
1610612757,Portland Trail Blazers,POR,82,82,1,41.13,85.91,0.479,0.462,0.017,2021-22,Overall
1610612758,Sacramento Kings,SAC,82,82,1,43.28,90.22,0.48,0.461,0.019,2021-22,Overall
1610612745,Houston Rockets,HOU,82,82,1,43.44,89.91,0.483,0.461,0.022,2021-22,Overall
1610612754,Indiana Pacers,IND,82,82,1,42.5,87.95,0.483,0.46,0.023,2021-22,Overall
1610612763,Memphis Grizzlies,MEM,82,82,1,40.73,89.82,0.453,0.474,-0.021,2022-23,Overall
1610612749,Milwaukee Bucks,MIL,82,82,1,42.48,93.22,0.456,0.474,-0.018,2022-23,Overall
1610612752,New York Knicks,NYK,82,82,1,40.77,88.16,0.462,0.474,-0.012,2022-23,Overall
1610612751,Brooklyn Nets,BKN,82,82,1,40.98,88.5,0.463,0.473,-0.01,2022-23,Overall
1610612756,Phoenix Suns,PHX,82,82,1,40,85.9,0.466,0.475,-0.01,2022-23,Overall
1610612738,Boston Celtics,BOS,82,82,1,41.77,90.17,0.463,0.473,-0.01,2022-23,Overall
1610612741,Chicago Bulls,CHI,82,82,1,40.72,87.1,0.468,0.473,-0.006,2022-23,Overall
1610612744,Golden State Warriors,GSW,82,82,1,42.41,90.52,0.469,0.475,-0.006,2022-23,Overall
1610612747,Los Angeles Lakers,LAL,82,82,1,43.99,93.88,0.469,0.475,-0.006,2022-23,Overall
1610612739,Cleveland Cavaliers,CLE,82,82,1,39.04,83.5,0.468,0.473,-0.005,2022-23,Overall
1610612750,Minnesota Timberwolves,MIN,82,82,1,41.8,88.74,0.471,0.474,-0.003,2022-23,Overall
1610612762,Utah Jazz,UTA,82,82,1,43.35,91.66,0.473,0.475,-0.002,2022-23,Overall
1610612746,LA Clippers,LAC,82,82,1,41.83,88.33,0.474,0.474,-0.001,2022-23,Overall
1610612760,Oklahoma City Thunder,OKC,82,82,1,41.91,88.44,0.474,0.475,-0.001,2022-23,Overall
1610612755,Philadelphia 76ers,PHI,82,82,1,40.39,85.43,0.473,0.474,-0.001,2022-23,Overall
1610612740,New Orleans Pelicans,NOP,82,82,1,40.94,86.65,0.472,0.474,-0.001,2022-23,Overall
1610612764,Washington Wizards,WAS,82,82,1,42.45,89.78,0.473,0.473,0,2022-23,Overall
1610612753,Orlando Magic,ORL,82,82,1,41.33,86.91,0.476,0.474,0.002,2022-23,Overall
1610612766,Charlotte Hornets,CHA,82,82,1,42.95,90.13,0.477,0.475,0.002,2022-23,Overall
1610612743,Denver Nuggets,DEN,82,82,1,41.74,87.38,0.478,0.473,0.004,2022-23,Overall
1610612745,Houston Rockets,HOU,82,82,1,42.44,88.11,0.482,0.476,0.006,2022-23,Overall
1610612748,Miami Heat,MIA,82,82,1,40.1,83.2,0.482,0.474,0.008,2022-23,Overall
1610612742,Dallas Mavericks,DAL,82,82,1,41.77,86.16,0.485,0.475,0.01,2022-23,Overall
1610612754,Indiana Pacers,IND,82,82,1,43.28,89.3,0.485,0.474,0.011,2022-23,Overall
1610612737,Atlanta Hawks,ATL,82,82,1,43.8,90.22,0.486,0.473,0.012,2022-23,Overall
1610612765,Detroit Pistons,DET,82,82,1,43.09,88.07,0.489,0.474,0.015,2022-23,Overall
1610612757,Portland Trail Blazers,POR,82,82,1,42.95,87.51,0.491,0.475,0.016,2022-23,Overall
1610612761,Toronto Raptors,TOR,82,82,1,40.39,82.34,0.491,0.474,0.016,2022-23,Overall
1610612758,Sacramento Kings,SAC,82,82,1,43.77,88.88,0.492,0.474,0.019,2022-23,Overall
1610612759,San Antonio Spurs,SAS,82,82,1,46.1,90.98,0.507,0.475,0.032,2022-23,Overall
1610612750,Minnesota Timberwolves,MIN,82,82,1,39,86.73,0.45,0.473,-0.023,2023-24,Overall
1610612738,Boston Celtics,BOS,82,82,1,41.49,91.57,0.453,0.473,-0.019,2023-24,Overall
1610612760,Oklahoma City Thunder,OKC,82,82,1,40.59,89.28,0.455,0.472,-0.018,2023-24,Overall
1610612745,Houston Rockets,HOU,82,82,1,40.66,87.82,0.463,0.474,-0.011,2023-24,Overall
1610612743,Denver Nuggets,DEN,81,81,1,40.59,87.89,0.462,0.472,-0.01,2023-24,Overall
1610612740,New Orleans Pelicans,NOP,82,82,1,40.16,86.71,0.463,0.473,-0.01,2023-24,Overall
1610612756,Phoenix Suns,PHX,82,82,1,42,90.59,0.464,0.473,-0.009,2023-24,Overall
1610612739,Cleveland Cavaliers,CLE,82,82,1,40.52,87.51,0.463,0.472,-0.009,2023-24,Overall
1610612744,Golden State Warriors,GSW,82,82,1,42.11,90.43,0.466,0.474,-0.008,2023-24,Overall
1610612748,Miami Heat,MIA,82,82,1,40.21,86.05,0.467,0.472,-0.005,2023-24,Overall
1610612746,LA Clippers,LAC,82,82,1,41.61,88.84,0.468,0.473,-0.004,2023-24,Overall
1610612755,Philadelphia 76ers,PHI,82,82,1,40.43,86.35,0.468,0.472,-0.004,2023-24,Overall
1610612751,Brooklyn Nets,BKN,81,81,1,41.49,88.35,0.47,0.473,-0.003,2023-24,Overall
1610612752,New York Knicks,NYK,82,82,1,40.29,85.67,0.47,0.473,-0.003,2023-24,Overall
1610612749,Milwaukee Bucks,MIL,82,82,1,43.21,91.91,0.47,0.473,-0.003,2023-24,Overall
1610612763,Memphis Grizzlies,MEM,82,82,1,41.23,86.91,0.474,0.475,0,2023-24,Overall
1610612741,Chicago Bulls,CHI,82,82,1,41,86.65,0.473,0.473,0,2023-24,Overall
1610612747,Los Angeles Lakers,LAL,82,82,1,44.17,93.17,0.474,0.473,0.001,2023-24,Overall
1610612753,Orlando Magic,ORL,82,82,1,39.8,83.95,0.474,0.472,0.002,2023-24,Overall
1610612742,Dallas Mavericks,DAL,82,82,1,42.95,90.39,0.475,0.472,0.003,2023-24,Overall
1610612758,Sacramento Kings,SAC,82,82,1,41.63,86.76,0.48,0.475,0.005,2023-24,Overall
1610612762,Utah Jazz,UTA,82,82,1,44.52,91.51,0.487,0.474,0.013,2023-24,Overall
1610612759,San Antonio Spurs,SAS,82,82,1,44.93,92.29,0.487,0.474,0.013,2023-24,Overall
1610612757,Portland Trail Blazers,POR,82,82,1,42.5,86.63,0.491,0.475,0.016,2023-24,Overall
1610612765,Detroit Pistons,DET,82,82,1,43.63,89.04,0.49,0.473,0.017,2023-24,Overall
1610612761,Toronto Raptors,TOR,82,82,1,44.74,91.17,0.491,0.473,0.018,2023-24,Overall
1610612737,Atlanta Hawks,ATL,82,82,1,44.62,90.17,0.495,0.473,0.022,2023-24,Overall
1610612766,Charlotte Hornets,CHA,82,82,1,43.35,87.67,0.495,0.473,0.022,2023-24,Overall
1610612764,Washington Wizards,WAS,82,82,1,46.06,92.89,0.496,0.472,0.024,2023-24,Overall
1610612754,Indiana Pacers,IND,82,82,1,44.55,89.77,0.496,0.472,0.025,2023-24,Overall
1610612760,Oklahoma City Thunder,OKC,82,82,1,37.87,86.89,0.436,0.466,-0.03,2024-25,Overall
1610612738,Boston Celtics,BOS,82,82,1,40.23,89.35,0.45,0.465,-0.014,2024-25,Overall
1610612739,Cleveland Cavaliers,CLE,82,82,1,41.24,90.89,0.454,0.464,-0.01,2024-25,Overall
1610612763,Memphis Grizzlies,MEM,82,82,1,41.34,90.66,0.456,0.465,-0.009,2024-25,Overall
1610612745,Houston Rockets,HOU,82,82,1,40.51,88.34,0.459,0.467,-0.008,2024-25,Overall
1610612749,Milwaukee Bucks,MIL,82,82,1,41.57,91.05,0.457,0.465,-0.008,2024-25,Overall
1610612750,Minnesota Timberwolves,MIN,82,82,1,40.45,87.91,0.46,0.467,-0.007,2024-25,Overall
1610612746,LA Clippers,LAC,82,82,1,39.48,85.7,0.461,0.466,-0.006,2024-25,Overall
1610612765,Detroit Pistons,DET,82,82,1,40.52,87.84,0.461,0.465,-0.004,2024-25,Overall
1610612747,Los Angeles Lakers,LAL,82,82,1,41.37,89.24,0.464,0.466,-0.003,2024-25,Overall
1610612744,Golden State Warriors,GSW,82,82,1,40.43,86.89,0.465,0.467,-0.002,2024-25,Overall
1610612743,Denver Nuggets,DEN,82,82,1,43.34,93.02,0.466,0.466,0,2024-25,Overall
1610612748,Miami Heat,MIA,82,82,1,41.24,88.54,0.466,0.464,0.001,2024-25,Overall
1610612761,Toronto Raptors,TOR,82,82,1,41.11,88.22,0.466,0.465,0.001,2024-25,Overall
1610612753,Orlando Magic,ORL,82,82,1,38.1,81.44,0.468,0.465,0.002,2024-25,Overall
1610612741,Chicago Bulls,CHI,82,82,1,44.38,94.95,0.467,0.465,0.002,2024-25,Overall
1610612766,Charlotte Hornets,CHA,82,82,1,41.52,88.88,0.467,0.466,0.002,2024-25,Overall
1610612757,Portland Trail Blazers,POR,82,82,1,41.59,88.27,0.471,0.468,0.004,2024-25,Overall
1610612742,Dallas Mavericks,DAL,82,82,1,43.02,91.65,0.469,0.466,0.004,2024-25,Overall
1610612764,Washington Wizards,WAS,82,82,1,43.66,92.74,0.471,0.466,0.005,2024-25,Overall
1610612756,Phoenix Suns,PHX,82,82,1,42.59,90.02,0.473,0.466,0.007,2024-25,Overall
1610612759,San Antonio Spurs,SAS,82,82,1,43.83,92.46,0.474,0.467,0.007,2024-25,Overall
1610612758,Sacramento Kings,SAC,82,82,1,41.56,87.72,0.474,0.466,0.008,2024-25,Overall
1610612754,Indiana Pacers,IND,82,82,1,42.57,89.84,0.474,0.464,0.01,2024-25,Overall
1610612752,New York Knicks,NYK,82,82,1,41,86.39,0.475,0.464,0.011,2024-25,Overall
1610612762,Utah Jazz,UTA,82,82,1,44.54,92.91,0.479,0.468,0.012,2024-25,Overall
1610612751,Brooklyn Nets,BKN,82,82,1,40.4,84.17,0.48,0.466,0.014,2024-25,Overall
1610612740,New Orleans Pelicans,NOP,82,82,1,43.71,90.44,0.483,0.468,0.016,2024-25,Overall
1610612737,Atlanta Hawks,ATL,82,82,1,43.38,90.12,0.481,0.465,0.017,2024-25,Overall
1610612755,Philadelphia 76ers,PHI,82,82,1,42.35,86.77,0.488,0.465,0.023,2024-25,Overall
1610612760,Oklahoma City Thunder,OKC,15,15,1,36.73,87.13,0.422,0.458,-0.036,2025-26,Overall
1610612748,Miami Heat,MIA,14,14,1,43,97.93,0.439,0.468,-0.029,2025-26,Overall
1610612738,Boston Celtics,BOS,15,15,1,36.2,83.33,0.434,0.46,-0.026,2025-26,Overall
1610612759,San Antonio Spurs,SAS,13,13,1,38.92,87.08,0.447,0.467,-0.02,2025-26,Overall
1610612765,Detroit Pistons,DET,14,14,1,37.43,85.86,0.436,0.456,-0.02,2025-26,Overall
1610612743,Denver Nuggets,DEN,13,13,1,40.54,90.08,0.45,0.466,-0.015,2025-26,Overall
1610612737,Atlanta Hawks,ATL,14,14,1,40.79,90.07,0.453,0.468,-0.015,2025-26,Overall
1610612742,Dallas Mavericks,DAL,15,15,1,42.8,93.93,0.456,0.468,-0.013,2025-26,Overall
1610612750,Minnesota Timberwolves,MIN,14,14,1,40.21,88.93,0.452,0.463,-0.011,2025-26,Overall
1610612745,Houston Rockets,HOU,12,12,1,40.92,89.83,0.455,0.467,-0.011,2025-26,Overall
1610612739,Cleveland Cavaliers,CLE,15,15,1,40.87,88.33,0.463,0.474,-0.011,2025-26,Overall
1610612755,Philadelphia 76ers,PHI,13,13,1,42,91.08,0.461,0.465,-0.004,2025-26,Overall
1610612761,Toronto Raptors,TOR,14,14,1,40.29,87,0.463,0.466,-0.002,2025-26,Overall
1610612753,Orlando Magic,ORL,15,15,1,41.33,88.47,0.467,0.467,0,2025-26,Overall
1610612741,Chicago Bulls,CHI,13,13,1,44.62,94.15,0.474,0.474,0,2025-26,Overall
1610612746,LA Clippers,LAC,14,14,1,41.43,88.29,0.469,0.467,0.003,2025-26,Overall
1610612752,New York Knicks,NYK,13,13,1,40.85,86,0.475,0.472,0.003,2025-26,Overall
1610612762,Utah Jazz,UTA,13,13,1,43.92,92.77,0.473,0.469,0.005,2025-26,Overall
1610612747,Los Angeles Lakers,LAL,14,14,1,40.64,85.29,0.477,0.471,0.005,2025-26,Overall
1610612749,Milwaukee Bucks,MIL,15,15,1,41.73,88.27,0.473,0.467,0.006,2025-26,Overall
1610612744,Golden State Warriors,GSW,16,16,1,41.63,87.56,0.475,0.468,0.007,2025-26,Overall
1610612756,Phoenix Suns,PHX,14,14,1,40.64,86.71,0.469,0.459,0.009,2025-26,Overall
1610612757,Portland Trail Blazers,POR,13,13,1,42.38,87.15,0.486,0.476,0.01,2025-26,Overall
1610612764,Washington Wizards,WAS,13,13,1,46.23,96.08,0.481,0.466,0.015,2025-26,Overall
1610612763,Memphis Grizzlies,MEM,14,14,1,43.79,90.57,0.483,0.466,0.017,2025-26,Overall
1610612754,Indiana Pacers,IND,14,14,1,43.5,89,0.489,0.47,0.018,2025-26,Overall
1610612766,Charlotte Hornets,CHA,14,14,1,44.57,89.5,0.498,0.476,0.022,2025-26,Overall
1610612758,Sacramento Kings,SAC,14,14,1,45.36,88.86,0.51,0.485,0.025,2025-26,Overall
1610612740,New Orleans Pelicans,NOP,14,14,1,43.86,87.36,0.502,0.472,0.03,2025-26,Overall
1610612751,Brooklyn Nets,BKN,14,14,1,43.64,85.86,0.508,0.469,0.039,2025-26,Overall
