SEASON,PLAYER_ID,PLAYER_NAME,TEAM_ABBREVIATION,GP,MPG,OFF_RATING,DEF_RATING,NET_RATING,USG_PCT
2024-25,1630639,A.J. Lawson,TOR,26,18.7,109.7,111.1,-1.3999999999999915,18.9
2024-25,1631260,AJ Green,MIL,73,22.7,114,107.6,6.400000000000006,12.3
2024-25,1642358,AJ Johnson,WAS,29,22,104.1,115.6,-11.5,17.299999999999997
2024-25,203932,Aaron Gordon,DEN,51,28.4,122.5,113,9.5,18.6
2024-25,1628988,Aaron Holiday,HOU,62,12.8,110.3,103.6,6.700000000000003,16.2
2024-25,1630174,Aaron Nesmith,IND,45,24.9,120.1,111.5,8.599999999999994,17.1
2024-25,1630598,Aaron Wiggins,OKC,76,22.9,120.7,106.6,14.100000000000009,20
2024-25,1641737,Adem Bona,PHI,58,15.6,107.4,114,-6.599999999999994,13.5
2024-25,1642349,Ajay Mitchell,OKC,36,16.6,110,100.2,9.799999999999997,15.9
2024-25,201143,Al Horford,BOS,60,27.6,119.6,108.1,11.5,13.600000000000001
2024-25,202692,Alec Burks,MIA,49,17.6,113.5,107.6,5.900000000000006,16
2024-25,1627936,Alex Caruso,OKC,54,19.3,117.5,102.5,15,14.7
2024-25,1642024,Alex Reese,PHI,15,14.4,117.3,111.8,5.5,12.3
2024-25,1642259,Alex Sarr,WAS,67,27.1,102.7,116.4,-13.700000000000003,23
2024-25,1630578,Alperen Sengun,HOU,76,31.5,114.9,107.4,7.5,25.900000000000002
2024-25,1641708,Amen Thompson,HOU,69,32.3,114.2,107.9,6.299999999999997,17.2
2024-25,1629599,Amir Coffey,LAC,72,24.3,109.1,110.6,-1.5,15
2024-25,203083,Andre Drummond,PHI,40,18.8,103.4,118.9,-15.5,18.3
2024-25,1641748,Andre Jackson Jr.,MIL,67,14.6,110.6,112.1,-1.5,11.5
2024-25,1629614,Andrew Nembhard,IND,65,28.9,115.5,110.2,5.299999999999997,16.3
2024-25,203952,Andrew Wiggins,MIA,60,30.7,109.4,111.7,-2.299999999999997,23.799999999999997
2024-25,1629014,Anfernee Simons,POR,70,32.7,108.8,113.4,-4.6000000000000085,24.099999999999998
2024-25,1641710,Anthony Black,ORL,78,24.2,106.2,107.1,-0.8999999999999915,19
2024-25,203076,Anthony Davis,DAL,51,33.4,113.3,112.9,0.3999999999999915,30.099999999999998
2024-25,1630162,Anthony Edwards,MIN,79,36.3,116.2,111.4,4.799999999999997,30.7
2024-25,1641810,Antonio Reeves,NOP,44,15,107.3,117.5,-10.200000000000003,18.3
2024-25,1641709,Ausar Thompson,DET,59,22.5,113.1,109.2,3.8999999999999915,18.5
2024-25,1630559,Austin Reaves,LAL,73,34.9,117.1,113.3,3.799999999999997,23
2024-25,1630245,Ayo Dosunmu,CHI,46,30.3,110.1,117.8,-7.700000000000003,16.3
2024-25,1628389,Bam Adebayo,MIA,78,34.3,110.9,110.8,0.10000000000000853,23.200000000000003
2024-25,1631248,Baylor Scheierman,BOS,31,12.4,109.9,105.8,4.1000000000000085,14.299999999999999
2024-25,1641767,Ben Sheppard,IND,63,19.5,111.2,113.4,-2.200000000000003,10.8
2024-25,1627732,Ben Simmons,LAC,51,22,111.7,113.5,-1.7999999999999972,13.3
2024-25,1631097,Bennedict Mathurin,IND,72,29.9,113.8,112.2,1.5999999999999943,22.2
2024-25,1641731,Bilal Coulibaly,WAS,59,33,104.5,118.3,-13.799999999999997,17.5
2024-25,202687,Bismack Biyombo,SAS,28,18.8,108.7,117.9,-9.200000000000003,12.4
2024-25,1631104,Blake Wesley,SAS,58,11.8,110.2,109.7,0.5,16.5
2024-25,1626171,Bobby Portis,MIL,49,25.4,114.1,110.8,3.299999999999997,23.400000000000002
2024-25,203992,Bogdan Bogdanović,LAC,54,25,112.7,110,2.700000000000003,18.3
2024-25,1629626,Bol Bol,PHX,36,12.5,112.1,115.9,-3.8000000000000114,20.4
2024-25,203078,Bradley Beal,PHX,53,32.1,110.6,118.6,-8,21.9
2024-25,1641764,Brandin Podziemski,GSW,64,26.8,111.6,105.1,6.5,17.7
2024-25,1630527,Brandon Boston,NOP,42,23.6,108.6,114.8,-6.200000000000003,19.900000000000002
2024-25,1629634,Brandon Clarke,MEM,64,18.9,116.5,108.2,8.299999999999997,15
2024-25,1627742,Brandon Ingram,TOR,18,33.1,107,117.7,-10.700000000000003,30.5
2024-25,1641706,Brandon Miller,CHA,27,34.2,106.9,113.8,-6.8999999999999915,27
2024-25,1630314,Brandon Williams,DAL,33,14.8,109.5,108.8,0.7000000000000028,21.8
2024-25,1641729,Brice Sensabaugh,UTA,71,20.2,109.9,119.5,-9.599999999999994,20.8
2024-25,201572,Brook Lopez,MIL,80,31.8,114.8,112.7,2.0999999999999943,15.7
2024-25,1628971,Bruce Brown,NOP,41,22.5,104.8,116.8,-12,16.900000000000002
2024-25,1642267,Bub Carrington,WAS,82,30,102.8,118,-15.200000000000003,15.4
2024-25,1627741,Buddy Hield,GSW,82,22.7,112.3,110.1,2.200000000000003,19.6
2024-25,203468,CJ McCollum,NOP,56,32.7,112.3,119.4,-7.1000000000000085,26.6
2024-25,1630595,Cade Cunningham,DET,70,35,115,112.2,2.799999999999997,32.300000000000004
2024-25,1631216,Caleb Houstan,ORL,58,13.6,104.2,108.2,-4,11.5
2024-25,1628997,Caleb Martin,DAL,45,27.1,106.5,112.8,-6.299999999999997,14.299999999999999
2024-25,1629629,Cam Reddish,LAL,33,17.9,107.6,115.9,-8.300000000000011,8.4
2024-25,1642285,Cam Spencer,MEM,25,10.1,116.4,109.6,6.800000000000011,14.799999999999999
2024-25,1630560,Cam Thomas,BKN,25,31.2,114.9,120.6,-5.699999999999989,32.800000000000004
2024-25,1641715,Cam Whitmore,HOU,51,16.2,113.4,112.3,1.1000000000000085,23.1
2024-25,1629661,Cameron Johnson,BKN,57,31.6,110.9,116.7,-5.799999999999997,22.400000000000002
2024-25,1626166,Cameron Payne,NYK,72,15.1,116.6,107.5,9.099999999999994,20
2024-25,1627747,Caris LeVert,ATL,64,24.9,120.5,113.4,7.099999999999994,19.1
2024-25,1641717,Cason Wallace,OKC,68,27.6,117.2,107.1,10.100000000000009,12.4
2024-25,1629646,Charles Bassey,SAS,36,10.4,101.6,117.5,-15.900000000000006,16.400000000000002
2024-25,1631096,Chet Holmgren,OKC,32,27.4,121.7,105.6,16.10000000000001,21.4
2024-25,1628449,Chris Boucher,TOR,50,17.2,113.3,113.5,-0.20000000000000284,20.8
2024-25,101108,Chris Paul,SAS,82,28,114.2,115,-0.7999999999999972,13.700000000000001
2024-25,1631128,Christian Braun,DEN,79,33.9,122.7,114.5,8.200000000000003,15.5
2024-25,1629643,Chuma Okeke,CLE,9,21.9,115.8,122.1,-6.299999999999997,9.3
2024-25,203991,Clint Capela,ATL,55,21.4,108.7,111.5,-2.799999999999997,16
2024-25,1629632,Coby White,CHI,74,33.1,111.5,113.9,-2.4000000000000057,23.7
2024-25,1628998,Cody Martin,PHX,53,22.1,108.1,111.3,-3.200000000000003,14.2
2024-25,1642262,Cody Williams,UTA,50,21.2,103,118.5,-15.5,12.2
2024-25,1641732,Colby Jones,WAS,39,13.2,104.4,114.8,-10.399999999999991,13.8
2024-25,1630175,Cole Anthony,MEM,67,18.4,107.7,109,-1.2999999999999972,23.799999999999997
2024-25,1631306,Cole Swider,IND,10,17,114.2,100.5,13.700000000000003,15.5
2024-25,1630658,Colin Castleton,TOR,26,16.6,106.1,108.2,-2.1000000000000085,12.5
2024-25,1631221,Collin Gillespie,PHX,33,14,115.6,118.4,-2.8000000000000114,17
2024-25,1629012,Collin Sexton,UTA,63,27.9,110.4,117.9,-7.5,26.400000000000002
2024-25,1630557,Corey Kispert,WAS,61,26.3,108.7,117.1,-8.399999999999991,16.900000000000002
2024-25,202709,Cory Joseph,ORL,50,12.2,110.5,106.9,3.5999999999999943,12.6
2024-25,1641854,Craig Porter Jr.,CLE,51,10.1,108.3,113.5,-5.200000000000003,15.5
2024-25,1626156,D'Angelo Russell,BKN,58,25.5,110.1,111.6,-1.5,22.8
2024-25,1629610,DaQuan Jeffries,CHA,47,22.8,106.6,118.2,-11.600000000000009,13.600000000000001
2024-25,1631342,Daeqwon Plowden,ATL,6,11.9,104,84.2,19.799999999999997,18.099999999999998
2024-25,1630625,Dalano Banton,POR,67,16.7,110.2,111.8,-1.5999999999999943,23.7
2024-25,1631207,Dalen Terry,CHI,73,13.5,104,111.6,-7.599999999999994,14.2
2024-25,1642261,Dalton Knecht,LAL,78,19.2,112.2,114.9,-2.700000000000003,18.099999999999998
2024-25,203081,Damian Lillard,MIL,58,36.1,115.3,114.6,0.7000000000000028,26.900000000000002
2024-25,1641878,Damion Baugh,CHA,15,24.7,99.5,121.8,-22.299999999999997,18.6
2024-25,1629655,Daniel Gafford,DAL,57,21.5,114.9,113.4,1.5,18.6
2024-25,1628464,Daniel Theis,NOP,38,16.3,109.3,115.2,-5.900000000000006,11.1
2024-25,203957,Danté Exum,DAL,20,18.6,109.3,115.2,-5.900000000000006,19.3
2024-25,203967,Dario Šarić,DEN,16,13.1,97.3,108.7,-11.400000000000006,15.7
2024-25,1641727,Dariq Whitehead,BKN,20,12.3,98.7,109.7,-11,18.9
2024-25,1629636,Darius Garland,CLE,75,30.7,123.2,113.4,9.799999999999997,26.5
2024-25,1631223,David Roddy,HOU,33,12.4,106.4,114.6,-8.199999999999989,15.9
2024-25,1630558,Davion Mitchell,MIA,74,27.4,111,110.7,0.29999999999999716,13.5
2024-25,1630549,Day'Ron Sharpe,BKN,50,18.1,109.2,107.1,2.1000000000000085,18.6
2024-25,1628368,De'Aaron Fox,SAS,62,36.1,113.7,114.9,-1.2000000000000028,27.400000000000002
2024-25,1629631,De'Andre Hunter,CLE,64,27.2,115.9,113.9,2,22.1
2024-25,1629001,De'Anthony Melton,BKN,6,20.2,108.3,97.4,10.899999999999991,22.3
2024-25,201599,DeAndre Jordan,DEN,56,12.3,108.8,112.1,-3.299999999999997,12.6
2024-25,201942,DeMar DeRozan,SAC,77,35.9,116.8,115.3,1.5,24.4
2024-25,1629731,Dean Wade,CLE,59,21.2,120,109.4,10.599999999999994,10.100000000000001
2024-25,1629028,Deandre Ayton,POR,40,30.1,110,116.8,-6.799999999999997,19.7
2024-25,1627749,Dejounte Murray,NOP,31,32.6,109,118.1,-9.099999999999994,26.3
2024-25,1626153,Delon Wright,NYK,40,15.9,106.1,106.3,-0.20000000000000284,11.1
2024-25,1630166,Deni Avdija,POR,72,30,113.6,114.5,-0.9000000000000057,22.8
2024-25,203471,Dennis Schröder,DET,75,28.1,111.8,112.8,-1,21.099999999999998
2024-25,1641726,Dereck Lively II,DAL,36,23.1,114.1,106.4,7.699999999999989,13.200000000000001
2024-25,1627884,Derrick Jones Jr.,LAC,77,24.3,115.5,108.7,6.799999999999997,16
2024-25,1628401,Derrick White,BOS,76,33.9,119.7,109.5,10.200000000000003,19.5
2024-25,1630217,Desmond Bane,ORL,69,32,116.1,113.3,2.799999999999997,22.7
2024-25,1626164,Devin Booker,PHX,75,37.3,115.3,118.5,-3.200000000000003,28.499999999999996
2024-25,1642269,Devin Carter,SAC,36,11,113.1,109.3,3.799999999999997,16.900000000000002
2024-25,1630170,Devin Vassell,SAS,64,31,111.9,118.1,-6.199999999999989,21.7
2024-25,1628415,Dillon Brooks,HOU,75,31.8,113.5,108.8,4.700000000000003,17.599999999999998
2024-25,1641794,Dillon Jones,OKC,54,10.2,108.9,102.9,6,13.100000000000001
2024-25,1627734,Domantas Sabonis,SAC,70,34.7,116.5,113.9,2.5999999999999943,21.3
2024-25,1631230,Dominick Barlow,ATL,35,10.7,110.2,111.8,-1.5999999999999943,14.099999999999998
2024-25,1642270,Donovan Clingan,POR,67,19.8,109.9,109.7,0.20000000000000284,13.5
2024-25,1628378,Donovan Mitchell,CLE,71,31.4,119.7,109.1,10.600000000000009,29.799999999999997
2024-25,1628978,Donte DiVincenzo,MIN,62,25.9,114.2,109.1,5.1000000000000085,18.8
2024-25,1627827,Dorian Finney-Smith,LAL,63,28.9,119.1,110.3,8.799999999999997,12.3
2024-25,203110,Draymond Green,GSW,68,29.2,115.4,108.8,6.6000000000000085,15.7
2024-25,1629234,Drew Eubanks,LAC,61,12.2,106.7,114.8,-8.099999999999994,14.899999999999999
2024-25,1631166,Drew Timme,BKN,9,28.2,102.8,115.5,-12.700000000000003,20.5
2024-25,1630696,Dru Smith,MIA,14,19.2,107.3,100.5,6.799999999999997,13.100000000000001
2024-25,1629130,Duncan Robinson,MIA,74,24.1,110.1,109.9,0.19999999999998863,18.7
2024-25,1641871,Duop Reath,POR,46,10.2,108,114.5,-6.5,16.2
2024-25,203939,Dwight Powell,DAL,55,10,108.6,109.7,-1.1000000000000085,7.3
2024-25,1630700,Dyson Daniels,ATL,76,33.8,113.3,114.2,-0.9000000000000057,17.8
2024-25,203901,Elfrid Payton,NOP,24,21.3,99.7,113.1,-13.399999999999991,15.1
2024-25,1641989,Elijah Harkless,UTA,10,13.8,113.2,103.5,9.700000000000003,12
2024-25,201569,Eric Gordon,PHI,39,19.7,111,116.4,-5.400000000000006,14.000000000000002
2024-25,1630596,Evan Mobley,CLE,71,30.5,120.5,108.6,11.900000000000006,22.6
2024-25,1630532,Franz Wagner,ORL,60,33.7,111.8,105.8,6,30.599999999999998
2024-25,1627832,Fred VanVleet,HOU,60,35.2,115,108.8,6.200000000000003,17.599999999999998
2024-25,1641713,GG Jackson,MEM,29,15.8,112.7,118.6,-5.8999999999999915,21.9
2024-25,1629216,Gabe Vincent,LAL,72,21.2,111.8,110.7,1.0999999999999943,13.100000000000001
2024-25,1629726,Garrison Mathews,ATL,47,17.6,107.9,111.4,-3.5,15.299999999999999
2024-25,203914,Gary Harris,ORL,48,14.8,110.4,103.2,7.200000000000003,9
2024-25,1627780,Gary Payton II,GSW,62,15,113.5,110.1,3.4000000000000057,15.6
2024-25,1629018,Gary Trent Jr.,MIL,74,25.6,115.9,114,1.9000000000000057,16.8
2024-25,1627777,Georges Niang,ATL,79,21.5,118.7,114.1,4.6000000000000085,17.7
2024-25,203507,Giannis Antetokounmpo,MIL,67,34.2,118.9,111.7,7.200000000000003,34.599999999999994
2024-25,1629048,Goga Bitadze,ORL,70,20.4,110.1,107.4,2.6999999999999886,14.2
2024-25,1641711,Gradey Dick,TOR,54,29.4,110.3,116.1,-5.799999999999997,20.9
2024-25,1629684,Grant Williams,CHA,16,29.9,114.9,113.3,1.6000000000000085,14.6
2024-25,1628960,Grayson Allen,PHX,64,24.1,114.7,118,-3.299999999999997,16.900000000000002
2024-25,1627824,Guerschon Yabusele,PHI,70,27.1,113.5,116.7,-3.200000000000003,16.3
2024-25,1630611,Gui Santos,GSW,56,13.6,117.8,107.3,10.5,12.6
2024-25,203084,Harrison Barnes,SAS,82,27.2,114.5,115.6,-1.0999999999999943,15.7
2024-25,1629312,Haywood Highsmith,MIA,74,24.6,111.8,110.4,1.3999999999999915,11.1
2024-25,1630529,Herbert Jones,NOP,20,32.4,111.8,112.5,-0.7000000000000028,14.6
2024-25,1630193,Immanuel Quickley,TOR,33,27.8,109,110.7,-1.7000000000000028,24.6
2024-25,1630171,Isaac Okoro,CLE,55,19.1,122.1,109.7,12.399999999999991,12.4
2024-25,1642268,Isaiah Collier,UTA,71,25.9,108.3,118.6,-10.299999999999997,18.6
2024-25,1628392,Isaiah Hartenstein,OKC,57,27.9,118.3,105.3,13,16.5
2024-25,1630543,Isaiah Jackson,IND,5,16.8,112.5,107.1,5.400000000000006,16.400000000000002
2024-25,1630198,Isaiah Joe,OKC,74,21.7,119.9,104.1,15.800000000000011,16.6
2024-25,1630600,Isaiah Mobley,PHI,1,17.4,92.7,110,-17.299999999999997,17
2024-25,1630191,Isaiah Stewart,DET,72,19.9,109.1,108.6,0.5,12.1
2024-25,1631209,Isaiah Wong,CHA,20,13.3,100,102.6,-2.5999999999999943,22
2024-25,1627826,Ivica Zubac,LAC,80,32.8,116.5,107.1,9.400000000000006,19.2
2024-25,1630550,JT Thor,WAS,20,12.5,95.3,115.3,-20,13.200000000000001
2024-25,1629630,Ja Morant,MEM,50,30.4,116.4,109.6,6.800000000000011,31.2
2024-25,1642266,Ja'Kobe Walter,TOR,52,21.2,108.6,111.1,-2.5,17.9
2024-25,1631095,Jabari Smith Jr.,HOU,57,30.1,113.4,106.1,7.300000000000011,16
2024-25,1631133,Jabari Walker,POR,60,12.5,108.1,107.6,0.5,15.6
2024-25,1630702,Jaden Hardy,DAL,57,15.9,108.3,111.6,-3.299999999999997,24.4
2024-25,1631093,Jaden Ivey,DET,30,29.9,110.5,114.6,-4.099999999999994,25.6
2024-25,1630183,Jaden McDaniels,MIN,82,31.9,113.9,109.9,4,16
2024-25,203109,Jae Crowder,SAC,9,11.4,101.9,109.2,-7.299999999999997,11.3
2024-25,1630256,Jae'Sean Tate,HOU,52,11.3,111,104.7,6.299999999999997,12.6
2024-25,1631170,Jaime Jaquez Jr.,MIA,66,20.7,107.9,113.9,-6,19.400000000000002
2024-25,1631222,Jake LaRavia,SAC,66,20.4,115,111.2,3.799999999999997,14.000000000000002
2024-25,1627751,Jakob Poeltl,TOR,57,29.6,111.2,111.9,-0.7000000000000028,18.4
2024-25,1628973,Jalen Brunson,NYK,65,35.4,118.3,115.7,2.5999999999999943,28.9
2024-25,1631105,Jalen Duren,DET,78,26.1,115.5,114,1.5,16.1
2024-25,1630224,Jalen Green,HOU,82,32.9,113.8,111.1,2.700000000000003,26.700000000000003
2024-25,1641720,Jalen Hood-Schifino,PHI,15,21,107.2,123.5,-16.299999999999997,16.400000000000002
2024-25,1630552,Jalen Johnson,ATL,36,35.7,111.8,110.2,1.5999999999999943,21.4
2024-25,1629618,Jalen Pickett,DEN,49,13.6,112.6,109.7,2.8999999999999915,13
2024-25,1630188,Jalen Smith,CHI,64,15,110.3,111.5,-1.2000000000000028,20.1
2024-25,1630591,Jalen Suggs,ORL,35,28.6,105.7,104.8,0.9000000000000057,26.8
2024-25,1631114,Jalen Williams,OKC,69,32.4,116.7,106.5,10.200000000000003,27
2024-25,1630592,Jalen Wilson,BKN,79,25.7,106.9,113.7,-6.799999999999997,16.1
2024-25,1631288,Jamal Cain,NOP,37,13.6,106.4,119.3,-12.899999999999991,16.7
2024-25,1627750,Jamal Murray,DEN,67,36.1,122,115.5,6.5,23.5
2024-25,1642347,Jamal Shead,TOR,75,19.6,105.5,113.3,-7.799999999999997,17.9
2024-25,1631123,Jamaree Bouyea,MIL,5,12.3,118.5,117.8,0.7000000000000028,16.3
2024-25,201935,James Harden,LAC,79,35.3,115.4,109.2,6.200000000000003,28.599999999999998
2024-25,1642419,Jamison Battle,TOR,59,17.7,105,113.4,-8.400000000000006,14.7
2024-25,1641716,Jarace Walker,IND,75,15.8,107,112.1,-5.099999999999994,16.5
2024-25,1630215,Jared Butler,PHI,60,17.4,108.5,114.5,-6,22.2
2024-25,1642272,Jared McCain,PHI,23,25.7,109.3,111.4,-2.1000000000000085,24.3
2024-25,1631197,Jared Rhoden,TOR,14,16.2,118.1,103.4,14.699999999999989,18.3
2024-25,1628991,Jaren Jackson Jr.,MEM,74,29.8,115.2,108.8,6.400000000000006,27.400000000000002
2024-25,1629020,Jarred Vanderbilt,LAL,36,16.1,115.6,112.2,3.3999999999999915,11.600000000000001
2024-25,1628386,Jarrett Allen,CLE,82,28,121.9,111.3,10.600000000000009,15.6
2024-25,1629750,Javonte Green,CLE,68,18.5,109.1,117,-7.900000000000006,11.3
2024-25,1629637,Jaxson Hayes,LAL,56,19.5,112.3,109.8,2.5,12
2024-25,1630643,Jay Huff,MEM,64,11.7,111,110.1,0.9000000000000057,19.400000000000002
2024-25,1627759,Jaylen Brown,BOS,63,34.3,121.1,111.7,9.399999999999991,28.199999999999996
2024-25,1641740,Jaylen Clark,MIN,40,13,115.2,109.6,5.6000000000000085,11.5
2024-25,1641798,Jaylen Martin,WAS,16,14.9,93.6,120.7,-27.10000000000001,15.5
2024-25,1629669,Jaylen Nowell,WAS,8,21,100.9,114,-13.099999999999994,21.5
2024-25,1631301,Jaylen Sims,CHA,6,18.6,100.4,120.4,-20,15.9
2024-25,1642377,Jaylen Wells,MEM,79,25.9,116.7,111.9,4.799999999999997,15.6
2024-25,1631119,Jaylin Williams,OKC,47,16.7,121,103,18,14.099999999999998
2024-25,1628369,Jayson Tatum,BOS,72,36.4,119.6,109.8,9.799999999999997,30.099999999999998
2024-25,1630288,Jeff Dowtin Jr.,PHI,41,15.1,107.6,116.7,-9.100000000000009,17.599999999999998
2024-25,201145,Jeff Green,HOU,32,12.4,112.2,116.1,-3.8999999999999915,14.399999999999999
2024-25,203924,Jerami Grant,POR,47,32.4,107.4,113.4,-6,19.2
2024-25,1630526,Jeremiah Robinson-Earl,NOP,66,18.8,107.2,119,-11.799999999999997,14.000000000000002
2024-25,1631110,Jeremy Sochan,SAS,54,25.3,111.9,114.5,-2.5999999999999943,18.4
2024-25,1630579,Jericho Sims,MIL,53,11.9,111.5,109.1,2.4000000000000057,7.3999999999999995
2024-25,1641724,Jett Howard,ORL,60,11.7,103,108.7,-5.700000000000003,18.099999999999998
2024-25,202710,Jimmy Butler III,GSW,55,31.7,115.9,109.6,6.300000000000011,20.3
2024-25,1629111,Jock Landale,HOU,42,11.9,110.5,112.6,-2.0999999999999943,14.799999999999999
2024-25,203954,Joel Embiid,PHI,19,30.2,104,109.5,-5.5,34.2
2024-25,1628381,John Collins,UTA,40,30.5,112.4,113.3,-0.8999999999999915,23.400000000000002
2024-25,1629723,John Konchar,MEM,46,12.1,113.2,107.8,5.400000000000006,7.7
2024-25,1630548,Johnny Juzang,UTA,64,19.8,107.2,120.3,-13.099999999999994,17.4
2024-25,202685,Jonas Valančiūnas,SAC,81,18.8,109.2,118.8,-9.599999999999994,22.2
2024-25,1628371,Jonathan Isaac,ORL,71,15.4,105.9,106.6,-0.6999999999999886,15.5
2024-25,1630228,Jonathan Kuminga,GSW,47,24.3,110,108.9,1.0999999999999943,27.1
2024-25,1642367,Jonathan Mogbo,TOR,63,20.4,103.7,111.9,-8.200000000000003,14.499999999999998
2024-25,203903,Jordan Clarkson,UTA,37,26,107.5,117.5,-10,26.900000000000002
2024-25,1630692,Jordan Goodwin,LAL,29,18.7,111.2,112.4,-1.2000000000000028,13.4
2024-25,1641722,Jordan Hawkins,NOP,56,23.6,106.6,118.1,-11.5,20.4
2024-25,1641757,Jordan Miller,LAC,37,11.4,103.8,109.8,-6,17.5
2024-25,1629673,Jordan Poole,WAS,68,29.4,104.8,117.9,-13.100000000000009,28.1
2024-25,1630631,Jose Alvarado,NOP,56,24.4,108.4,117.1,-8.699999999999989,19.3
2024-25,1630581,Josh Giddey,CHI,70,30.2,113.1,114.4,-1.3000000000000114,21.4
2024-25,1630182,Josh Green,CHA,68,27.8,105.3,114.2,-8.900000000000006,11.5
2024-25,1628404,Josh Hart,NYK,77,37.6,117.9,114.3,3.6000000000000085,15.1
2024-25,1629006,Josh Okogie,CHA,40,15.6,108.8,109.3,-0.5,18.5
2024-25,1626196,Josh Richardson,MIA,8,18.7,104.1,114.7,-10.600000000000009,13.4
2024-25,201950,Jrue Holiday,BOS,62,30.6,116.6,107.7,8.899999999999991,15.6
2024-25,1630577,Julian Champagnie,SAS,82,23.6,112.3,114.5,-2.200000000000003,16.400000000000002
2024-25,1641763,Julian Phillips,CHI,79,14.2,112.9,111.1,1.8000000000000114,12.6
2024-25,1631124,Julian Strawther,DEN,65,21.3,111.9,114.4,-2.5,17.299999999999997
2024-25,203944,Julius Randle,MIN,69,32.3,115,111.6,3.4000000000000057,24.6
2024-25,1630551,Justin Champagnie,WAS,62,21.6,107.1,116.8,-9.700000000000003,15
2024-25,1642348,Justin Edwards,PHI,44,26.2,111.6,123.2,-11.600000000000009,16.5
2024-25,203994,Jusuf Nurkić,CHA,51,20.8,106.1,115.1,-9,20.200000000000003
2024-25,1630231,KJ Martin,UTA,43,21.2,109.3,117.4,-8.100000000000009,11.200000000000001
2024-25,1642354,KJ Simpson,CHA,36,23.4,101,116.4,-15.400000000000006,18.8
2024-25,1630539,Kai Jones,DAL,40,11.7,107,109.2,-2.200000000000003,12.8
2024-25,1626157,Karl-Anthony Towns,NYK,72,35,119.4,112.7,6.700000000000003,26.5
2024-25,1631255,Karlo Matković,NOP,42,18.8,109.4,114.1,-4.699999999999989,15.5
2024-25,202695,Kawhi Leonard,LAC,37,31.9,120.3,107.9,12.399999999999991,28.000000000000004
2024-25,1630811,Keaton Wallace,ATL,31,16.2,106.2,108.4,-2.200000000000003,16.400000000000002
2024-25,1631099,Keegan Murray,SAC,76,34.3,114.8,113.4,1.3999999999999915,14.799999999999999
2024-25,1631232,Keion Brooks Jr.,NOP,14,23.7,100.7,121.2,-20.5,16.900000000000002
2024-25,1642276,Kel'el Ware,MIA,64,22.2,112.8,110.9,1.8999999999999915,16.900000000000002
2024-25,1629640,Keldon Johnson,SAS,77,23.9,110.1,115.9,-5.800000000000011,20.7
2024-25,203482,Kelly Olynyk,NOP,44,20.2,110.7,113.4,-2.700000000000003,18.5
2024-25,1626162,Kelly Oubre Jr.,PHI,60,34.6,110.7,116.4,-5.700000000000003,18.6
2024-25,1629026,Kenrich Williams,OKC,69,16.4,118.7,104.1,14.600000000000009,15.1
2024-25,203484,Kentavious Caldwell-Pope,MEM,77,29.6,109.1,108.6,0.5,12.1
2024-25,1631165,Keon Ellis,SAC,80,24.4,116.1,113.2,2.8999999999999915,12.5
2024-25,1630553,Keon Johnson,BKN,79,24.4,104.1,114.4,-10.300000000000011,21.2
2024-25,1630556,Kessler Edwards,DAL,40,15.2,110,122.3,-12.299999999999997,11
2024-25,201142,Kevin Durant,PHX,62,36.5,116.5,117.4,-0.9000000000000057,28.299999999999997
2024-25,1628989,Kevin Huerter,CHI,69,24.3,114.5,111.7,2.799999999999997,17.1
2024-25,201567,Kevin Love,MIA,23,10.9,108.7,112.3,-3.5999999999999943,23
2024-25,1629645,Kevin Porter Jr.,MIL,75,19.8,109.1,108,1.0999999999999943,24.8
2024-25,1626172,Kevon Looney,GSW,76,15,112.5,106.9,5.599999999999994,12.5
2024-25,1641718,Keyonte George,UTA,67,31.5,110.1,122,-11.900000000000006,23.7
2024-25,203114,Khris Middleton,WAS,37,22.8,114.1,112.6,1.5,20.8
2024-25,1630165,Killian Hayes,BKN,6,27.1,109.9,115.6,-5.699999999999989,14.499999999999998
2024-25,202691,Klay Thompson,DAL,72,27.3,112.8,115.2,-2.4000000000000057,21.4
2024-25,1641723,Kobe Bufkin,ATL,10,12.4,95.3,103.3,-8,20.3
2024-25,1627739,Kris Dunn,LAC,74,24.1,113.8,106,7.799999999999997,12.6
2024-25,1631200,Kris Murray,POR,69,15.1,106,107.8,-1.7999999999999972,13.3
2024-25,204001,Kristaps Porziņģis,BOS,42,28.8,116.2,110.3,5.900000000000006,25.3
2024-25,203937,Kyle Anderson,MIA,61,16.4,106.1,107.6,-1.5,15.2
2024-25,1642271,Kyle Filipowski,UTA,72,21.1,107.7,118.9,-11.200000000000003,18.4
2024-25,1628398,Kyle Kuzma,MIL,65,29.8,105.8,116.1,-10.299999999999997,23.3
2024-25,200768,Kyle Lowry,PHI,35,18.8,103.8,109.6,-5.799999999999997,10
2024-25,1630283,Kylor Kelley,LAL,11,11.5,101.4,130.5,-29.099999999999994,9.700000000000001
2024-25,202681,Kyrie Irving,DAL,50,36.1,116.5,113.9,2.5999999999999943,26.400000000000002
2024-25,1642273,Kyshawn George,WAS,68,26.5,105.4,115.5,-10.099999999999994,15.6
2024-25,1630163,LaMelo Ball,CHA,47,32,112.7,116.5,-3.799999999999997,34.2
2024-25,1629013,Landry Shamet,NYK,50,15.2,111.6,106.5,5.099999999999994,14.299999999999999
2024-25,1626204,Larry Nance Jr.,ATL,24,19.3,107.5,116.5,-9,15.5
2024-25,1628374,Lauri Markkanen,UTA,47,31.4,111.4,117.5,-6.099999999999994,23.1
2024-25,2544,LeBron James,LAL,70,34.9,112.7,114,-1.2999999999999972,29.099999999999998
2024-25,1631311,Lester Quinones,NOP,13,14.1,104.5,110.4,-5.900000000000006,21.3
2024-25,1630322,Lindy Waters III,DET,52,15,111.6,110.2,1.3999999999999915,14.499999999999998
2024-25,1629022,Lonnie Walker IV,PHI,20,23.8,104.7,118.7,-14,21.4
2024-25,1628366,Lonzo Ball,CHI,35,22.2,113.5,108,5.5,15.2
2024-25,1629652,Luguentz Dort,OKC,71,29.2,120.4,107.3,13.100000000000009,13.3
2024-25,1629029,Luka Dončić,LAL,50,35.4,119.6,110.5,9.099999999999994,32.800000000000004
2024-25,1628379,Luke Kennard,MEM,65,22.6,117.6,114.5,3.0999999999999943,14.000000000000002
2024-25,1628436,Luke Kornet,BOS,73,18.6,121.2,106.3,14.900000000000006,11.1
2024-25,1630201,Malachi Flynn,SAS,4,10.9,112.8,109.1,3.700000000000003,19.6
2024-25,1627763,Malcolm Brogdon,WAS,24,23.5,106.5,116.9,-10.400000000000006,23.1
2024-25,1627736,Malik Beasley,DET,82,27.8,113.3,110.2,3.0999999999999943,21.5
2024-25,1628370,Malik Monk,SAC,65,31.6,117,114.5,2.5,23.599999999999998
2024-25,1630542,Marcus Bagley,PHI,10,25.3,101.1,117,-15.900000000000006,12.8
2024-25,1630585,Marcus Garrett,CHA,4,19.8,95.6,119.3,-23.700000000000003,19.3
2024-25,1631204,Marcus Sasser,DET,57,14.2,110.4,107.5,2.9000000000000057,18.7
2024-25,203935,Marcus Smart,WAS,34,20,109.9,107.3,2.6000000000000085,19.8
2024-25,1631109,Mark Williams,CHA,44,26.6,106.3,118.9,-12.600000000000009,21
2024-25,202693,Markieff Morris,LAL,15,11,106.1,113.9,-7.800000000000011,20.200000000000003
2024-25,203486,Mason Plumlee,PHX,74,17.6,115.2,115,0.20000000000000284,10.5
2024-25,1641824,Matas Buzelis,CHI,80,18.9,110.4,112.1,-1.6999999999999886,18.099999999999998
2024-25,1629680,Matisse Thybulle,POR,15,20.8,105.3,105.1,0.20000000000000284,13.5
2024-25,1631108,Max Christie,DAL,78,27.3,112.6,114.3,-1.7000000000000028,15
2024-25,1629622,Max Strus,CLE,50,25.5,120.1,112.2,7.8999999999999915,14.299999999999999
2024-25,1628467,Maxi Kleber,LAL,34,18.7,111.9,112.3,-0.3999999999999915,8.5
2024-25,1641721,Maxwell Lewis,BKN,28,11.7,101.2,110.7,-9.5,16.400000000000002
2024-25,1630695,Micah Potter,UTA,38,18.6,108.6,116.2,-7.6000000000000085,10.2
2024-25,1629008,Michael Porter Jr.,DEN,77,33.7,119.8,115.4,4.3999999999999915,19.7
2024-25,1628969,Mikal Bridges,NYK,82,37,118.4,112.9,5.5,19.2
2024-25,201144,Mike Conley,MIN,71,24.7,115.5,109,6.5,14.099999999999998
2024-25,1628970,Miles Bridges,CHA,64,31.7,108.2,113.6,-5.3999999999999915,27.3
2024-25,1630540,Miles McBride,NYK,64,24.9,116.8,109.7,7.099999999999994,16.2
2024-25,1641936,Miles Norris,BOS,3,11.6,87.7,110.9,-23.200000000000003,12.7
2024-25,1629011,Mitchell Robinson,NYK,17,17.1,113.8,108.2,5.599999999999994,10.9
2024-25,1628964,Mo Bamba,NOP,32,12.9,103.5,112.5,-9,15
2024-25,1628420,Monte Morris,PHX,45,12.7,111.1,108.3,2.799999999999997,17.299999999999997
2024-25,1629021,Moritz Wagner,ORL,30,18.8,106.1,107,-0.9000000000000057,25.4
2024-25,1630541,Moses Moody,GSW,74,22.3,113.2,108.9,4.299999999999997,17
2024-25,1631243,Mouhamed Gueye,ATL,33,16.1,113.4,104.7,8.700000000000003,15.5
2024-25,1631217,Moussa Diabaté,CHA,71,17.5,106.9,110.3,-3.3999999999999915,13
2024-25,1626167,Myles Turner,IND,72,30.2,116.1,111.5,4.599999999999994,20.7
2024-25,1642368,N'Faly Dante,HOU,4,12.7,114.9,123.5,-8.599999999999994,13.3
2024-25,1641772,Nae'Qwan Tomlin,CLE,5,12.7,96.4,92,4.400000000000006,23
2024-25,1630230,Naji Marshall,DAL,69,27.8,111.5,114.7,-3.200000000000003,19.7
2024-25,1629675,Naz Reid,MIN,80,27.5,116.2,108.8,7.400000000000006,21
2024-25,1629674,Neemias Queta,BOS,62,13.9,117.4,108.3,9.100000000000009,13.600000000000001
2024-25,1629651,Nic Claxton,BKN,70,26.9,103.6,116.2,-12.600000000000009,16.6
2024-25,1630208,Nick Richards,PHX,57,22,112.3,120.9,-8.600000000000009,16.900000000000002
2024-25,1641733,Nick Smith Jr.,CHA,60,22.8,102.1,116.4,-14.300000000000011,20.5
2024-25,1629638,Nickeil Alexander-Walker,MIN,82,25.3,115.1,108.5,6.599999999999994,15.5
2024-25,201587,Nicolas Batum,LAC,78,17.5,110.5,104.7,5.799999999999997,8.7
2024-25,203999,Nikola Jokić,DEN,70,36.7,125.6,115.1,10.5,28.499999999999996
2024-25,1631107,Nikola Jović,MIA,46,25.1,109.6,110.7,-1.1000000000000085,17.8
2024-25,202696,Nikola Vučević,CHI,73,31.2,113.6,116,-2.4000000000000057,22.1
2024-25,1641730,Noah Clowney,BKN,46,22.7,103,115.2,-12.200000000000003,18.5
2024-25,1626181,Norman Powell,LAC,60,32.6,116.2,107.4,8.799999999999997,25.5
2024-25,1628384,OG Anunoby,NYK,74,36.6,117.7,112.3,5.400000000000006,19.5
2024-25,1630167,Obi Toppin,IND,79,19.6,113.6,116.1,-2.5,19.1
2024-25,1630534,Ochai Agbaji,TOR,64,27.2,106.4,112.2,-5.799999999999997,14.399999999999999
2024-25,1641765,Olivier-Maxence Prosper,DAL,52,11.2,101.8,109.5,-7.700000000000003,15.8
2024-25,1630168,Onyeka Okongwu,ATL,74,27.9,114.9,113.7,1.2000000000000028,16.900000000000002
2024-25,1631115,Orlando Robinson,TOR,44,17.5,104.5,109.2,-4.700000000000003,17.7
2024-25,1631131,Oscar Tshiebwe,UTA,14,18.2,113.4,115.8,-2.3999999999999915,14.399999999999999
2024-25,1629052,Oshae Brissett,PHI,6,23.7,113.6,124.3,-10.700000000000003,15.4
2024-25,1642345,Oso Ighodaro,PHX,61,17.1,109.4,110,-0.5999999999999943,10.299999999999999
2024-25,1631172,Ousmane Dieng,OKC,37,10.9,104.3,99.2,5.099999999999994,15.2
2024-25,200782,P.J. Tucker,NYK,3,19.3,106.1,127.4,-21.30000000000001,5.8999999999999995
2024-25,1629023,P.J. Washington,DAL,57,32.2,114.2,113.2,1,19.8
2024-25,1631094,Paolo Banchero,ORL,46,34.4,109.1,109.6,-0.5,33
2024-25,1627783,Pascal Siakam,IND,78,32.7,114.5,108.9,5.599999999999994,23.7
2024-25,1626192,Pat Connaughton,MIL,41,14.7,111.7,114.6,-2.8999999999999915,15.1
2024-25,1630172,Patrick Williams,CHI,63,25,108.7,113.5,-4.799999999999997,16.5
2024-25,201988,Patty Mills,LAC,29,11.1,104.6,108,-3.4000000000000057,15
2024-25,202331,Paul George,PHI,41,32.5,108.3,112.2,-3.9000000000000057,23.3
2024-25,1630202,Payton Pritchard,BOS,80,28.4,118.4,108.9,9.5,18.6
2024-25,1641796,Pelle Larsson,MIA,55,14.2,111.1,108.7,2.3999999999999915,14.099999999999998
2024-25,1631250,Pete Nance,MIL,13,10.6,107.8,114.8,-7,11.600000000000001
2024-25,1631212,Peyton Watson,DEN,68,24.3,113.9,113.9,0,13.8
2024-25,1630173,Precious Achiuwa,NYK,57,20.5,110.2,111.4,-1.2000000000000028,14.299999999999999
2024-25,1629656,Quentin Grimes,PHI,75,26.8,111.9,118.1,-6.199999999999989,21.8
2024-25,1631245,Quenton Jackson,IND,28,13.6,110.9,110.1,0.8000000000000114,16.7
2024-25,1642366,Quinten Post,GSW,42,16.3,111.5,109.1,2.4000000000000057,19.7
2024-25,1629628,RJ Barrett,TOR,58,32.2,110.1,113.4,-3.3000000000000114,28.1
2024-25,1641736,Reece Beekman,BKN,36,13,98.5,110.4,-11.900000000000006,12.2
2024-25,1642263,Reed Sheppard,HOU,52,12.6,108.5,111.1,-2.5999999999999943,17.1
2024-25,202704,Reggie Jackson,PHI,31,12.4,108.3,111.8,-3.5,17
2024-25,1626158,Richaun Holmes,WAS,31,17.2,110.2,114.5,-4.299999999999997,14.299999999999999
2024-25,1641741,Ricky Council IV,PHI,73,17.1,109.9,116,-6.099999999999994,19.6
2024-25,1642265,Rob Dillingham,MIN,49,10.5,112.3,111.1,1.2000000000000028,21.5
2024-25,1629057,Robert Williams III,POR,20,17.6,106.3,108.3,-2,12
2024-25,1631199,Ron Harper Jr.,DET,1,17,120.6,116.7,3.8999999999999915,20.5
2024-25,1641842,Ronald Holland II,DET,81,15.6,109.8,110.9,-1.1000000000000085,17.7
2024-25,1626220,Royce O'Neale,PHX,75,24.5,112.1,116.4,-4.300000000000011,15.1
2024-25,203497,Rudy Gobert,MIN,72,33.2,114.3,107.6,6.700000000000003,12.9
2024-25,1629060,Rui Hachimura,LAL,59,31.7,114.8,110.9,3.8999999999999915,15.6
2024-25,201566,Russell Westbrook,DEN,75,27.9,115.7,116.2,-0.5,23
2024-25,1642346,Ryan Dunn,PHX,74,19.1,110.4,115.1,-4.699999999999989,16.1
2024-25,1631157,Ryan Rollins,MIL,56,14.6,114,108.6,5.400000000000006,17.9
2024-25,1630573,Sam Hauser,BOS,71,21.7,119.8,109.8,10,14.000000000000002
2024-25,1630241,Sam Merrill,CLE,71,19.7,117.4,107.1,10.300000000000011,14.000000000000002
2024-25,1630572,Sandro Mamukelashvili,SAS,61,11.2,111.6,112.9,-1.3000000000000114,20.200000000000003
2024-25,1630583,Santi Aldama,MEM,65,25.5,116.1,112.6,3.5,17.9
2024-25,1630703,Scoot Henderson,POR,66,26.7,112.5,113.7,-1.2000000000000028,22
2024-25,1630567,Scottie Barnes,TOR,65,32.8,107.4,110.1,-2.6999999999999886,26.200000000000003
2024-25,1630590,Scotty Pippen Jr.,MEM,79,21.3,111,109.7,1.2999999999999972,18.8
2024-25,203552,Seth Curry,CHA,68,15.6,106.2,114.1,-7.8999999999999915,15.1
2024-25,1631101,Shaedon Sharpe,POR,72,31.3,111.4,114.4,-3,25
2024-25,1628983,Shai Gilgeous-Alexander,OKC,76,34.2,122.4,105.7,16.700000000000003,33.6
2024-25,1629003,Shake Milton,LAL,57,14.7,106.2,113.1,-6.8999999999999915,16.2
2024-25,1631323,Simone Fontecchio,DET,75,16.5,110.7,109.5,1.2000000000000028,15.2
2024-25,203915,Spencer Dinwiddie,DAL,79,27,110.1,115.1,-5,17.5
2024-25,201939,Stephen Curry,GSW,70,32.2,118.4,112.7,5.700000000000003,28.599999999999998
2024-25,1642264,Stephon Castle,SAS,81,26.7,111.8,116.6,-4.799999999999997,25.3
2024-25,203500,Steven Adams,HOU,58,13.7,115.3,105.9,9.399999999999991,12.7
2024-25,1629004,Svi Mykhailiuk,UTA,38,20,110.3,117.7,-7.400000000000006,19.8
2024-25,204456,T.J. McConnell,IND,79,17.9,111.1,113.8,-2.700000000000003,22.6
2024-25,201959,Taj Gibson,CHA,37,11.1,96.6,110.4,-13.800000000000011,13.200000000000001
2024-25,1629659,Talen Horton-Tucker,CHI,58,12.5,111.4,109.8,1.6000000000000085,20.8
2024-25,1631106,Tari Eason,HOU,57,24.9,114.8,109.2,5.599999999999994,18.5
2024-25,1627752,Taurean Prince,MIL,80,27.1,114,114.5,-0.5,12.3
2024-25,1641707,Taylor Hendricks,UTA,3,24.8,95.7,109.2,-13.5,11.3
2024-25,1629611,Terance Mann,ATL,67,21.1,112.9,115.2,-2.299999999999997,14.499999999999998
2024-25,1630545,Terrence Shannon Jr.,MIN,32,10.6,107.8,107,0.7999999999999972,16.6
2024-25,1626179,Terry Rozier,MIA,64,25.9,107.3,112.3,-5,19.5
2024-25,1628418,Thomas Bryant,IND,66,14.6,109.9,113.4,-3.5,16.2
2024-25,1642275,Tidjane Salaün,CHA,60,20.7,99.4,111.2,-11.799999999999997,15
2024-25,203501,Tim Hardaway Jr.,DET,77,28,113.8,114.2,-0.4000000000000057,15.1
2024-25,202699,Tobias Harris,DET,73,31.6,114.7,110.8,3.9000000000000057,17.299999999999997
2024-25,1642449,Tolu Smith,DET,1,22.4,117.4,104.4,13,20
2024-25,1628470,Torrey Craig,BOS,26,12.1,104.9,109.8,-4.8999999999999915,13.900000000000002
2024-25,1641787,Tosan Evbuomwan,BKN,28,23.7,103.4,108.4,-5,18.3
2024-25,1641739,Toumani Camara,POR,78,32.7,111.5,113.3,-1.7999999999999972,14.299999999999999
2024-25,1629027,Trae Young,ATL,76,36,115.2,114.6,0.6000000000000085,28.499999999999996
2024-25,1631218,Trayce Jackson-Davis,GSW,62,15.6,107.8,111.3,-3.5,16.400000000000002
2024-25,1630200,Tre Jones,CHI,46,19.7,112,113.5,-1.5,13.600000000000001
2024-25,1630544,Tre Mann,CHA,13,24.5,107,114.4,-7.400000000000006,25
2024-25,1630570,Trendon Watford,BKN,44,20.7,105.1,109.4,-4.300000000000011,22.6
2024-25,1630243,Trevelin Queen,ORL,31,13.9,101.9,111.1,-9.199999999999989,17.599999999999998
2024-25,1641998,Trey Jemison III,LAL,38,10.3,105.6,107.8,-2.200000000000003,12.1
2024-25,1626168,Trey Lyles,SAC,69,19.6,111.8,113.8,-2,13.900000000000002
2024-25,1630530,Trey Murphy III,NOP,53,35,109,118.7,-9.700000000000003,22.900000000000002
2024-25,1641774,Tristan Vukcevic,WAS,35,14.6,102.6,114.3,-11.700000000000003,25.2
2024-25,1641783,Tristan da Silva,ORL,74,22,106.1,110.3,-4.200000000000003,14.899999999999999
2024-25,1629660,Ty Jerome,CLE,70,19.9,120.3,110.4,9.899999999999991,22.900000000000002
2024-25,1629639,Tyler Herro,MIA,77,35.4,113.9,112.6,1.3000000000000114,27.1
2024-25,1630169,Tyrese Haliburton,IND,73,33.6,117.7,114.2,3.5,21
2024-25,1631213,Tyrese Martin,BKN,60,21.9,103.2,113.4,-10.200000000000003,17.9
2024-25,1630178,Tyrese Maxey,PHI,52,37.7,113.8,117.4,-3.6000000000000085,29.299999999999997
2024-25,1630623,Tyson Etienne,BKN,7,21.6,98.8,119.3,-20.5,17.7
2024-25,1626145,Tyus Jones,PHX,81,26.8,113.6,116.1,-2.5,16
2024-25,203995,Vasilije Micic,PHX,41,19.1,102.2,109.4,-7.200000000000003,19.900000000000002
2024-25,1641705,Victor Wembanyama,SAS,46,33.2,112.5,110,2.5,30
2024-25,1631246,Vince Williams Jr.,MEM,27,18.5,117.4,116.2,1.2000000000000028,16.6
2024-25,1628427,Vlatko Čančar,DEN,13,10.4,93.5,100.3,-6.799999999999997,10.9
2024-25,1630249,Vít Krejčí,ATL,57,20.2,109.7,111.6,-1.8999999999999915,13.100000000000001
2024-25,1631117,Walker Kessler,UTA,58,30,109.2,118.3,-9.099999999999994,13.3
2024-25,1628976,Wendell Carter Jr.,ORL,68,25.9,107.8,107.8,0,15.9
2024-25,1631111,Wendell Moore Jr.,CHA,36,13.9,99.6,112,-12.400000000000006,13.3
2024-25,1642274,Yves Missi,NOP,73,26.8,107.8,120.5,-12.700000000000003,14.099999999999998
2024-25,1642258,Zaccharie Risacher,ATL,75,24.6,112.3,115,-2.700000000000003,20.3
2024-25,1628380,Zach Collins,CHI,64,15.3,109.4,109.9,-0.5,16.6
2024-25,1641744,Zach Edey,MEM,66,21.5,116.8,111.5,5.299999999999997,15.6
2024-25,203897,Zach LaVine,SAC,74,35.2,115.4,116.8,-1.3999999999999915,25.1
2024-25,1630192,Zeke Nnaji,DEN,57,10.7,107.3,108.9,-1.6000000000000085,11.899999999999999
2024-25,1630533,Ziaire Williams,BKN,63,24.5,106.5,116.2,-9.700000000000003,17.9
2024-25,1629627,Zion Williamson,NOP,30,28.6,113.7,115.5,-1.7999999999999972,32.5
2025,1631260,AJ Green,MIL,17,28.6,119.2,117,2.200000000000003,12.4
2025,203932,Aaron Gordon,DEN,13,28.3,125.7,105,20.700000000000003,22.1
2025,1628988,Aaron Holiday,HOU,9,10.1,118.3,106.8,11.5,17.8
2025,1630174,Aaron Nesmith,IND,11,30.4,109.6,116.6,-7,19.900000000000002
2025,1630598,Aaron Wiggins,OKC,9,27.6,119.2,100.8,18.400000000000006,20.9
2025,1642846,Ace Bailey,UTA,16,21.1,109.3,121.9,-12.600000000000009,18.5
2025,1641737,Adem Bona,PHI,12,14.8,106.3,112.7,-6.400000000000006,7.5
2025,1642349,Ajay Mitchell,OKC,18,27.7,115.8,98.7,17.099999999999994,24.099999999999998
2025,201143,Al Horford,GSW,12,21.8,108.1,116.9,-8.800000000000011,14.2
2025,1627936,Alex Caruso,OKC,13,18.2,126.4,93.4,33,14.6
2025,1642259,Alex Sarr,WAS,14,28.9,108.8,122.7,-13.900000000000006,26.200000000000003
2025,1630578,Alperen Sengun,HOU,14,36.8,121.4,110.2,11.200000000000003,25.8
2025,1641708,Amen Thompson,HOU,14,36.4,121.6,108,13.599999999999994,20.3
2025,203083,Andre Drummond,PHI,15,24.3,116.5,111.1,5.400000000000006,13.4
2025,1629614,Andrew Nembhard,IND,9,29.6,107.9,125.7,-17.799999999999997,25.7
2025,203952,Andrew Wiggins,MIA,15,33,112.1,113.8,-1.7000000000000028,20.3
2025,1629014,Anfernee Simons,BOS,17,24.9,116.1,116.8,-0.7000000000000028,22.8
2025,1641710,Anthony Black,ORL,18,27.1,115.9,115.9,0,19.3
2025,203076,Anthony Davis,DAL,5,29.9,102.5,109.3,-6.799999999999997,27.800000000000004
2025,1630162,Anthony Edwards,MIN,12,31.6,121.7,114.4,7.299999999999997,30.9
2025,1641810,Antonio Reeves,CHA,2,10.5,122,90,32,11.5
2025,1641709,Ausar Thompson,DET,12,28.5,117.3,110.7,6.599999999999994,18.9
2025,1630559,Austin Reaves,LAL,13,36.4,116.8,109,7.799999999999997,28.199999999999996
2025,1630245,Ayo Dosunmu,CHI,14,26.1,116.7,117.5,-0.7999999999999972,19.6
2025,1628389,Bam Adebayo,MIA,11,30.3,119,105.5,13.5,25
2025,1631248,Baylor Scheierman,BOS,13,10.3,116.7,110.1,6.6000000000000085,8.200000000000001
2025,1642879,Ben Saraf,BKN,7,13.8,123.9,133.5,-9.599999999999994,17.4
2025,1641767,Ben Sheppard,IND,16,25.7,101.1,117.9,-16.80000000000001,13.100000000000001
2025,1631097,Bennedict Mathurin,IND,5,33.9,113.7,122.2,-8.5,27
2025,1641731,Bilal Coulibaly,WAS,8,25.4,110.4,124.9,-14.5,18
2025,1631104,Blake Wesley,POR,6,16.3,113.3,111.8,1.5,17.299999999999997
2025,1626171,Bobby Portis,MIL,17,21.5,110.9,117.8,-6.8999999999999915,19.900000000000002
2025,203992,Bogdan Bogdanović,LAC,9,25.6,112.9,108.3,4.6000000000000085,18
2025,203078,Bradley Beal,LAC,6,20.2,119.1,128.5,-9.400000000000006,22.400000000000002
2025,1641764,Brandin Podziemski,GSW,18,28.7,109.8,107.4,2.3999999999999915,17.9
2025,1627742,Brandon Ingram,TOR,17,33.2,120.2,116.1,4.1000000000000085,25.5
2025,1641706,Brandon Miller,CHA,3,21.8,128.3,129.9,-1.5999999999999943,33.300000000000004
2025,1630314,Brandon Williams,DAL,16,22,107.8,108.9,-1.1000000000000085,24.099999999999998
2025,1641729,Brice Sensabaugh,UTA,15,14.9,105.6,119.9,-14.300000000000011,22
2025,1642355,Bronny James,LAL,10,11.1,108.4,112.4,-4,13.4
2025,201572,Brook Lopez,LAC,17,14.4,109.1,117.6,-8.5,20.1
2025,1628971,Bruce Brown,DEN,16,22.9,117.5,113.5,4,12.9
2025,1642267,Bub Carrington,WAS,16,25.4,101,125.1,-24.099999999999994,14.399999999999999
2025,1627741,Buddy Hield,GSW,18,17.4,107.7,116.2,-8.5,17.5
2025,203468,CJ McCollum,WAS,16,29.2,110.4,123,-12.599999999999994,23
2025,1630595,Cade Cunningham,DET,13,36.4,119.1,110.3,8.799999999999997,31.2
2025,1631126,Caleb Love,POR,9,17.6,108.1,115.9,-7.800000000000011,21.9
2025,1628997,Caleb Martin,DAL,15,10,91.7,106.1,-14.399999999999991,9.3
2025,1642353,Cam Christie,LAC,12,11.7,110.9,104.7,6.200000000000003,20
2025,1642285,Cam Spencer,MEM,17,19.6,106.5,109.6,-3.0999999999999943,17.599999999999998
2025,1630560,Cam Thomas,BKN,8,28.3,110.6,125.6,-15,31.4
2025,1641715,Cam Whitmore,WAS,16,17.2,105.2,120.6,-15.399999999999991,22.2
2025,1629661,Cameron Johnson,DEN,15,27.2,123.7,114.1,9.600000000000009,14.099999999999998
2025,1627747,Caris LeVert,DET,11,19.2,111.1,106.2,4.8999999999999915,19.8
2025,1641717,Cason Wallace,OKC,17,28.6,119.4,101.8,17.60000000000001,13.4
2025,1642907,Cedric Coward,MEM,17,26.4,112.5,111.3,1.2000000000000028,19.5
2025,1629646,Charles Bassey,MEM,2,15.3,104.4,112.9,-8.5,12.3
2025,1642404,Chaz Lanier,DET,12,10.8,113.7,111.5,2.200000000000003,12.7
2025,1631096,Chet Holmgren,OKC,14,29.4,120.3,99.7,20.599999999999994,23.200000000000003
2025,1628449,Chris Boucher,BOS,8,11.3,113.7,108.7,5,11.799999999999999
2025,101108,Chris Paul,LAC,12,14.8,98.3,114.7,-16.400000000000006,12.9
2025,1631128,Christian Braun,DEN,11,29.6,125.7,107.4,18.299999999999997,15.8
2025,1629632,Coby White,CHI,3,29.7,118.8,104.9,13.899999999999991,29.099999999999998
2025,1628998,Cody Martin,IND,4,13.8,79,99.2,-20.200000000000003,11.899999999999999
2025,1642262,Cody Williams,UTA,11,12.8,113.6,123.3,-9.700000000000003,11.600000000000001
2025,1630175,Cole Anthony,MIL,16,19.3,107.9,113,-5.099999999999994,24
2025,1631221,Collin Gillespie,PHX,17,25.3,117.6,107.6,10,18.2
2025,1642867,Collin Murray-Boyles,TOR,12,19.7,107.3,111.4,-4.1000000000000085,16.3
2025,1629012,Collin Sexton,CHA,16,26.6,111.1,114.9,-3.8000000000000114,24.3
2025,1642843,Cooper Flagg,DAL,17,33.6,101.1,111.6,-10.5,21.099999999999998
2025,1630557,Corey Kispert,WAS,16,19.6,108.3,117,-8.700000000000003,14.2
2025,1641854,Craig Porter Jr.,CLE,17,17.4,114.6,111.3,3.299999999999997,12.9
2025,1626156,D'Angelo Russell,DAL,16,22.2,106.1,109.3,-3.200000000000003,28.4
2025,1631342,Daeqwon Plowden,SAC,1,14,100,150,-50,15.2
2025,1642261,Dalton Knecht,LAL,14,17.8,106.2,114.7,-8.5,16.1
2025,1629655,Daniel Gafford,DAL,12,23.6,103.2,109.8,-6.599999999999994,14.7
2025,1642450,Daniss Jenkins,DET,11,21.1,113,104.4,8.599999999999994,21
2025,1629636,Darius Garland,CLE,5,25.9,127.9,114.8,13.100000000000009,24.5
2025,1630558,Davion Mitchell,MIA,17,30,116.4,113,3.4000000000000057,14.099999999999998
2025,1630549,Day'Ron Sharpe,BKN,15,15.8,105.7,117.4,-11.700000000000003,18.4
2025,1628368,De'Aaron Fox,SAS,8,33.6,117.6,113.5,4.099999999999994,27.1
2025,1629631,De'Andre Hunter,CLE,15,28.9,116.5,111.7,4.799999999999997,23.5
2025,201599,DeAndre Jordan,NOP,2,11.7,68.2,130.2,-61.999999999999986,11.3
2025,201942,DeMar DeRozan,SAC,17,32.7,108.5,122.2,-13.700000000000003,20.200000000000003
2025,1629731,Dean Wade,CLE,17,22.4,111.9,108.5,3.4000000000000057,10.2
2025,1629028,Deandre Ayton,LAL,15,29.2,116.5,115.3,1.2000000000000028,19.5
2025,1630166,Deni Avdija,POR,17,33.7,119,117.5,1.5,27.500000000000004
2025,203471,Dennis Schröder,SAC,17,29.5,106.9,119.8,-12.899999999999991,20.8
2025,1641726,Dereck Lively II,DAL,7,16.5,108.6,102.3,6.299999999999997,11.3
2025,1642852,Derik Queen,NOP,17,24.2,112.1,114.9,-2.8000000000000114,23.7
2025,1627884,Derrick Jones Jr.,LAC,13,24.9,114.4,122.6,-8.199999999999989,14.899999999999999
2025,1628401,Derrick White,BOS,17,33.1,116.5,111.1,5.400000000000006,22.2
2025,1630217,Desmond Bane,ORL,18,32.6,114.4,112.8,1.6000000000000085,22.6
2025,1626164,Devin Booker,PHX,17,35.4,115.4,111,4.400000000000006,30
2025,1630170,Devin Vassell,SAS,16,33.2,118.9,109.5,9.400000000000006,17.8
2025,1628415,Dillon Brooks,PHX,11,30.7,115.3,114.5,0.7999999999999972,27.3
2025,1627734,Domantas Sabonis,SAC,11,33.2,106.1,124.9,-18.80000000000001,22.400000000000002
2025,1631230,Dominick Barlow,PHI,7,23.8,111.5,110.4,1.0999999999999943,12.1
2025,1642270,Donovan Clingan,POR,17,25.3,112,112.9,-0.9000000000000057,14.000000000000002
2025,1628378,Donovan Mitchell,CLE,16,34,119.9,109.1,10.800000000000011,31.2
2025,1628978,Donte DiVincenzo,MIN,16,30.8,121,111.6,9.400000000000006,16.6
2025,1642962,Drake Powell,BKN,10,18.4,105.8,118.4,-12.600000000000009,14.399999999999999
2025,203110,Draymond Green,GSW,16,28.7,113.4,104.5,8.900000000000006,16.6
2025,1629234,Drew Eubanks,SAC,17,16.2,112.8,113.9,-1.1000000000000085,16.3
2025,1641809,Drew Peterson,CHA,4,13.3,106.4,117.4,-11,11.4
2025,1630696,Dru Smith,MIA,17,17.1,114.2,102.3,11.900000000000006,14.7
2025,1629130,Duncan Robinson,DET,16,31.9,119.4,110.6,8.800000000000011,13.200000000000001
2025,1642928,Dylan Cardwell,SAC,3,10.8,120.3,131.9,-11.600000000000009,10.6
2025,1642844,Dylan Harper,SAS,6,23.4,124.9,108.1,16.80000000000001,24.099999999999998
2025,1630700,Dyson Daniels,ATL,18,33,119.9,112.4,7.5,15
2025,1642856,Egor Dëmin,BKN,15,21.8,108.4,119.6,-11.199999999999989,17.1
2025,1630596,Evan Mobley,CLE,17,34.4,116.3,109.4,6.8999999999999915,23.1
2025,1630532,Franz Wagner,ORL,18,34.9,114.9,112.1,2.8000000000000114,24.8
2025,1629216,Gabe Vincent,LAL,5,21.6,122.2,117.6,4.6000000000000085,8.3
2025,1629726,Garrison Mathews,IND,1,10.3,109.5,122.7,-13.200000000000003,13.600000000000001
2025,203914,Gary Harris,MIL,10,10.8,108.7,119.5,-10.799999999999997,8.4
2025,1627780,Gary Payton II,GSW,17,10.8,112.5,111.2,1.2999999999999972,12.5
2025,1629018,Gary Trent Jr.,MIL,17,27.8,108.4,120.3,-11.899999999999991,15.2
2025,203507,Giannis Antetokounmpo,MIL,13,31.8,123.5,116.4,7.099999999999994,35.4
2025,1629048,Goga Bitadze,ORL,17,16.7,118.2,110.1,8.100000000000009,11
2025,1641711,Gradey Dick,TOR,17,16.9,120.5,103.2,17.299999999999997,16.5
2025,1628960,Grayson Allen,PHX,13,32.1,116.6,111.9,4.699999999999989,20.5
2025,1627824,Guerschon Yabusele,NYK,14,10.5,108.8,99.4,9.399999999999991,12.9
2025,203084,Harrison Barnes,SAS,16,30.4,117.3,112.4,4.8999999999999915,15.1
2025,1630529,Herbert Jones,NOP,16,30.3,107.4,119.3,-11.899999999999991,15
2025,1642864,Hugo González,BOS,13,11.6,118.2,104.8,13.400000000000006,11.1
2025,1630193,Immanuel Quickley,TOR,17,31.6,116.6,109.7,6.8999999999999915,19.5
2025,1630171,Isaac Okoro,CHI,15,24.8,110.6,120.3,-9.700000000000003,13.600000000000001
2025,1642268,Isaiah Collier,UTA,8,23.5,108.1,122.5,-14.400000000000006,17.8
2025,1628392,Isaiah Hartenstein,OKC,18,27.8,119,102,17,16.3
2025,1630543,Isaiah Jackson,IND,16,18.9,106.7,120.3,-13.599999999999994,15.6
2025,1630198,Isaiah Joe,OKC,13,25.2,119.9,100.3,19.60000000000001,18.9
2025,1630587,Isaiah Livers,PHX,11,11.5,124.7,101.5,23.200000000000003,8.7
2025,1630191,Isaiah Stewart,DET,13,23,111,109.4,1.5999999999999943,17.7
2025,1627826,Ivica Zubac,LAC,17,31.5,115.7,118.3,-2.5999999999999943,20.7
2025,1629630,Ja Morant,MEM,12,28.8,106.6,113.5,-6.900000000000006,30.9
2025,1642266,Ja'Kobe Walter,TOR,14,12.8,110.2,111.3,-1.0999999999999943,13.700000000000001
2025,1631095,Jabari Smith Jr.,HOU,13,33.1,123.5,111.4,12.099999999999994,17.9
2025,1631133,Jabari Walker,PHI,16,12.2,117.4,119,-1.5999999999999943,11.3
2025,1630702,Jaden Hardy,DAL,15,11.6,105.7,99,6.700000000000003,22.6
2025,1631093,Jaden Ivey,DET,1,15.4,117.1,105.7,11.399999999999991,22.900000000000002
2025,1630183,Jaden McDaniels,MIN,15,31.7,119.2,112.6,6.6000000000000085,20.1
2025,1631170,Jaime Jaquez Jr.,MIA,17,30.3,114.7,104.1,10.600000000000009,21
2025,1631222,Jake LaRavia,LAL,16,27.6,112.8,112.6,0.20000000000000284,14.899999999999999
2025,1627751,Jakob Poeltl,TOR,12,25.5,117.8,114.3,3.5,14.7
2025,1628973,Jalen Brunson,NYK,13,34.2,122.3,113.7,8.599999999999994,31
2025,1631105,Jalen Duren,DET,14,28.8,121.8,109,12.799999999999997,23.3
2025,1630224,Jalen Green,PHX,2,14.9,153.2,92.1,61.099999999999994,37
2025,1630552,Jalen Johnson,ATL,16,34.1,114.7,112.5,2.200000000000003,24.6
2025,1630188,Jalen Smith,CHI,16,16.5,116.4,115,1.4000000000000057,22
2025,1630591,Jalen Suggs,ORL,13,23.9,119.9,102.8,17.10000000000001,22.7
2025,1630592,Jalen Wilson,BKN,13,14.7,105.4,124.8,-19.39999999999999,15.6
2025,1627750,Jamal Murray,DEN,15,35,121.7,112.5,9.200000000000003,25.4
2025,1642347,Jamal Shead,TOR,17,18.4,120.4,110.6,9.800000000000011,14.000000000000002
2025,201935,James Harden,LAC,16,35.5,118.2,121.9,-3.700000000000003,30.099999999999998
2025,1630164,James Wiseman,IND,1,19.9,55.8,95.1,-39.3,12.2
2025,1641716,Jarace Walker,IND,16,28.1,104.9,117.8,-12.899999999999991,18.9
2025,1642272,Jared McCain,PHI,7,12.6,107.4,107.8,-0.3999999999999915,18
2025,1628991,Jaren Jackson Jr.,MEM,15,29,105.1,115,-9.900000000000006,24.5
2025,1629020,Jarred Vanderbilt,LAL,14,18.3,110.6,111.3,-0.7000000000000028,12.9
2025,1628386,Jarrett Allen,CLE,14,26,121.9,110.6,11.300000000000011,20.599999999999998
2025,1642914,Javon Small,MEM,8,12.4,112.2,111.4,0.7999999999999972,16.1
2025,1629750,Javonte Green,DET,16,22.6,111.5,105.8,5.700000000000003,14.099999999999998
2025,1629637,Jaxson Hayes,LAL,13,16.8,112.1,109.6,2.5,10.100000000000001
2025,1630643,Jay Huff,IND,16,15.9,93.6,104.1,-10.5,17.2
2025,1627759,Jaylen Brown,BOS,17,32.4,118.7,115.8,2.9000000000000057,34.5
2025,1641740,Jaylen Clark,MIN,14,16.5,111.9,104,7.900000000000006,11.600000000000001
2025,1642377,Jaylen Wells,MEM,17,25.3,111.1,117.4,-6.300000000000011,17.2
2025,1631119,Jaylin Williams,OKC,17,18.5,117.2,100.7,16.5,14.899999999999999
2025,1642281,Jaylon Tyson,CLE,13,25.6,117.1,113.9,3.1999999999999886,14.299999999999999
2025,203924,Jerami Grant,POR,16,28.4,114.2,122.6,-8.399999999999991,21.9
2025,1642847,Jeremiah Fears,NOP,17,26.9,105,122.3,-17.299999999999997,25.4
2025,1630526,Jeremiah Robinson-Earl,IND,11,19.6,108.8,124.1,-15.299999999999997,12.3
2025,1631110,Jeremy Sochan,SAS,10,17.4,109.4,117.4,-8,15.2
2025,1641724,Jett Howard,ORL,13,10.4,125.5,126,-0.5,17.9
2025,1628975,Jevon Carter,CHI,7,13.7,116.8,111.3,5.5,17.9
2025,202710,Jimmy Butler III,GSW,16,31.4,114,108.1,5.900000000000006,22.400000000000002
2025,1629111,Jock Landale,MEM,17,22.3,103,114.4,-11.400000000000006,16.6
2025,203954,Joel Embiid,PHI,6,23.3,123.8,124.6,-0.7999999999999972,34.5
2025,1628381,John Collins,LAC,17,25.6,112,117.5,-5.5,19.2
2025,1629723,John Konchar,MEM,15,12.7,104.3,104.9,-0.6000000000000085,8.1
2025,1642277,Johnny Furphy,IND,3,12.2,112.2,112.5,-0.29999999999999716,9.8
2025,202685,Jonas Valančiūnas,DEN,16,12.4,112.8,116.1,-3.299999999999997,28.1
2025,1628371,Jonathan Isaac,ORL,17,10,99.4,109.6,-10.199999999999989,12.6
2025,1630228,Jonathan Kuminga,GSW,13,27.7,111.3,115.9,-4.6000000000000085,22.7
2025,203903,Jordan Clarkson,NYK,15,19.1,118.5,118.3,0.20000000000000284,20.8
2025,1630692,Jordan Goodwin,PHX,14,19.1,119.1,105.1,14,17
2025,1641722,Jordan Hawkins,NOP,16,15.2,107.2,115.6,-8.399999999999991,16.8
2025,1641757,Jordan Miller,LAC,3,16.3,118.9,128.9,-10,21.7
2025,1629673,Jordan Poole,NOP,7,30.3,105,126.9,-21.900000000000006,23.5
2025,1641775,Jordan Walsh,BOS,13,17.9,122.4,108.7,13.700000000000003,11
2025,1630631,Jose Alvarado,NOP,16,19.6,106.7,115.4,-8.700000000000003,16
2025,1630581,Josh Giddey,CHI,14,34,113.3,114.8,-1.5,25.900000000000002
2025,1628404,Josh Hart,NYK,14,26.1,116.9,117.8,-0.8999999999999915,16
2025,1631169,Josh Minott,BOS,16,19.3,118.6,112.5,6.099999999999994,14.6
2025,1629006,Josh Okogie,HOU,14,20.7,125.8,111.8,14,12.6
2025,201950,Jrue Holiday,POR,12,33.4,115.5,113.1,2.4000000000000057,20.8
2025,1630577,Julian Champagnie,SAS,16,27.7,115.9,108.4,7.5,14.799999999999999
2025,203944,Julius Randle,MIN,16,33.2,124.1,115.3,8.799999999999997,26.900000000000002
2025,1630551,Justin Champagnie,WAS,14,10.2,107.9,134.4,-26.5,12.5
2025,1642348,Justin Edwards,PHI,14,17.2,110.9,121.8,-10.899999999999991,15.299999999999999
2025,203994,Jusuf Nurkić,UTA,16,24.7,106.3,113.7,-7.400000000000006,17
2025,1642354,KJ Simpson,CHA,8,13.1,113.4,126.9,-13.5,21.4
2025,1626157,Karl-Anthony Towns,NYK,15,33.5,119.6,113.5,6.099999999999994,26
2025,1631255,Karlo Matković,NOP,12,11.4,109.7,111,-1.2999999999999972,13.900000000000002
2025,202695,Kawhi Leonard,LAC,7,32.5,111.5,121.7,-10.200000000000003,27.500000000000004
2025,1630811,Keaton Wallace,ATL,16,15.7,103.4,109.8,-6.3999999999999915,15
2025,1631099,Keegan Murray,SAC,2,34.7,116.2,128.2,-11.999999999999986,18.5
2025,1642276,Kel'el Ware,MIA,17,24.4,115.3,113.7,1.5999999999999943,17.1
2025,1629640,Keldon Johnson,SAS,16,24.3,111.1,109.6,1.5,17.8
2025,203482,Kelly Olynyk,SAS,7,11.8,106.8,117.3,-10.5,18.2
2025,1626162,Kelly Oubre Jr.,PHI,12,34.8,115.9,114.6,1.3000000000000114,18
2025,203484,Kentavious Caldwell-Pope,MEM,17,22.9,103.1,113,-9.900000000000006,15.299999999999999
2025,1631165,Keon Ellis,SAC,16,18.1,106.3,116.9,-10.600000000000009,13.600000000000001
2025,1642352,Keshad Johnson,MIA,7,10.5,112.8,113,-0.20000000000000284,16.7
2025,201142,Kevin Durant,HOU,14,36.1,121.6,111,10.599999999999994,25.2
2025,1628989,Kevin Huerter,CHI,16,24.7,112.9,116.9,-4,19.5
2025,201567,Kevin Love,UTA,10,13.9,123.1,138,-14.900000000000006,16.6
2025,1626172,Kevon Looney,NOP,9,13.1,87.6,119.1,-31.5,11.700000000000001
2025,1641718,Keyonte George,UTA,16,34.5,114.7,122.4,-7.700000000000003,27.1
2025,203114,Khris Middleton,WAS,12,24.9,107.1,121.9,-14.800000000000011,16.6
2025,202691,Klay Thompson,DAL,17,21.7,96.2,103.8,-7.599999999999994,20.599999999999998
2025,1642920,Kobe Sanders,LAC,9,20.4,116.8,116.6,0.20000000000000284,15.9
2025,1642851,Kon Knueppel,CHA,17,33.6,113,116.4,-3.4000000000000057,20.599999999999998
2025,1627739,Kris Dunn,LAC,17,25.6,109.4,118.9,-9.5,12.5
2025,1631200,Kris Murray,POR,16,23.6,107.7,115.4,-7.700000000000003,10.299999999999999
2025,204001,Kristaps Porziņģis,ATL,11,26.8,119,116.5,2.5,24.8
2025,203937,Kyle Anderson,UTA,4,17.2,111.1,113.4,-2.3000000000000114,17.2
2025,1642271,Kyle Filipowski,UTA,15,20.3,111.8,118.4,-6.6000000000000085,17.5
2025,1628398,Kyle Kuzma,MIL,16,26,112.7,113.1,-0.3999999999999915,21.2
2025,1642273,Kyshawn George,WAS,15,31.6,105.3,120.2,-14.900000000000006,22.1
2025,1630163,LaMelo Ball,CHA,10,30.7,121.9,117.2,4.700000000000003,31
2025,1629013,Landry Shamet,NYK,15,20.9,111.9,110.2,1.7000000000000028,14.399999999999999
2025,1626204,Larry Nance Jr.,CLE,14,15.2,104.8,115.6,-10.799999999999997,13.600000000000001
2025,1628374,Lauri Markkanen,UTA,16,35.8,113.5,115.6,-2.0999999999999943,27.200000000000003
2025,2544,LeBron James,LAL,2,32,114.4,122,-7.599999999999994,20.3
2025,1642862,Liam McNeeley,CHA,11,13.2,110.1,115.3,-5.200000000000003,14.799999999999999
2025,1628366,Lonzo Ball,CLE,14,23.3,112.3,109.9,2.3999999999999915,13.8
2025,1629652,Luguentz Dort,OKC,12,28.9,120.5,103.1,17.400000000000006,12.5
2025,1629029,Luka Dončić,LAL,12,37.1,119.8,113.6,6.200000000000003,36.4
2025,1630568,Luka Garza,BOS,15,14.8,110.4,116.6,-6.199999999999989,15.8
2025,1628379,Luke Kennard,ATL,15,22.1,112.7,109.3,3.4000000000000057,13.900000000000002
2025,1628436,Luke Kornet,SAS,9,23.7,115.2,109.8,5.400000000000006,10.5
2025,1630644,Mac McClung,IND,3,11.3,100,115.8,-15.799999999999997,21.6
2025,1628370,Malik Monk,SAC,14,23.9,112.3,110.6,1.7000000000000028,20.599999999999998
2025,203935,Marcus Smart,LAL,13,27.3,115.4,105.7,9.700000000000003,16.3
2025,1631109,Mark Williams,PHX,15,25.4,116.4,109.7,6.700000000000003,15.9
2025,1628963,Marvin Bagley III,WAS,14,15.8,105.4,120.1,-14.699999999999989,16.400000000000002
2025,1641824,Matas Buzelis,CHI,16,27.8,112.5,112.2,0.29999999999999716,20
2025,1629680,Matisse Thybulle,POR,4,12.2,109.6,88.7,20.89999999999999,10.2
2025,1631108,Max Christie,DAL,18,29.9,108.8,111.6,-2.799999999999997,15.2
2025,1628467,Maxi Kleber,LAL,5,12.9,115.9,95.5,20.400000000000006,5.3
2025,1642875,Maxime Raynaud,SAC,9,13.5,107.9,118.5,-10.599999999999994,17.2
2025,1642877,Micah Peavy,NOP,13,13.5,105.5,117,-11.5,13.3
2025,1629008,Michael Porter Jr.,BKN,15,32.9,114.9,123.5,-8.599999999999994,27.700000000000003
2025,1628969,Mikal Bridges,NYK,15,35.3,119.8,115.9,3.8999999999999915,16.1
2025,201144,Mike Conley,MIN,16,20.2,116.7,114,2.700000000000003,11.799999999999999
2025,1628970,Miles Bridges,CHA,17,35,114,119.4,-5.400000000000006,24.6
2025,1630540,Miles McBride,NYK,12,24.1,119.9,113.9,6,17.1
2025,1629011,Mitchell Robinson,NYK,9,17.1,127.5,119.7,7.799999999999997,9.3
2025,1628420,Monte Morris,IND,6,10.8,83.3,104.2,-20.900000000000006,14.099999999999998
2025,1630541,Moses Moody,GSW,16,25.5,108.5,106.4,2.0999999999999943,18.3
2025,1631243,Mouhamed Gueye,ATL,18,16.7,112.4,106.3,6.1000000000000085,14.899999999999999
2025,1630619,Moussa Cisse,DAL,14,10.9,110.8,109.2,1.5999999999999943,13.8
2025,1631217,Moussa Diabaté,CHA,17,23.2,113.4,120.3,-6.8999999999999915,13.900000000000002
2025,1626167,Myles Turner,MIL,17,29.9,115.2,114.6,0.6000000000000085,17
2025,1641772,Nae'Qwan Tomlin,CLE,9,14.4,115.7,104.1,11.600000000000009,17.9
2025,1630230,Naji Marshall,DAL,18,26.7,102.1,110.3,-8.200000000000003,16.6
2025,1629675,Naz Reid,MIN,16,24.5,112,113.4,-1.4000000000000057,21.099999999999998
2025,1629674,Neemias Queta,BOS,17,23.7,117.1,100.6,16.5,14.399999999999999
2025,1629651,Nic Claxton,BKN,16,29.9,114.4,124.2,-9.799999999999997,18.8
2025,1641733,Nick Smith Jr.,LAL,6,15,115.1,108.1,7,22.1
2025,1629638,Nickeil Alexander-Walker,ATL,16,31.8,115.5,113.8,1.7000000000000028,24
2025,201587,Nicolas Batum,LAC,17,17.8,111.6,118.7,-7.1000000000000085,11.1
2025,203999,Nikola Jokić,DEN,16,34.9,126.8,111.2,15.599999999999994,28.599999999999998
2025,1631107,Nikola Jović,MIA,14,21.3,114.6,108,6.599999999999994,18.6
2025,202696,Nikola Vučević,CHI,16,30.6,112,118,-6,21.5
2025,1642363,Nique Clifford,SAC,13,17.6,110.7,112.7,-2,12.7
2025,1641730,Noah Clowney,BKN,16,26.4,114,121.9,-7.900000000000006,18.9
2025,1626181,Norman Powell,MIA,14,30.5,119.5,110.7,8.799999999999997,27.1
2025,1628384,OG Anunoby,NYK,12,31.1,123,106.4,16.599999999999994,19.400000000000002
2025,1630167,Obi Toppin,IND,3,27.4,111.9,118.4,-6.5,23.200000000000003
2025,1630534,Ochai Agbaji,TOR,11,14.1,115.9,110.7,5.200000000000003,11.1
2025,1641765,Olivier-Maxence Prosper,MEM,11,10.1,101.2,112,-10.799999999999997,16.2
2025,1630168,Onyeka Okongwu,ATL,17,29.7,111.5,111.3,0.20000000000000284,20.4
2025,1642345,Oso Ighodaro,PHX,17,15.7,113.5,105.1,8.400000000000006,13.600000000000001
2025,1631172,Ousmane Dieng,OKC,14,11,103.7,104.9,-1.2000000000000028,14.399999999999999
2025,1629023,P.J. Washington,DAL,17,31.3,103.8,109.9,-6.1000000000000085,22.1
2025,1631094,Paolo Banchero,ORL,12,32.8,115.3,112.6,2.700000000000003,27.1
2025,1627783,Pascal Siakam,IND,15,35.1,109.8,120,-10.200000000000003,27.800000000000004
2025,1630311,Pat Spencer,GSW,10,13.2,105.6,110.2,-4.6000000000000085,19.6
2025,1630172,Patrick Williams,CHI,15,21,111.9,112.7,-0.7999999999999972,15.1
2025,202331,Paul George,PHI,3,22,104.3,107.2,-2.9000000000000057,26.3
2025,1630194,Paul Reed,DET,14,12,113.2,106,7.200000000000003,17.8
2025,1630202,Payton Pritchard,BOS,17,32.4,119.4,112.6,6.800000000000011,20.3
2025,1641796,Pelle Larsson,MIA,17,23,117.5,116.3,1.2000000000000028,16.900000000000002
2025,1631212,Peyton Watson,DEN,16,25.2,126.9,116.1,10.800000000000011,14.2
2025,1630173,Precious Achiuwa,SAC,10,19.1,104.4,119.9,-15.5,13.600000000000001
2025,1629656,Quentin Grimes,PHI,16,32,115.1,110.3,4.799999999999997,20.3
2025,1631245,Quenton Jackson,IND,5,20.1,112.9,101.4,11.5,19.3
2025,1642366,Quinten Post,GSW,18,15,117.4,104.3,13.100000000000009,17.2
2025,1629628,RJ Barrett,TOR,17,30.9,117.1,114.5,2.5999999999999943,23.599999999999998
2025,1642484,RayJ Dennis,IND,12,13.5,94.7,109.8,-15.099999999999994,20.5
2025,1642263,Reed Sheppard,HOU,14,23.9,122.8,111.7,11.099999999999994,18.9
2025,1642265,Rob Dillingham,MIN,14,11,100.3,110.2,-9.900000000000006,23.9
2025,1629057,Robert Williams III,POR,10,12.8,111.7,119.5,-7.799999999999997,11.799999999999999
2025,1641842,Ronald Holland II,DET,16,23.4,109.9,105.3,4.6000000000000085,17.8
2025,1626220,Royce O'Neale,PHX,17,30,114.5,114.3,0.20000000000000284,14.499999999999998
2025,203497,Rudy Gobert,MIN,16,31.8,117.4,106.4,11,12.2
2025,1629060,Rui Hachimura,LAL,15,33.6,115.3,113.9,1.3999999999999915,15.299999999999999
2025,201566,Russell Westbrook,SAC,17,28.2,108.9,121.8,-12.899999999999991,23.200000000000003
2025,1642346,Ryan Dunn,PHX,16,24.1,117.6,109.4,8.199999999999989,14.499999999999998
2025,1641750,Ryan Kalkbrenner,CHA,15,25.4,111.1,115.1,-4,11.600000000000001
2025,1631157,Ryan Rollins,MIL,17,31.7,116,116.3,-0.29999999999999716,24.2
2025,1630180,Saddiq Bey,NOP,16,26.4,103.8,118.9,-15.100000000000009,17.8
2025,1630573,Sam Hauser,BOS,17,21.4,116.1,115.7,0.3999999999999915,14.399999999999999
2025,1630241,Sam Merrill,CLE,12,25.9,117,111,6,16.8
2025,1630572,Sandro Mamukelashvili,TOR,16,18.4,118,101.9,16.099999999999994,18.4
2025,1630583,Santi Aldama,MEM,17,26.3,110.9,114,-3.0999999999999943,20.3
2025,1630567,Scottie Barnes,TOR,17,32.6,118.6,111.6,7,23.200000000000003
2025,1631101,Shaedon Sharpe,POR,14,28.6,116,112.7,3.299999999999997,31.6
2025,1628983,Shai Gilgeous-Alexander,OKC,18,33,125.9,104.5,21.400000000000006,32.7
2025,1631321,Sidy Cissoko,POR,12,15.7,112.8,116.4,-3.6000000000000085,11.899999999999999
2025,1631323,Simone Fontecchio,MIA,17,19.3,111.2,106.4,4.799999999999997,19
2025,1642883,Sion James,CHA,17,26.6,113.6,116.8,-3.200000000000003,10.299999999999999
2025,1642461,Spencer Jones,DEN,12,11.1,109.2,108.8,0.4000000000000057,6.9
2025,201939,Stephen Curry,GSW,14,31.1,117.8,115.1,2.700000000000003,32.7
2025,1642264,Stephon Castle,SAS,13,32,114.2,107.1,7.1000000000000085,24.5
2025,203500,Steven Adams,HOU,13,22.3,123.2,106.5,16.700000000000003,11.600000000000001
2025,1629004,Svi Mykhailiuk,UTA,16,26.7,112.2,113.7,-1.5,12.5
2025,204456,T.J. McConnell,IND,6,15,99.5,124.1,-24.599999999999994,22.6
2025,1631106,Tari Eason,HOU,11,23.2,117.6,108.4,9.199999999999989,18
2025,1627752,Taurean Prince,MIL,8,21.1,113.6,109.4,4.199999999999989,10.8
2025,1641707,Taylor Hendricks,UTA,11,14.3,100,113.1,-13.099999999999994,13
2025,1629611,Terance Mann,BKN,16,27,113,123.4,-10.400000000000006,13.8
2025,1630545,Terrence Shannon Jr.,MIN,7,16.5,101.6,121.3,-19.700000000000003,12.8
2025,1642275,Tidjane Salaün,CHA,7,11.9,129.4,115.7,13.700000000000003,11.700000000000001
2025,203501,Tim Hardaway Jr.,DEN,16,23.6,122,108.9,13.099999999999994,15.8
2025,202699,Tobias Harris,DET,7,30.9,117.9,112.4,5.5,17.5
2025,1642449,Tolu Smith,DET,2,11.1,106.1,108,-1.9000000000000057,20.7
2025,1628396,Tony Bradley,IND,16,13.3,106.2,121.7,-15.5,14.000000000000002
2025,1641739,Toumani Camara,POR,17,34.1,115.4,118.2,-2.799999999999997,15.7
2025,1629027,Trae Young,ATL,5,27.8,114,123.2,-9.200000000000003,27.6
2025,1631218,Trayce Jackson-Davis,GSW,11,11.6,99.3,115.8,-16.5,14.299999999999999
2025,1642848,Tre Johnson,WAS,15,24.2,105.1,119.5,-14.400000000000006,19.6
2025,1630200,Tre Jones,CHI,13,28.7,108.1,115.9,-7.800000000000011,17.1
2025,1630544,Tre Mann,CHA,15,21.6,108.6,122.6,-14,23.5
2025,1630570,Trendon Watford,PHI,13,21.2,115.5,112.8,2.700000000000003,16.6
2025,1630530,Trey Murphy III,NOP,17,35.3,104.3,118.9,-14.600000000000009,21
2025,1641783,Tristan da Silva,ORL,18,24.2,119.3,109.1,10.200000000000003,17.9
2025,1631213,Tyrese Martin,BKN,16,21.1,109.4,115.6,-6.199999999999989,18.5
2025,1630178,Tyrese Maxey,PHI,16,40.4,117.7,114.9,2.799999999999997,29.9
2025,1642878,Tyrese Proctor,CLE,15,11.4,99.7,113.1,-13.399999999999991,20.1
2025,1626145,Tyus Jones,ORL,18,13.3,103.4,116.6,-13.199999999999989,8.799999999999999
2025,1642845,VJ Edgecombe,PHI,15,37.4,116.9,113.8,3.1000000000000085,19
2025,1641705,Victor Wembanyama,SAS,12,34.7,114.4,105.5,8.900000000000006,30.099999999999998
2025,1631246,Vince Williams Jr.,MEM,12,20.9,110.4,108.1,2.3000000000000114,19.6
2025,1630249,Vít Krejčí,ATL,14,24,111.1,109.4,1.6999999999999886,13.8
2025,1631117,Walker Kessler,UTA,5,30.8,118.8,114,4.799999999999997,16.7
2025,1642383,Walter Clayton Jr.,UTA,12,15.8,109.3,118.5,-9.200000000000003,16
2025,1628976,Wendell Carter Jr.,ORL,17,29.9,112.8,108.9,3.8999999999999915,15.6
2025,1631111,Wendell Moore Jr.,DET,3,14.4,130,92.4,37.599999999999994,7.3
2025,1642954,Will Richard,GSW,16,17.5,104.5,116.1,-11.599999999999994,14.799999999999999
2025,1642274,Yves Missi,NOP,12,18.6,107.2,120.5,-13.299999999999997,12.4
2025,1642258,Zaccharie Risacher,ATL,15,24.1,119.9,107.2,12.700000000000003,19.400000000000002
2025,1641744,Zach Edey,MEM,4,25.3,118.3,100.9,17.39999999999999,16.7
2025,203897,Zach LaVine,SAC,15,33.6,107.7,126,-18.299999999999997,23.400000000000002
2025,1630533,Ziaire Williams,BKN,14,23,103.7,117.3,-13.599999999999994,16.900000000000002
2025,1629627,Zion Williamson,NOP,7,30.9,113.1,116.7,-3.6000000000000085,28.599999999999998
