SEASON,PLAYER_NAME,TEAM_ABBREVIATION,PLAYER_ID,GP,MPG,GAMES,FIRST_GAME,LAST_GAME,OFFRTG_AVG,DEFRTG_AVG,NETRTG_AVG
2017-18,Alex Caruso,LAL,1627936,37,15.186756756756756,10,2017-10-19T00:00:00,2018-01-01T00:00:00,104.94,109.45,-4.5100000000000025
2017-18,Bam Adebayo,MIA,1628389,69,19.82876811594203,10,2017-10-18T00:00:00,2017-11-19T00:00:00,94.35,133.74,-39.39
2017-18,Ben Simmons,PHI,1627732,81,33.722880658436175,10,2017-10-18T00:00:00,2017-11-07T00:00:00,104.76,102.72,2.039999999999998
2017-18,Bogdan Bogdanović,SAC,203992,78,27.886602564102567,10,2017-10-23T00:00:00,2017-11-13T00:00:00,95.66,110.89,-15.23
2017-18,C.J. Williams,LAC,203710,38,18.592149122807026,10,2017-11-10T00:00:00,2017-12-03T00:00:00,90.03,84.91,5.119999999999999
2017-18,De'Aaron Fox,SAC,1628368,73,27.746986301369862,10,2017-10-18T00:00:00,2017-11-07T00:00:00,100.19,110.84,-10.649999999999999
2017-18,Dennis Smith Jr.,DAL,1628372,69,29.69717391304348,10,2017-10-18T00:00:00,2017-11-07T00:00:00,99.39,112.38,-12.989999999999998
2017-18,Dillon Brooks,MEM,1628415,82,28.65648373983744,10,2017-10-18T00:00:00,2017-11-05T00:00:00,105.61,92.73,12.879999999999999
2017-18,Donovan Mitchell,UTA,1628378,79,33.393797468354435,10,2017-10-18T00:00:00,2017-11-05T00:00:00,102.67,98.58,4.089999999999999
2017-18,Frank Mason III,SAC,1628412,52,18.92294871794871,10,2017-10-21T00:00:00,2017-11-20T00:00:00,105.01,109.74,-4.7299999999999995
2017-18,Frank Ntilikina,NYK,1628373,78,21.86728632478628,10,2017-10-19T00:00:00,2017-11-11T00:00:00,110.66,100.37,10.290000000000001
2017-18,Jarrett Allen,BKN,1628386,72,20.015486111111112,10,2017-10-20T00:00:00,2017-11-24T00:00:00,104.23,103.88,0.34999999999999504
2017-18,Jawun Evans,LAC,1628393,48,16.205381944444436,10,2017-10-30T00:00:00,2017-11-22T00:00:00,104.1,100.7,3.4
2017-18,Jayson Tatum,BOS,1628369,80,30.536395833333376,10,2017-10-17T00:00:00,2017-11-05T00:00:00,105.18,95.81,9.370000000000001
2017-18,John Collins,ATL,1628381,74,24.116486486486487,10,2017-10-18T00:00:00,2017-11-05T00:00:00,103.28,101.89,1.390000000000002
2017-18,Jonathan Isaac,ORL,1628371,27,19.830061728395073,10,2017-10-18T00:00:00,2017-11-08T00:00:00,101.02,101.67,-0.6499999999999986
2017-18,Josh Hart,LAL,1628404,63,23.18288359788365,10,2017-10-20T00:00:00,2017-11-08T00:00:00,91.39,95.32,-3.9299999999999984
2017-18,Josh Jackson,PHX,1628367,77,25.444393939393898,10,2017-10-18T00:00:00,2017-11-05T00:00:00,96.74,107.42,-10.679999999999998
2017-18,Justin Jackson,SAC,1628382,68,22.150857843137207,10,2017-10-18T00:00:00,2017-11-07T00:00:00,91.16,102.1,-10.940000000000001
2017-18,Kobi Simmons,MEM,1628424,32,20.096666666666657,10,2017-11-29T00:00:00,2018-01-02T00:00:00,106.17,112.14,-5.969999999999998
2017-18,Kyle Kuzma,LAL,1628398,77,31.18058441558442,10,2017-10-19T00:00:00,2017-11-05T00:00:00,101.12,104.19,-3.0700000000000016
2017-18,Lauri Markkanen,CHI,1628374,68,29.706176470588236,10,2017-10-19T00:00:00,2017-11-10T00:00:00,99.95,104.36,-4.410000000000001
2017-18,Lonzo Ball,LAL,1628366,52,34.23185897435904,10,2017-10-19T00:00:00,2017-11-05T00:00:00,101.56,101.9,-0.3400000000000034
2017-18,Luke Kennard,DET,1628379,73,20.03799086757986,10,2017-10-20T00:00:00,2017-11-17T00:00:00,107.82,90.61,17.21
2017-18,Maxi Kleber,DAL,1628467,72,16.751504629629583,10,2017-10-21T00:00:00,2017-11-17T00:00:00,106.82,95.56,11.26
2017-18,Mike James,NOP,1628455,36,19.06912037037036,10,2017-10-18T00:00:00,2017-11-05T00:00:00,105.67,105.97,-0.2999999999999957
2017-18,Milos Teodosic,LAC,1628462,45,25.201222222222224,10,2017-10-19T00:00:00,2017-12-29T00:00:00,111.28999999999999,93.11,18.18
2017-18,OG Anunoby,TOR,1628384,74,20.019752252252296,10,2017-10-19T00:00:00,2017-11-07T00:00:00,110.53999999999999,95.73,14.809999999999999
2017-18,Royce O'Neale,UTA,1626220,69,16.660169082125652,10,2017-10-21T00:00:00,2017-11-22T00:00:00,103.36,94.41,8.95
2017-18,Semi Ojeleye,BOS,1628400,73,15.756301369863014,10,2017-10-17T00:00:00,2017-11-06T00:00:00,99.4,106.19,-6.789999999999997
2017-18,Sindarius Thornwell,LAC,1628414,73,15.833972602739728,10,2017-10-19T00:00:00,2017-11-07T00:00:00,95.07,104.71000000000001,-9.640000000000002
2017-18,Torrey Craig,DEN,1628470,39,16.12517094017095,10,2017-11-28T00:00:00,2018-01-03T00:00:00,105.2,110.68,-5.48
2017-18,Tyler Dorsey,ATL,1628416,56,17.396607142857142,10,2017-10-20T00:00:00,2017-12-14T00:00:00,107.97,74.9,33.07
2017-18,Tyrone Wallace,LAC,1627820,30,28.372833333333332,10,2018-01-06T00:00:00,2018-01-24T00:00:00,109.6,106.92,2.680000000000001
2017-18,Wes Iwundu,ORL,1628411,62,16.456532258064517,10,2017-10-21T00:00:00,2017-12-09T00:00:00,79.16,95.97,-16.81
2017-18,Zach Collins,POR,1628380,66,15.840151515151517,10,2017-10-20T00:00:00,2017-12-11T00:00:00,99.63,104.39,-4.759999999999995
