SEASON,PLAYER_ID
2024,1642358
2024,1641737
2024,1642349
2024,1642259
2024,1641810
2024,1631248
2024,1642267
2024,1642285
2024,1642262
2024,1642261
2024,1642269
2024,1641794
2024,1642270
2024,1642268
2024,1642266
2024,1642347
2024,1642419
2024,1641740
2024,1642377
2024,1642367
2024,1642348
2024,1642354
2024,1631255
2024,1630811
2024,1642276
2024,1642271
2024,1642273
2024,1641824
2024,1642345
2024,1641796
2024,1642366
2024,1641736
2024,1642263
2024,1642265
2024,1641842
2024,1642346
2024,1642264
2024,1630545
2024,1642275
2024,1641783
2024,1642274
2024,1642258
2024,1641744
