SEASON,PLAYER_NAME,TEAM_ABBREVIATION,PLAYER_ID,GP,MIN,MPG,OFF_RATING,DEF_RATING,NET_RATING,PIE,USG_PCT,IS_ROOKIE,PLAYER_TYPE
2024,AJ Green,MIL,1631260,73,22.7,0.31095890410958904,114,107.6,6.4,0.058,0.123,FALSE,Veteran
2024,Aaron Gordon,DEN,203932,51,28.4,0.5568627450980392,122.5,113,9.5,0.104,0.186,FALSE,Veteran
2024,Aaron Wiggins,OKC,1630598,76,22.9,0.3013157894736842,120.7,106.6,14.2,0.105,0.2,FALSE,Veteran
2024,Al Horford,BOS,201143,60,27.6,0.46,119.6,108.1,11.5,0.091,0.136,FALSE,Veteran
2024,Alex Sarr,WAS,1642259,67,27.1,0.4044776119402985,102.7,116.4,-13.7,0.084,0.23,TRUE,Rookie
2024,Alperen Sengun,HOU,1630578,76,31.5,0.4144736842105263,114.9,107.4,7.6,0.153,0.259,FALSE,Veteran
2024,Amen Thompson,HOU,1641708,69,32.3,0.4681159420289855,114.2,107.9,6.3,0.129,0.172,FALSE,Veteran
2024,Amir Coffey,LAC,1629599,72,24.3,0.3375,109.1,110.6,-1.4,0.072,0.15,FALSE,Veteran
2024,Andrew Nembhard,IND,1629614,65,28.9,0.4446153846153846,115.5,110.2,5.3,0.081,0.163,FALSE,Veteran
2024,Andrew Wiggins,MIA,203952,60,30.7,0.5116666666666666,109.4,111.7,-2.3,0.105,0.238,FALSE,Veteran
2024,Anfernee Simons,POR,1629014,70,32.7,0.4671428571428572,108.8,113.4,-4.6,0.106,0.241,FALSE,Veteran
2024,Anthony Black,ORL,1641710,78,24.2,0.31025641025641026,106.2,107.1,-0.9,0.084,0.19,FALSE,Veteran
2024,Anthony Davis,DAL,203076,51,33.4,0.6549019607843137,113.3,112.9,0.5,0.179,0.301,FALSE,Veteran
2024,Anthony Edwards,MIN,1630162,79,36.3,0.4594936708860759,116.2,111.4,4.8,0.14,0.307,FALSE,Veteran
2024,Ausar Thompson,DET,1641709,59,22.5,0.3813559322033898,113.1,109.2,4,0.104,0.185,FALSE,Veteran
2024,Austin Reaves,LAL,1630559,73,34.9,0.4780821917808219,117.1,113.3,3.8,0.118,0.23,FALSE,Veteran
2024,Bam Adebayo,MIA,1628389,78,34.3,0.4397435897435897,110.9,110.8,0.1,0.137,0.232,FALSE,Veteran
2024,Ben Simmons,LAC,1627732,51,22,0.43137254901960786,111.7,113.5,-1.8,0.103,0.133,FALSE,Veteran
2024,Bennedict Mathurin,IND,1631097,72,29.9,0.41527777777777775,113.8,112.2,1.6,0.092,0.222,FALSE,Veteran
2024,Bilal Coulibaly,WAS,1641731,59,33,0.559322033898305,104.5,118.3,-13.8,0.07,0.175,FALSE,Veteran
2024,Bogdan Bogdanović,LAC,203992,54,25,0.46296296296296297,112.7,110,2.7,0.074,0.183,FALSE,Veteran
2024,Bradley Beal,PHX,203078,53,32.1,0.6056603773584905,110.6,118.6,-8,0.093,0.219,FALSE,Veteran
2024,Brandin Podziemski,GSW,1641764,64,26.8,0.41875,111.6,105.1,6.6,0.114,0.177,FALSE,Veteran
2024,Brice Sensabaugh,UTA,1641729,71,20.2,0.28450704225352114,109.9,119.5,-9.6,0.087,0.208,FALSE,Veteran
2024,Brook Lopez,MIL,201572,80,31.8,0.3975,114.8,112.7,2.2,0.087,0.157,FALSE,Veteran
2024,Bub Carrington,WAS,1642267,82,30,0.36585365853658536,102.8,118,-15.2,0.071,0.154,TRUE,Rookie
2024,Buddy Hield,GSW,1627741,82,22.7,0.2768292682926829,112.3,110.1,2.2,0.085,0.196,FALSE,Veteran
2024,CJ McCollum,NOP,203468,56,32.7,0.5839285714285715,112.3,119.4,-7.1,0.097,0.266,FALSE,Veteran
2024,Cade Cunningham,DET,1630595,70,35,0.5,115,112.2,2.8,0.152,0.323,FALSE,Veteran
2024,Cameron Johnson,BKN,1629661,57,31.6,0.5543859649122808,110.9,116.7,-5.8,0.124,0.224,FALSE,Veteran
2024,Caris LeVert,ATL,1627747,64,24.9,0.3890625,120.5,113.4,7.2,0.094,0.191,FALSE,Veteran
2024,Cason Wallace,OKC,1641717,68,27.6,0.40588235294117647,117.2,107.1,10.1,0.075,0.124,FALSE,Veteran
2024,Chris Paul,SAS,101108,82,28,0.34146341463414637,114.2,115,-0.8,0.102,0.137,FALSE,Veteran
2024,Christian Braun,DEN,1631128,79,33.9,0.42911392405063287,122.7,114.5,8.2,0.096,0.155,FALSE,Veteran
2024,Clint Capela,ATL,203991,55,21.4,0.38909090909090904,108.7,111.5,-2.7,0.117,0.16,FALSE,Veteran
2024,Coby White,CHI,1629632,74,33.1,0.44729729729729734,111.5,113.9,-2.5,0.103,0.237,FALSE,Veteran
2024,Cody Martin,PHX,1628998,53,22.1,0.4169811320754717,108.1,111.3,-3.2,0.08,0.142,FALSE,Veteran
2024,Cody Williams,UTA,1642262,50,21.2,0.424,103,118.5,-15.5,0.021,0.122,TRUE,Rookie
2024,Collin Sexton,UTA,1629012,63,27.9,0.44285714285714284,110.4,117.9,-7.5,0.106,0.264,FALSE,Veteran
2024,Corey Kispert,WAS,1630557,61,26.3,0.4311475409836066,108.7,117.1,-8.5,0.074,0.169,FALSE,Veteran
2024,D'Angelo Russell,BKN,1626156,58,25.5,0.4396551724137931,110.1,111.6,-1.5,0.098,0.228,FALSE,Veteran
2024,Damian Lillard,MIL,203081,58,36.1,0.6224137931034484,115.3,114.6,0.7,0.144,0.269,FALSE,Veteran
2024,Daniel Gafford,DAL,1629655,57,21.5,0.37719298245614036,114.9,113.4,1.5,0.141,0.186,FALSE,Veteran
2024,Darius Garland,CLE,1629636,75,30.7,0.4093333333333333,123.2,113.4,9.9,0.126,0.265,FALSE,Veteran
2024,Davion Mitchell,MIA,1630558,74,27.4,0.37027027027027026,111,110.7,0.3,0.069,0.135,FALSE,Veteran
2024,De'Aaron Fox,SAS,1628368,62,36.1,0.582258064516129,113.7,114.9,-1.2,0.119,0.274,FALSE,Veteran
2024,De'Andre Hunter,CLE,1629631,64,27.2,0.425,115.9,113.9,2,0.101,0.221,FALSE,Veteran
2024,DeMar DeRozan,SAC,201942,77,35.9,0.4662337662337662,116.8,115.3,1.5,0.112,0.244,FALSE,Veteran
2024,Dean Wade,CLE,1629731,59,21.2,0.3593220338983051,120,109.4,10.7,0.067,0.101,FALSE,Veteran
2024,Deni Avdija,POR,1630166,72,30,0.4166666666666667,113.6,114.5,-0.9,0.126,0.228,FALSE,Veteran
2024,Dennis Schröder,DET,203471,75,28.1,0.3746666666666667,111.8,112.8,-0.9,0.091,0.211,FALSE,Veteran
2024,Derrick Jones Jr.,LAC,1627884,77,24.3,0.3155844155844156,115.5,108.7,6.7,0.076,0.16,FALSE,Veteran
2024,Derrick White,BOS,1628401,76,33.9,0.44605263157894737,119.7,109.5,10.2,0.106,0.195,FALSE,Veteran
2024,Desmond Bane,ORL,1630217,69,32,0.463768115942029,116.1,113.3,2.8,0.131,0.227,FALSE,Veteran
2024,Devin Booker,PHX,1626164,75,37.3,0.4973333333333333,115.3,118.5,-3.2,0.122,0.285,FALSE,Veteran
2024,Devin Vassell,SAS,1630170,64,31,0.484375,111.9,118.1,-6.2,0.092,0.217,FALSE,Veteran
2024,Dillon Brooks,HOU,1628415,75,31.8,0.424,113.5,108.8,4.7,0.067,0.176,FALSE,Veteran
2024,Domantas Sabonis,SAC,1627734,70,34.7,0.4957142857142858,116.5,113.9,2.6,0.164,0.213,FALSE,Veteran
2024,Donovan Mitchell,CLE,1628378,71,31.4,0.44225352112676053,119.7,109.1,10.5,0.137,0.298,FALSE,Veteran
2024,Donte DiVincenzo,MIN,1628978,62,25.9,0.41774193548387095,114.2,109.1,5.1,0.1,0.188,FALSE,Veteran
2024,Dorian Finney-Smith,LAL,1627827,63,28.9,0.4587301587301587,119.1,110.3,8.8,0.06,0.123,FALSE,Veteran
2024,Draymond Green,GSW,203110,68,29.2,0.4294117647058823,115.4,108.8,6.6,0.088,0.157,FALSE,Veteran
2024,Duncan Robinson,MIA,1629130,74,24.1,0.3256756756756757,110.1,109.9,0.2,0.078,0.187,FALSE,Veteran
2024,Dyson Daniels,ATL,1630700,76,33.8,0.4447368421052631,113.3,114.2,-0.9,0.099,0.178,FALSE,Veteran
2024,Evan Mobley,CLE,1630596,71,30.5,0.4295774647887324,120.5,108.6,11.9,0.151,0.226,FALSE,Veteran
2024,Franz Wagner,ORL,1630532,60,33.7,0.5616666666666668,111.8,105.8,6,0.153,0.306,FALSE,Veteran
2024,Fred VanVleet,HOU,1627832,60,35.2,0.5866666666666667,115,108.8,6.2,0.093,0.176,FALSE,Veteran
2024,Gabe Vincent,LAL,1629216,72,21.2,0.29444444444444445,111.8,110.7,1.1,0.039,0.131,FALSE,Veteran
2024,Gary Trent Jr.,MIL,1629018,74,25.6,0.34594594594594597,115.9,114,1.9,0.07,0.168,FALSE,Veteran
2024,Georges Niang,ATL,1627777,79,21.5,0.2721518987341772,118.7,114.1,4.7,0.071,0.177,FALSE,Veteran
2024,Giannis Antetokounmpo,MIL,203507,67,34.2,0.5104477611940299,118.9,111.7,7.2,0.21,0.346,FALSE,Veteran
2024,Goga Bitadze,ORL,1629048,70,20.4,0.2914285714285714,110.1,107.4,2.7,0.134,0.142,FALSE,Veteran
2024,Gradey Dick,TOR,1641711,54,29.4,0.5444444444444444,110.3,116.1,-5.8,0.071,0.209,FALSE,Veteran
2024,Grayson Allen,PHX,1628960,64,24.1,0.3765625,114.7,118,-3.3,0.084,0.169,FALSE,Veteran
2024,Guerschon Yabusele,PHI,1627824,70,27.1,0.3871428571428572,113.5,116.7,-3.2,0.092,0.163,FALSE,Veteran
2024,Harrison Barnes,SAS,203084,82,27.2,0.33170731707317075,114.5,115.6,-1.2,0.092,0.157,FALSE,Veteran
2024,Haywood Highsmith,MIA,1629312,74,24.6,0.3324324324324325,111.8,110.4,1.4,0.057,0.111,FALSE,Veteran
2024,Isaiah Collier,UTA,1642268,71,25.9,0.36478873239436616,108.3,118.6,-10.4,0.077,0.186,TRUE,Rookie
2024,Isaiah Hartenstein,OKC,1628392,57,27.9,0.4894736842105263,118.3,105.3,13,0.138,0.165,FALSE,Veteran
2024,Isaiah Joe,OKC,1630198,74,21.7,0.29324324324324325,119.9,104.1,15.8,0.089,0.166,FALSE,Veteran
2024,Ivica Zubac,LAC,1627826,80,32.8,0.41,116.5,107.1,9.4,0.157,0.192,FALSE,Veteran
2024,Ja Morant,MEM,1629630,50,30.4,0.608,116.4,109.6,6.8,0.141,0.312,FALSE,Veteran
2024,Ja'Kobe Walter,TOR,1642266,52,21.2,0.4076923076923077,108.6,111.1,-2.4,0.068,0.179,TRUE,Rookie
2024,Jabari Smith Jr.,HOU,1631095,57,30.1,0.5280701754385965,113.4,106.1,7.3,0.093,0.16,FALSE,Veteran
2024,Jaden McDaniels,MIN,1630183,82,31.9,0.3890243902439024,113.9,109.9,4,0.086,0.16,FALSE,Veteran
2024,Jaime Jaquez Jr.,MIA,1631170,66,20.7,0.3136363636363636,107.9,113.9,-6,0.098,0.194,FALSE,Veteran
2024,Jake LaRavia,SAC,1631222,66,20.4,0.3090909090909091,115,111.2,3.8,0.081,0.14,FALSE,Veteran
2024,Jakob Poeltl,TOR,1627751,57,29.6,0.5192982456140351,111.2,111.9,-0.7,0.133,0.184,FALSE,Veteran
2024,Jalen Brunson,NYK,1628973,65,35.4,0.5446153846153846,118.3,115.7,2.6,0.138,0.289,FALSE,Veteran
2024,Jalen Duren,DET,1631105,78,26.1,0.33461538461538465,115.5,114,1.5,0.14,0.161,FALSE,Veteran
2024,Jalen Green,HOU,1630224,82,32.9,0.4012195121951219,113.8,111.1,2.8,0.111,0.267,FALSE,Veteran
2024,Jalen Williams,OKC,1631114,69,32.4,0.4695652173913043,116.7,106.5,10.2,0.138,0.27,FALSE,Veteran
2024,Jalen Wilson,BKN,1630592,79,25.7,0.32531645569620254,106.9,113.7,-6.7,0.065,0.161,FALSE,Veteran
2024,Jamal Murray,DEN,1627750,67,36.1,0.5388059701492538,122,115.5,6.5,0.111,0.235,FALSE,Veteran
2024,James Harden,LAC,201935,79,35.3,0.4468354430379746,115.4,109.2,6.2,0.145,0.286,FALSE,Veteran
2024,Jaren Jackson Jr.,MEM,1628991,74,29.8,0.4027027027027027,115.2,108.8,6.4,0.124,0.274,FALSE,Veteran
2024,Jarrett Allen,CLE,1628386,82,28,0.34146341463414637,121.9,111.3,10.5,0.148,0.156,FALSE,Veteran
2024,Jaylen Brown,BOS,1627759,63,34.3,0.5444444444444444,121.1,111.7,9.5,0.114,0.282,FALSE,Veteran
2024,Jaylen Wells,MEM,1642377,79,25.9,0.32784810126582276,116.7,111.9,4.7,0.065,0.156,TRUE,Rookie
2024,Jayson Tatum,BOS,1628369,72,36.4,0.5055555555555555,119.6,109.8,9.8,0.158,0.301,FALSE,Veteran
2024,Jeremy Sochan,SAS,1631110,54,25.3,0.46851851851851856,111.9,114.5,-2.7,0.101,0.184,FALSE,Veteran
2024,Jimmy Butler III,GSW,202710,55,31.7,0.5763636363636363,115.9,109.6,6.3,0.145,0.203,FALSE,Veteran
2024,Jonathan Mogbo,TOR,1642367,63,20.4,0.32380952380952377,103.7,111.9,-8.2,0.083,0.145,TRUE,Rookie
2024,Jordan Hawkins,NOP,1641722,56,23.6,0.42142857142857143,106.6,118.1,-11.4,0.066,0.204,FALSE,Veteran
2024,Jordan Poole,WAS,1629673,68,29.4,0.43235294117647055,104.8,117.9,-13.1,0.107,0.281,FALSE,Veteran
2024,Jose Alvarado,NOP,1630631,56,24.4,0.43571428571428567,108.4,117.1,-8.7,0.09,0.193,FALSE,Veteran
2024,Josh Giddey,CHI,1630581,70,30.2,0.43142857142857144,113.1,114.4,-1.4,0.13,0.214,FALSE,Veteran
2024,Josh Green,CHA,1630182,68,27.8,0.4088235294117647,105.3,114.2,-8.9,0.043,0.115,FALSE,Veteran
2024,Josh Hart,NYK,1628404,77,37.6,0.4883116883116883,117.9,114.3,3.6,0.119,0.151,FALSE,Veteran
2024,Jrue Holiday,BOS,201950,62,30.6,0.49354838709677423,116.6,107.7,8.9,0.088,0.156,FALSE,Veteran
2024,Julian Champagnie,SAS,1630577,82,23.6,0.2878048780487805,112.3,114.5,-2.1,0.079,0.164,FALSE,Veteran
2024,Julian Strawther,DEN,1631124,65,21.3,0.3276923076923077,111.9,114.4,-2.5,0.057,0.173,FALSE,Veteran
2024,Julius Randle,MIN,203944,69,32.3,0.4681159420289855,115,111.6,3.4,0.124,0.246,FALSE,Veteran
2024,Justin Champagnie,WAS,1630551,62,21.6,0.34838709677419355,107.1,116.8,-9.7,0.101,0.15,FALSE,Veteran
2024,Jusuf Nurkić,CHA,203994,51,20.8,0.40784313725490196,106.1,115.1,-9,0.116,0.202,FALSE,Veteran
2024,Karl-Anthony Towns,NYK,1626157,72,35,0.4861111111111111,119.4,112.7,6.8,0.161,0.265,FALSE,Veteran
2024,Keegan Murray,SAC,1631099,76,34.3,0.45131578947368417,114.8,113.4,1.5,0.075,0.148,FALSE,Veteran
2024,Kel'el Ware,MIA,1642276,64,22.2,0.346875,112.8,110.9,1.9,0.119,0.169,TRUE,Rookie
2024,Keldon Johnson,SAS,1629640,77,23.9,0.3103896103896104,110.1,115.9,-5.8,0.103,0.207,FALSE,Veteran
2024,Kelly Oubre Jr.,PHI,1626162,60,34.6,0.5766666666666667,110.7,116.4,-5.7,0.084,0.186,FALSE,Veteran
2024,Kentavious Caldwell-Pope,MEM,203484,77,29.6,0.38441558441558443,109.1,108.6,0.5,0.065,0.121,FALSE,Veteran
2024,Keon Ellis,SAC,1631165,80,24.4,0.305,116.1,113.2,3,0.073,0.125,FALSE,Veteran
2024,Keon Johnson,BKN,1630553,79,24.4,0.30886075949367087,104.1,114.4,-10.3,0.07,0.212,FALSE,Veteran
2024,Kevin Durant,PHX,201142,62,36.5,0.5887096774193549,116.5,117.4,-1,0.142,0.283,FALSE,Veteran
2024,Kevin Huerter,CHI,1628989,69,24.3,0.3521739130434783,114.5,111.7,2.8,0.073,0.171,FALSE,Veteran
2024,Keyonte George,UTA,1641718,67,31.5,0.4701492537313433,110.1,122,-11.9,0.093,0.237,FALSE,Veteran
2024,Klay Thompson,DAL,202691,72,27.3,0.37916666666666665,112.8,115.2,-2.4,0.083,0.214,FALSE,Veteran
2024,Kris Dunn,LAC,1627739,74,24.1,0.3256756756756757,113.8,106,7.8,0.07,0.126,FALSE,Veteran
2024,Kyle Filipowski,UTA,1642271,72,21.1,0.29305555555555557,107.7,118.9,-11.3,0.103,0.184,TRUE,Rookie
2024,Kyle Kuzma,MIL,1628398,65,29.8,0.4584615384615385,105.8,116.1,-10.3,0.08,0.233,FALSE,Veteran
2024,Kyrie Irving,DAL,202681,50,36.1,0.722,116.5,113.9,2.6,0.129,0.264,FALSE,Veteran
2024,Kyshawn George,WAS,1642273,68,26.5,0.3897058823529412,105.4,115.5,-10.1,0.058,0.156,TRUE,Rookie
2024,LeBron James,LAL,2544,70,34.9,0.49857142857142855,112.7,114,-1.3,0.169,0.291,FALSE,Veteran
2024,Luguentz Dort,OKC,1629652,71,29.2,0.4112676056338028,120.4,107.3,13.1,0.063,0.133,FALSE,Veteran
2024,Luka Dončić,LAL,1629029,50,35.4,0.708,119.6,110.5,9.1,0.17,0.328,FALSE,Veteran
2024,Luke Kennard,MEM,1628379,65,22.6,0.3476923076923077,117.6,114.5,3.1,0.093,0.14,FALSE,Veteran
2024,Malik Beasley,DET,1627736,82,27.8,0.33902439024390246,113.3,110.2,3.1,0.091,0.215,FALSE,Veteran
2024,Malik Monk,SAC,1628370,65,31.6,0.48615384615384616,117,114.5,2.5,0.099,0.236,FALSE,Veteran
2024,Max Christie,DAL,1631108,78,27.3,0.35000000000000003,112.6,114.3,-1.7,0.069,0.15,FALSE,Veteran
2024,Max Strus,CLE,1629622,50,25.5,0.51,120.1,112.2,7.9,0.083,0.143,FALSE,Veteran
2024,Michael Porter Jr.,DEN,1629008,77,33.7,0.4376623376623377,119.8,115.4,4.4,0.101,0.197,FALSE,Veteran
2024,Mikal Bridges,NYK,1628969,82,37,0.45121951219512196,118.4,112.9,5.6,0.09,0.192,FALSE,Veteran
2024,Mike Conley,MIN,201144,71,24.7,0.34788732394366195,115.5,109,6.5,0.092,0.141,FALSE,Veteran
2024,Miles Bridges,CHA,1628970,64,31.7,0.4953125,108.2,113.6,-5.5,0.135,0.273,FALSE,Veteran
2024,Miles McBride,NYK,1630540,64,24.9,0.3890625,116.8,109.7,7.1,0.077,0.162,FALSE,Veteran
2024,Moses Moody,GSW,1630541,74,22.3,0.3013513513513514,113.2,108.9,4.3,0.076,0.17,FALSE,Veteran
2024,Myles Turner,IND,1626167,72,30.2,0.41944444444444445,116.1,111.5,4.7,0.103,0.207,FALSE,Veteran
2024,Naji Marshall,DAL,1630230,69,27.8,0.4028985507246377,111.5,114.7,-3.2,0.105,0.197,FALSE,Veteran
2024,Naz Reid,MIN,1629675,80,27.5,0.34375,116.2,108.8,7.4,0.11,0.21,FALSE,Veteran
2024,Nic Claxton,BKN,1629651,70,26.9,0.3842857142857143,103.6,116.2,-12.6,0.115,0.166,FALSE,Veteran
2024,Nick Richards,PHX,1630208,57,22,0.38596491228070173,112.3,120.9,-8.7,0.107,0.169,FALSE,Veteran
2024,Nick Smith Jr.,CHA,1641733,60,22.8,0.38,102.1,116.4,-14.3,0.064,0.205,FALSE,Veteran
2024,Nickeil Alexander-Walker,MIN,1629638,82,25.3,0.30853658536585366,115.1,108.5,6.6,0.081,0.155,FALSE,Veteran
2024,Nikola Jokić,DEN,203999,70,36.7,0.5242857142857144,125.6,115.1,10.5,0.206,0.285,FALSE,Veteran
2024,Nikola Vučević,CHI,202696,73,31.2,0.42739726027397257,113.6,116,-2.4,0.136,0.221,FALSE,Veteran
2024,Norman Powell,LAC,1626181,60,32.6,0.5433333333333333,116.2,107.4,8.8,0.11,0.255,FALSE,Veteran
2024,OG Anunoby,NYK,1628384,74,36.6,0.4945945945945946,117.7,112.3,5.4,0.093,0.195,FALSE,Veteran
2024,Ochai Agbaji,TOR,1630534,64,27.2,0.425,106.4,112.2,-5.7,0.081,0.144,FALSE,Veteran
2024,Onyeka Okongwu,ATL,1630168,74,27.9,0.377027027027027,114.9,113.7,1.1,0.122,0.169,FALSE,Veteran
2024,P.J. Washington,DAL,1629023,57,32.2,0.5649122807017545,114.2,113.2,1.1,0.097,0.198,FALSE,Veteran
2024,Pascal Siakam,IND,1627783,78,32.7,0.41923076923076924,114.5,108.9,5.5,0.13,0.237,FALSE,Veteran
2024,Patrick Williams,CHI,1630172,63,25,0.3968253968253968,108.7,113.5,-4.8,0.062,0.165,FALSE,Veteran
2024,Payton Pritchard,BOS,1630202,80,28.4,0.355,118.4,108.9,9.5,0.116,0.186,FALSE,Veteran
2024,Peyton Watson,DEN,1631212,68,24.3,0.3573529411764706,113.9,113.9,0,0.066,0.138,FALSE,Veteran
2024,Precious Achiuwa,NYK,1630173,57,20.5,0.35964912280701755,110.2,111.4,-1.2,0.092,0.143,FALSE,Veteran
2024,Quentin Grimes,PHI,1629656,75,26.8,0.35733333333333334,111.9,118.1,-6.2,0.105,0.218,FALSE,Veteran
2024,RJ Barrett,TOR,1629628,58,32.2,0.5551724137931034,110.1,113.4,-3.4,0.121,0.281,FALSE,Veteran
2024,Royce O'Neale,PHX,1626220,75,24.5,0.32666666666666666,112.1,116.4,-4.2,0.085,0.151,FALSE,Veteran
2024,Rudy Gobert,MIN,203497,72,33.2,0.46111111111111114,114.3,107.6,6.7,0.126,0.129,FALSE,Veteran
2024,Rui Hachimura,LAL,1629060,59,31.7,0.5372881355932203,114.8,110.9,3.9,0.086,0.156,FALSE,Veteran
2024,Russell Westbrook,DEN,201566,75,27.9,0.372,115.7,116.2,-0.6,0.093,0.23,FALSE,Veteran
2024,Sam Hauser,BOS,1630573,71,21.7,0.3056338028169014,119.8,109.8,10,0.083,0.14,FALSE,Veteran
2024,Santi Aldama,MEM,1630583,65,25.5,0.3923076923076923,116.1,112.6,3.5,0.121,0.179,FALSE,Veteran
2024,Scoot Henderson,POR,1630703,66,26.7,0.40454545454545454,112.5,113.7,-1.3,0.084,0.22,FALSE,Veteran
2024,Scottie Barnes,TOR,1630567,65,32.8,0.5046153846153846,107.4,110.1,-2.7,0.139,0.262,FALSE,Veteran
2024,Scotty Pippen Jr.,MEM,1630590,79,21.3,0.26962025316455696,111,109.7,1.3,0.106,0.188,FALSE,Veteran
2024,Shaedon Sharpe,POR,1631101,72,31.3,0.43472222222222223,111.4,114.4,-3,0.102,0.25,FALSE,Veteran
2024,Shai Gilgeous-Alexander,OKC,1628983,76,34.2,0.45,122.4,105.7,16.7,0.199,0.336,FALSE,Veteran
2024,Spencer Dinwiddie,DAL,203915,79,27,0.34177215189873417,110.1,115.1,-5,0.089,0.175,FALSE,Veteran
2024,Stephen Curry,GSW,201939,70,32.2,0.46,118.4,112.7,5.7,0.145,0.286,FALSE,Veteran
2024,Stephon Castle,SAS,1642264,81,26.7,0.3296296296296296,111.8,116.6,-4.7,0.087,0.253,TRUE,Rookie
2024,Tari Eason,HOU,1631106,57,24.9,0.43684210526315786,114.8,109.2,5.6,0.117,0.185,FALSE,Veteran
2024,Taurean Prince,MIL,1627752,80,27.1,0.33875,114,114.5,-0.4,0.064,0.123,FALSE,Veteran
2024,Terance Mann,ATL,1629611,67,21.1,0.3149253731343284,112.9,115.2,-2.3,0.074,0.145,FALSE,Veteran
2024,Terry Rozier,MIA,1626179,64,25.9,0.4046875,107.3,112.3,-4.9,0.078,0.195,FALSE,Veteran
2024,Tidjane Salaün,CHA,1642275,60,20.7,0.345,99.4,111.2,-11.9,0.065,0.15,TRUE,Rookie
2024,Tim Hardaway Jr.,DET,203501,77,28,0.36363636363636365,113.8,114.2,-0.5,0.066,0.151,FALSE,Veteran
2024,Tobias Harris,DET,202699,73,31.6,0.4328767123287671,114.7,110.8,3.9,0.1,0.173,FALSE,Veteran
2024,Toumani Camara,POR,1641739,78,32.7,0.41923076923076924,111.5,113.3,-1.8,0.076,0.143,FALSE,Veteran
2024,Trae Young,ATL,1629027,76,36,0.47368421052631576,115.2,114.6,0.6,0.129,0.285,FALSE,Veteran
2024,Trey Murphy III,NOP,1630530,53,35,0.660377358490566,109,118.7,-9.7,0.11,0.229,FALSE,Veteran
2024,Tristan da Silva,ORL,1641783,74,22,0.2972972972972973,106.1,110.3,-4.2,0.074,0.149,TRUE,Rookie
2024,Tyler Herro,MIA,1629639,77,35.4,0.4597402597402597,113.9,112.6,1.3,0.139,0.271,FALSE,Veteran
2024,Tyrese Haliburton,IND,1630169,73,33.6,0.4602739726027397,117.7,114.2,3.5,0.143,0.21,FALSE,Veteran
2024,Tyrese Martin,BKN,1631213,60,21.9,0.365,103.2,113.4,-10.2,0.084,0.179,FALSE,Veteran
2024,Tyrese Maxey,PHI,1630178,52,37.7,0.7250000000000001,113.8,117.4,-3.5,0.127,0.293,FALSE,Veteran
2024,Tyus Jones,PHX,1626145,81,26.8,0.3308641975308642,113.6,116.1,-2.5,0.099,0.16,FALSE,Veteran
2024,Vít Krejčí,ATL,1630249,57,20.2,0.3543859649122807,109.7,111.6,-1.9,0.086,0.131,FALSE,Veteran
2024,Walker Kessler,UTA,1631117,58,30,0.5172413793103449,109.2,118.3,-9.1,0.127,0.133,FALSE,Veteran
2024,Wendell Carter Jr.,ORL,1628976,68,25.9,0.38088235294117645,107.8,107.8,0,0.099,0.159,FALSE,Veteran
2024,Yves Missi,NOP,1642274,73,26.8,0.36712328767123287,107.8,120.5,-12.7,0.09,0.141,TRUE,Rookie
2024,Zaccharie Risacher,ATL,1642258,75,24.6,0.328,112.3,115,-2.7,0.071,0.203,TRUE,Rookie
2024,Zach Edey,MEM,1641744,66,21.5,0.32575757575757575,116.8,111.5,5.3,0.111,0.156,TRUE,Rookie
2024,Zach LaVine,SAC,203897,74,35.2,0.4756756756756757,115.4,116.8,-1.4,0.115,0.251,FALSE,Veteran
2024,Ziaire Williams,BKN,1630533,63,24.5,0.3888888888888889,106.5,116.2,-9.7,0.081,0.179,FALSE,Veteran
