SEASON,PLAYER_NAME,TEAM_ABBREVIATION,PLAYER_ID,GP,MPG,GAMES,MIN_TOTAL,FIRST_GAME,LAST_GAME,OFFRTG_AVG,DEFRTG_AVG,NETRTG_AVG,E_OFF_RATING,E_DEF_RATING,E_NET_RATING,sp_work_OFF_RATING,sp_work_DEF_RATING,sp_work_NET_RATING,PIE_AVG,USG_PCT_AVG
2023-24,Amen Thompson,HOU,1641708,62,22.395672043010805,10,147.3,2023-10-25T00:00:00,2023-12-27T00:00:00,105.59708078750849,109.00230821452817,-3.405227427019682,105.60780719619824,108.54032586558046,-2.932518669382219,105.59708078750849,109.00230821452817,-3.405227427019682,0.057399185336048875,0.17977596741344196
2023-24,Andre Jackson Jr.,MIL,1641748,57,10.04084795321637,10,85.9,2023-10-29T00:00:00,2023-11-20T00:00:00,116.36530849825377,109.36949941792781,6.995809080325955,117.60232828870778,109.40046565774155,8.201862630966232,116.36530849825377,109.36949941792781,6.995809080325955,0.03448544819557625,0.09501629802095458
2023-24,Anthony Black,ORL,1641710,69,16.872608695652175,10,189.9,2023-10-25T00:00:00,2023-11-17T00:00:00,110.84333859926278,105.43470247498682,5.408636124275958,105.51790416008424,103.71421800947869,1.8036861506055573,110.84333859926278,105.43470247498682,5.408636124275958,0.054966824644549765,0.11189362822538178
2023-24,Ausar Thompson,DET,1641709,63,25.12388888888889,10,318.1,2023-10-25T00:00:00,2023-11-10T00:00:00,104.69066331342344,111.05721471235458,-6.366551398931136,103.00314366551397,111.1898459603898,-8.186702294875829,104.69066331342344,111.05721471235458,-6.366551398931136,0.10141590694750079,0.18107136120716755
2023-24,Ben Sheppard,IND,1641767,57,14.285263157894736,10,64.3,2023-10-25T00:00:00,2023-12-13T00:00:00,122.28833592534993,115.79673405909797,6.491601866251955,119.10777604976673,120.1696734059098,-1.0618973561430778,122.28833592534993,115.79673405909797,6.491601866251955,0.0554447900466563,0.17150388802488337
2023-24,Bilal Coulibaly,WAS,1641731,63,27.226190476190474,10,254.8,2023-10-25T00:00:00,2023-11-13T00:00:00,109.90035321821036,108.33281004709576,1.5675431711145933,109.20039246467819,107.33500784929356,1.8653846153846274,109.90035321821036,108.33281004709576,1.5675431711145933,0.07827080062794348,0.1273269230769231
2023-24,Brandin Podziemski,GSW,1641764,74,26.59801801801797,10,159.5,2023-10-30T00:00:00,2023-11-20T00:00:00,108.43373040752351,103.918934169279,4.514796238244514,110.18865203761756,105.71931034482758,4.469341692789982,108.43373040752351,103.918934169279,4.514796238244514,0.10469090909090908,0.15613605015673981
2023-24,Brandon Miller,CHA,1641706,74,32.20220720720716,10,286.7,2023-10-25T00:00:00,2023-11-17T00:00:00,113.98841995116847,120.4612138123474,-6.472793861178928,112.03275200558075,118.05814440181373,-6.025392396232988,113.98841995116847,120.4612138123474,-6.472793861178928,0.06031391698639694,0.1825256365538891
2023-24,Brice Sensabaugh,UTA,1641729,32,18.261354166666656,10,75.7,2023-10-25T00:00:00,2024-02-29T00:00:00,103.22034346103038,116.40845442536329,-13.188110964332907,107.93883751651255,119.55970937912814,-11.620871862615587,103.22034346103038,116.40845442536329,-13.188110964332907,0.012688243064729193,0.1801783355350066
2023-24,Cam Whitmore,HOU,1641715,47,18.730496453900702,10,103.1,2023-10-25T00:00:00,2024-01-05T00:00:00,98.48283220174588,114.53976721629488,-16.056935014548998,99.98991270611059,118.14073714839961,-18.15082444228902,98.48283220174588,114.53976721629488,-16.056935014548998,0.1291823472356935,0.2746964112512124
2023-24,Cason Wallace,OKC,1641717,82,20.63319105691061,10,224.5,2023-10-25T00:00:00,2023-11-12T00:00:00,113.7233407572383,110.62151447661469,3.1018262806236123,114.71674832962138,107.82053452115812,6.8962138084632585,113.7233407572383,110.62151447661469,3.1018262806236123,0.08645968819599109,0.1111652561247216
2023-24,Chet Holmgren,OKC,1631096,82,29.424349593495972,10,300.8,2023-10-25T00:00:00,2023-11-12T00:00:00,113.19168882978722,108.69325132978723,4.498437499999994,112.82054521276595,109.86695478723402,2.953590425531928,113.19168882978722,108.69325132978723,4.498437499999994,0.13723537234042552,0.192938164893617
2023-24,Craig Porter Jr.,CLE,1641854,51,12.732450980392157,10,153.9,2023-10-28T00:00:00,2023-11-22T00:00:00,104.21293047433399,110.92482131254062,-6.711890838206628,107.37836257309941,110.26621182586094,-2.8878492527615265,104.21293047433399,110.92482131254062,-6.711890838206628,0.13176413255360622,0.2259746588693957
2023-24,Dereck Lively II,DAL,1641726,55,23.532393939393998,10,241.1,2023-10-25T00:00:00,2023-11-14T00:00:00,120.31513894649522,113.0901285773538,7.22501036914143,120.3131480713397,111.73214433844878,8.58100373289092,120.31513894649522,113.0901285773538,7.22501036914143,0.08960555785980921,0.11598506843633347
2023-24,Duop Reath,POR,1641871,68,17.854632352941177,10,139,2023-11-12T00:00:00,2023-11-30T00:00:00,113.13604316546763,99.82762589928056,13.308417266187064,107.66726618705036,101.69043165467627,5.976834532374085,113.13604316546763,99.82762589928056,13.308417266187064,0.07976978417266188,0.2062201438848921
2023-24,GG Jackson,MEM,1641713,48,25.6909375,10,115,2023-10-30T00:00:00,2024-01-20T00:00:00,103.81260869565216,104.35052173913043,-0.5379130434782695,104.70182608695652,104.68599999999999,0.015826086956522545,103.81260869565216,104.35052173913043,-0.5379130434782695,0.08062260869565217,0.21406434782608696
2023-24,Gradey Dick,TOR,1641711,60,21.1278055555555,10,151.3,2023-10-25T00:00:00,2023-11-13T00:00:00,101.96047587574355,111.4340383344349,-9.473562458691347,100.50799735624587,109.60006609385327,-9.092068737607406,101.96047587574355,111.4340383344349,-9.473562458691347,0.015493721083939191,0.13966754791804362
2023-24,Jaime Jaquez Jr.,MIA,1631170,75,28.175933333333337,10,219.3,2023-10-25T00:00:00,2023-11-12T00:00:00,110.80474236206109,109.67843137254901,1.1263109895120778,112.53410852713178,107.99598723210214,4.53812129502964,110.80474236206109,109.67843137254901,1.1263109895120778,0.08312859097127223,0.1656037391700866
2023-24,Jalen Wilson,BKN,1630592,43,15.454341085271325,10,99.3,2023-11-01T00:00:00,2024-01-02T00:00:00,116.83534743202418,128.29154078549848,-11.456193353474305,114.70100704934542,128.85518630412892,-14.1541792547835,116.83534743202418,128.29154078549848,-11.456193353474305,0.1056455186304129,0.146785498489426
2023-24,Jarace Walker,IND,1641716,33,10.315858585858576,10,87.3,2023-10-25T00:00:00,2024-01-03T00:00:00,121.32646048109967,117.54765177548683,3.778808705612846,118.81786941580755,118.60469644902635,0.213172966781201,121.32646048109967,117.54765177548683,3.778808705612846,0.06653722794959908,0.14768728522336771
2023-24,Jordan Hawkins,NOP,1641722,67,17.322089552238804,10,290.1,2023-10-25T00:00:00,2023-11-12T00:00:00,108.74984488107548,118.58441916580487,-9.834574284729399,108.0902792140641,117.77700792830058,-9.68672871423648,108.74984488107548,118.58441916580487,-9.834574284729399,0.058515339538090315,0.19139021027231987
2023-24,Julian Strawther,DEN,1631124,50,10.908299999999999,10,107.4,2023-10-27T00:00:00,2023-11-19T00:00:00,101.56824953445064,117.2256052141527,-15.65735567970205,101.64944134078212,116.89283054003722,-15.243389199255105,101.56824953445064,117.2256052141527,-15.65735567970205,0.034796089385474856,0.1899264432029795
2023-24,Keyonte George,UTA,1641718,75,26.967688888888933,10,226.2,2023-10-25T00:00:00,2023-11-10T00:00:00,109.80419982316535,124.63890362511053,-14.834703801945182,109.97705570291777,122.72625994694961,-12.749204244031844,109.80419982316535,124.63890362511053,-14.834703801945182,0.07168921308576481,0.1657771883289125
2023-24,Kris Murray,POR,1631200,62,21.74631720430113,10,88.5,2023-10-25T00:00:00,2023-11-22T00:00:00,100.67683615819209,105.21050847457629,-4.533672316384198,94.78836158192091,106.23050847457627,-11.442146892655359,100.67683615819209,105.21050847457629,-4.533672316384198,0.025520903954802263,0.10205310734463277
2023-24,Leaky Black,CHA,1641778,26,10.92621794871796,10,56.2,2023-11-08T00:00:00,2024-01-14T00:00:00,102.30017793594307,116.88345195729538,-14.58327402135231,101.80943060498221,121.12615658362989,-19.316725978647682,102.30017793594307,116.88345195729538,-14.58327402135231,0.08067081850533807,0.08364946619217081
2023-24,Marcus Sasser,DET,1631204,71,19.029718309859152,10,210.9,2023-10-25T00:00:00,2023-11-10T00:00:00,109.82328117591275,113.80478899952584,-3.981507823613086,107.88876244665718,116.01517306780464,-8.126410621147457,109.82328117591275,113.80478899952584,-3.981507823613086,0.12444902797534375,0.1794068278805121
2023-24,Nathan Mensah,CHA,1641877,25,12.26566666666668,10,128.4,2023-12-15T00:00:00,2024-01-08T00:00:00,97.80451713395638,117.38730529595014,-19.58278816199376,95.36409657320871,118.56144859813084,-23.197352024922125,97.80451713395638,117.38730529595014,-19.58278816199376,0.02929439252336449,0.07649766355140186
2023-24,Nick Smith Jr.,CHA,1641733,51,14.28843137254902,10,103.4,2023-10-25T00:00:00,2023-12-18T00:00:00,98.19564796905222,126.00967117988394,-27.81402321083172,98.79100580270793,125.01295938104448,-26.221953578336553,98.19564796905222,126.00967117988394,-27.81402321083172,0.06269342359767892,0.19020599613152805
2023-24,Rayan Rupert,POR,1641712,39,16.236538461538462,10,66.2,2023-10-25T00:00:00,2024-01-09T00:00:00,90.98383685800604,112.0558912386707,-21.072054380664653,90.48308157099699,116.92975830815709,-26.446676737160104,90.98383685800604,112.0558912386707,-21.072054380664653,0.13290634441087615,0.1845664652567976
2023-24,Sasha Vezenkov,SAC,1628426,42,12.16841269841269,10,141,2023-10-25T00:00:00,2023-11-17T00:00:00,115.78035460992906,112.89063829787234,2.88971631205672,114.69510638297871,114.1190780141844,0.5760283687943115,115.78035460992906,112.89063829787234,2.88971631205672,0.061625531914893616,0.1573304964539007
2023-24,Scoot Henderson,POR,1630703,62,28.47408602150532,10,250.7,2023-10-25T00:00:00,2023-12-02T00:00:00,102.29242122058237,103.20446749102514,-0.9120462704427723,99.52273633825288,102.0482648583965,-2.5255285201436095,102.29242122058237,103.20446749102514,-0.9120462704427723,0.01397207818109294,0.24151057040287197
2023-24,Taylor Hendricks,UTA,1641707,40,21.410791666666675,10,172.4,2023-10-25T00:00:00,2023-12-21T00:00:00,115.42070765661252,111.44060324825986,3.980104408352659,113.5838747099768,108.46508120649652,5.118793503480276,115.42070765661252,111.44060324825986,3.980104408352659,0.06118503480278422,0.14600870069605568
2023-24,Toumani Camara,POR,1641739,70,24.84742857142857,10,246.29999999999998,2023-10-25T00:00:00,2023-11-14T00:00:00,106.27267559886317,102.93885505481121,3.33382054405196,104.5731222086886,103.25062931384491,1.3224928948436911,106.27267559886317,102.93885505481121,3.33382054405196,0.052608201380430375,0.11727202598457166
2023-24,Trayce Jackson-Davis,GSW,1631218,68,16.624289215686325,10,78,2023-10-27T00:00:00,2023-11-16T00:00:00,117.7678205128205,98.8052564102564,18.9625641025641,121.2925641025641,98.62589743589743,22.66666666666667,117.7678205128205,98.8052564102564,18.9625641025641,0.08061025641025642,0.14635128205128206
2023-24,Trey Jemison III,MEM,1641998,25,22.959400000000002,10,171.6,2024-01-24T00:00:00,2024-03-01T00:00:00,102.58076923076923,115.3191724941725,-12.73840326340327,98.045337995338,117.69207459207459,-19.646736596736588,102.58076923076923,115.3191724941725,-12.73840326340327,0.03716783216783217,0.13169172494172496
2023-24,Vasilije Micic,CHA,203995,60,19.5955,10,121.7,2023-10-27T00:00:00,2023-12-18T00:00:00,118.82226787181594,107.30410846343467,11.518159408381266,114.68044371405094,105.23048479868528,9.449958915365656,118.82226787181594,107.30410846343467,11.518159408381266,0.04513229252259655,0.15770501232539028
2023-24,Victor Wembanyama,SAS,1641705,71,29.665281690140848,10,301.9,2023-10-25T00:00:00,2023-11-12T00:00:00,107.73580655846307,114.1514739980126,-6.415667439549537,108.05895992050348,113.52855250082808,-5.469592580324601,107.73580655846307,114.1514739980126,-6.415667439549537,0.11654090758529316,0.2954706856575025
