season,week,game,away,home,kickoff,kalshi_snapshot,instrument,team,side,strike,price,cost,p,ev,ticker,n_buy,n_sell,recommended,batch,elway_fp,logged_at,stake,result,pnl,close_price,clv,note
2026,4,LAR @ PHI,LAR,PHI,2026-10-04T17:00:00+00:00,2026-09-30T15:42:15Z,book_ml,PHI,win,,165.0,0.3773584905660377,0.5650500000000002,0.4973825000000003,BetOnline.ag,,,True,1,022b74facc,2026-09-30T15:42:15Z,1.0,L,-1.0,164.0,0.0014293882218411325,"reconstructed 2026-10-06: Kalshi 09-30T154215Z, books odds 10-02T190133Z"
2026,4,LAR @ PHI,LAR,PHI,2026-10-04T17:00:00+00:00,2026-09-30T15:42:15Z,book_spread,PHI,cover,3.5,-104.0,0.5098039215686274,0.6912500000000003,0.355913461538462,LowVig.ag,,,False,1,022b74facc,2026-09-30T15:42:15Z,1.0,L,-1.0,,,"reconstructed 2026-10-06: Kalshi 09-30T154215Z, books odds 10-02T190133Z"
2026,4,LAR @ PHI,LAR,PHI,2026-10-04T17:00:00+00:00,2026-09-30T15:42:15Z,kalshi_spread,LAR,no,1.5,0.43,0.447157,0.6023000000000001,0.3469542017680591,KXNFLSPREAD-26OCT04LARPHI-LAR2,,,False,1,022b74facc,2026-09-30T15:42:15Z,1.0,L,-1.0,0.405,-0.024999999999999967,"reconstructed 2026-10-06: Kalshi 09-30T154215Z, books odds 10-02T190133Z"
2026,4,LAR @ PHI,LAR,PHI,2026-10-04T17:00:00+00:00,2026-09-30T15:42:15Z,kalshi_win,PHI,yes,,0.41,0.426933,0.5650500000000002,0.3235097778808389,KXNFLGAME-26OCT04LARPHI-PHI,,,False,1,022b74facc,2026-09-30T15:42:15Z,1.0,L,-1.0,0.365,-0.044999999999999984,"reconstructed 2026-10-06: Kalshi 09-30T154215Z, books odds 10-02T190133Z"
2026,4,NE @ BUF,NE,BUF,2026-10-04T17:00:00+00:00,2026-09-30T15:42:15Z,book_ml,NE,win,,275.0,0.2666666666666666,0.3506999999999997,0.315124999999999,FanDuel,,,True,1,022b74facc,2026-09-30T15:42:15Z,1.0,W,2.750000000000001,275.0,5.551115123125783e-17,"reconstructed 2026-10-06: Kalshi 09-30T154215Z, books odds 10-02T190133Z"
2026,4,MIA @ MIN,MIA,MIN,2026-10-04T20:05:00+00:00,2026-09-30T15:42:15Z,book_ml,MIA,win,,480.0,0.1724137931034483,0.2179500000000001,0.2641100000000005,MyBookie.ag,,,True,1,022b74facc,2026-09-30T15:42:15Z,1.0,L,-1.0,400.0,0.027586206896551724,"reconstructed 2026-10-06: Kalshi 09-30T154215Z, books odds 10-02T190133Z"
2026,4,IND @ WAS,IND,WAS,2026-10-04T13:30:00+00:00,2026-09-30T15:42:15Z,book_ml,WAS,win,,188.0,0.3472222222222222,0.4377000000000003,0.260576000000001,FanDuel,,,True,1,022b74facc,2026-09-30T15:42:15Z,1.0,L,-1.0,190.0,-0.002394636015325635,"reconstructed 2026-10-06: Kalshi 09-30T154215Z, books odds 10-02T190133Z"
2026,4,NE @ BUF,NE,BUF,2026-10-04T17:00:00+00:00,2026-09-30T15:42:15Z,kalshi_win,NE,yes,,0.27,0.283797,0.3506999999999997,0.2357424497087696,KXNFLGAME-26OCT04NEBUF-NE,,,False,1,022b74facc,2026-09-30T15:42:15Z,1.0,W,2.5236454226084133,0.255,-0.015000000000000013,"reconstructed 2026-10-06: Kalshi 09-30T154215Z, books odds 10-02T190133Z"
2026,4,MIA @ MIN,MIA,MIN,2026-10-04T20:05:00+00:00,2026-09-30T15:42:15Z,kalshi_win,MIA,yes,,0.17,0.179877,0.2179500000000001,0.2116613018896249,KXNFLGAME-26OCT04MIAMIN-MIA,,,False,1,022b74facc,2026-09-30T15:42:15Z,1.0,L,-1.0,0.175,0.004999999999999977,"reconstructed 2026-10-06: Kalshi 09-30T154215Z, books odds 10-02T190133Z"
2026,4,TEN @ BAL,TEN,BAL,2026-10-04T17:00:00+00:00,2026-09-30T15:42:15Z,book_ml,TEN,win,,560.0,0.1515151515151515,0.1834499999999999,0.2107699999999992,FanDuel,,,True,1,022b74facc,2026-09-30T15:42:15Z,1.0,L,-1.0,550.0,0.002331002331002363,"reconstructed 2026-10-06: Kalshi 09-30T154215Z, books odds 10-02T190133Z"
2026,4,ARI @ NYG,ARI,NYG,2026-10-04T17:00:00+00:00,2026-09-30T15:42:15Z,book_ml,NYG,win,,125.0,0.4444444444444444,0.5366000000000001,0.2073500000000001,BetOnline.ag,,,True,1,022b74facc,2026-09-30T15:42:15Z,1.0,W,1.25,114.0,0.022845275181723856,"reconstructed 2026-10-06: Kalshi 09-30T154215Z, books odds 10-02T190133Z"
2026,4,ARI @ NYG,ARI,NYG,2026-10-04T17:00:00+00:00,2026-09-30T15:42:15Z,book_spread,NYG,cover,2.5,100.0,0.5,0.5949500000000001,0.1899000000000001,Bovada,,,False,1,022b74facc,2026-09-30T15:42:15Z,1.0,W,1.0,,,"reconstructed 2026-10-06: Kalshi 09-30T154215Z, books odds 10-02T190133Z"
2026,4,JAX @ CIN,JAX,CIN,2026-10-04T17:00:00+00:00,2026-09-30T15:42:15Z,book_ml,JAX,win,,130.0,0.4347826086956522,0.5078499999999999,0.1680549999999996,Bovada,,,True,1,022b74facc,2026-09-30T15:42:15Z,1.0,W,1.2999999999999998,124.0,0.01164596273291918,"reconstructed 2026-10-06: Kalshi 09-30T154215Z, books odds 10-02T190133Z"
2026,4,PIT @ CLE,PIT,CLE,2026-10-02T00:15:00+00:00,2026-09-30T15:42:15Z,kalshi_spread,PIT,no,1.5,0.4499999999999999,0.4673249999999999,0.5417500000000002,0.159257476060558,KXNFLSPREAD-26OCT01PITCLE-PIT2,,,True,1,022b74facc,2026-09-30T15:42:15Z,1.0,W,1.1398384421976147,,,"reconstructed 2026-10-06: Kalshi 09-30T154215Z, books odds 10-02T190133Z"
2026,4,TEN @ BAL,TEN,BAL,2026-10-04T17:00:00+00:00,2026-09-30T15:42:15Z,kalshi_win,TEN,yes,,0.15,0.1589249999999999,0.1834499999999999,0.1543180745634726,KXNFLGAME-26OCT04TENBAL-TEN,,,False,1,022b74facc,2026-09-30T15:42:15Z,1.0,L,-1.0,0.14500000000000002,-0.004999999999999977,"reconstructed 2026-10-06: Kalshi 09-30T154215Z, books odds 10-02T190133Z"
2026,4,JAX @ CIN,JAX,CIN,2026-10-04T17:00:00+00:00,2026-09-30T15:42:15Z,book_spread,JAX,cover,2.5,102.0,0.495049504950495,0.56565,0.1426129999999998,LowVig.ag,,,False,1,022b74facc,2026-09-30T15:42:15Z,1.0,W,1.0200000000000005,,,"reconstructed 2026-10-06: Kalshi 09-30T154215Z, books odds 10-02T190133Z"
2026,4,IND @ WAS,IND,WAS,2026-10-04T13:30:00+00:00,2026-09-30T15:42:15Z,book_spread,WAS,cover,3.5,100.0,0.5,0.5704500000000002,0.1409000000000004,FanDuel,,,False,1,022b74facc,2026-09-30T15:42:15Z,1.0,L,-1.0,,,"reconstructed 2026-10-06: Kalshi 09-30T154215Z, books odds 10-02T190133Z"
2026,4,JAX @ CIN,JAX,CIN,2026-10-04T17:00:00+00:00,2026-09-30T15:42:15Z,kalshi_spread,CIN,no,1.5,0.4599999999999999,0.477388,0.544,0.1395342991445114,KXNFLSPREAD-26OCT04JACCIN-CIN2,,,False,1,022b74facc,2026-09-30T15:42:15Z,1.0,W,1.0947321675450579,0.45499999999999996,-0.004999999999999949,"reconstructed 2026-10-06: Kalshi 09-30T154215Z, books odds 10-02T190133Z"
2026,4,IND @ WAS,IND,WAS,2026-10-04T13:30:00+00:00,2026-09-30T15:42:15Z,kalshi_spread,IND,no,2.5,0.42,0.437052,0.4968,0.136706844952088,KXNFLSPREAD-26OCT04INDWAS-IND3,,,False,1,022b74facc,2026-09-30T15:42:15Z,1.0,L,-1.0,0.395,-0.024999999999999967,"reconstructed 2026-10-06: Kalshi 09-30T154215Z, books odds 10-02T190133Z"
2026,4,IND @ WAS,IND,WAS,2026-10-04T13:30:00+00:00,2026-09-30T15:42:15Z,kalshi_win,WAS,yes,,0.37,0.386317,0.4377000000000003,0.1330073488870546,KXNFLGAME-26OCT04INDWAS-WAS,,,False,1,022b74facc,2026-09-30T15:42:15Z,1.0,L,-1.0,0.345,-0.025000000000000022,"reconstructed 2026-10-06: Kalshi 09-30T154215Z, books odds 10-02T190133Z"
2026,4,PIT @ CLE,PIT,CLE,2026-10-02T00:15:00+00:00,2026-09-30T15:42:15Z,kalshi_win,CLE,yes,,0.43,0.4471569999999999,0.5063000000000002,0.1322645066497902,KXNFLGAME-26OCT01PITCLE-CLE,,,False,1,022b74facc,2026-09-30T15:42:15Z,1.0,W,1.236350990815307,,,"reconstructed 2026-10-06: Kalshi 09-30T154215Z, books odds 10-02T190133Z"
2026,4,DAL @ HOU,DAL,HOU,2026-10-04T17:00:00+00:00,2026-09-30T15:42:15Z,kalshi_spread,HOU,yes,6.5,0.36,0.3761279999999999,0.4246499999999999,0.1290039561000511,KXNFLSPREAD-26OCT04DALHOU-HOU7,,,True,1,022b74facc,2026-09-30T15:42:15Z,1.0,L,-1.0,0.355,-0.0050000000000000044,"reconstructed 2026-10-06: Kalshi 09-30T154215Z, books odds 10-02T190133Z"
2026,4,NE @ BUF,NE,BUF,2026-10-04T17:00:00+00:00,2026-09-30T15:42:15Z,kalshi_spread,BUF,no,4.5,0.43,0.447157,0.50465,0.1285745275149443,KXNFLSPREAD-26OCT04NEBUF-BUF5,,,False,1,022b74facc,2026-09-30T15:42:15Z,1.0,W,1.2363509908153065,0.41500000000000004,-0.014999999999999958,"reconstructed 2026-10-06: Kalshi 09-30T154215Z, books odds 10-02T190133Z"
2026,4,ARI @ NYG,ARI,NYG,2026-10-04T17:00:00+00:00,2026-09-30T15:42:15Z,kalshi_spread,ARI,no,2.5,0.51,0.527493,0.5949500000000002,0.1278822657362281,KXNFLSPREAD-26OCT04ARINYG-ARI3,,,False,1,022b74facc,2026-09-30T15:42:15Z,1.0,W,0.895759754157875,0.505,-0.0050000000000000044,"reconstructed 2026-10-06: Kalshi 09-30T154215Z, books odds 10-02T190133Z"
2026,4,MIA @ MIN,MIA,MIN,2026-10-04T20:05:00+00:00,2026-09-30T15:42:15Z,kalshi_spread,MIN,no,7.5,0.41,0.426933,0.4804,0.12523510714796,KXNFLSPREAD-26OCT04MIAMIN-MIN8,,,False,1,022b74facc,2026-09-30T15:42:15Z,1.0,W,1.3422878999749375,0.45499999999999996,0.044999999999999984,"reconstructed 2026-10-06: Kalshi 09-30T154215Z, books odds 10-02T190133Z"
2026,4,ARI @ NYG,ARI,NYG,2026-10-04T17:00:00+00:00,2026-09-30T15:42:15Z,kalshi_win,NYG,yes,,0.46,0.477388,0.5366000000000001,0.124033281104678,KXNFLGAME-26OCT04ARINYG-NYG,,,False,1,022b74facc,2026-09-30T15:42:15Z,1.0,W,1.0947321675450579,0.435,-0.025000000000000022,"reconstructed 2026-10-06: Kalshi 09-30T154215Z, books odds 10-02T190133Z"
2026,4,NE @ BUF,NE,BUF,2026-10-04T17:00:00+00:00,2026-09-30T15:42:15Z,book_spread,NE,cover,6.5,100.0,0.5,0.5578000000000001,0.1156000000000001,FanDuel,,,False,1,022b74facc,2026-09-30T15:42:15Z,1.0,W,1.0,,,"reconstructed 2026-10-06: Kalshi 09-30T154215Z, books odds 10-02T190133Z"
2026,4,JAX @ CIN,JAX,CIN,2026-10-04T17:00:00+00:00,2026-09-30T15:42:15Z,kalshi_win,JAX,yes,,0.44,0.457248,0.5078499999999999,0.1106664217230035,KXNFLGAME-26OCT04JACCIN-JAC,,,False,1,022b74facc,2026-09-30T15:42:15Z,1.0,W,1.186996990692141,0.425,-0.015000000000000013,"reconstructed 2026-10-06: Kalshi 09-30T154215Z, books odds 10-02T190133Z"
2026,4,TEN @ BAL,TEN,BAL,2026-10-04T17:00:00+00:00,2026-09-30T15:42:15Z,pair,TEN,"buy win, sell spread",11.5,0.15,0.5,0.1869499999999997,0.1049420776411449,KXNFLGAME-26OCT04TENBAL-TEN / KXNFLSPREAD-26OCT04TENBAL-BAL12,6.2922762309265385,2.072538860103627,False,1,022b74facc,2026-09-30T15:42:15Z,1.0,L,-2.072538860103627,,,"reconstructed 2026-10-06: Kalshi 09-30T154215Z, books odds 10-02T190133Z"
2026,4,DEN @ SF,DEN,SF,2026-10-04T20:25:00+00:00,2026-09-30T15:42:15Z,kalshi_spread,SF,yes,4.5,0.39,0.406653,0.4466999999999999,0.0984795390664763,KXNFLSPREAD-26OCT04DENSF-SF5,,,True,1,022b74facc,2026-09-30T15:42:15Z,1.0,W,1.4590990352954485,0.405,0.015000000000000013,"reconstructed 2026-10-06: Kalshi 09-30T154215Z, books odds 10-02T190133Z"
2026,4,NE @ BUF,NE,BUF,2026-10-04T17:00:00+00:00,2026-09-30T15:42:15Z,pair,NE,"buy win, sell spread",7.5,0.27,0.55,0.3574999999999999,0.0969867604297876,KXNFLGAME-26OCT04NEBUF-NE / KXNFLSPREAD-26OCT04NEBUF-BUF8,3.5236454226084133,1.8773173135589245,False,1,022b74facc,2026-09-30T15:42:15Z,1.0,W,1.6463281090494888,,,"reconstructed 2026-10-06: Kalshi 09-30T154215Z, books odds 10-02T190133Z"
2026,4,LAC @ SEA,LAC,SEA,2026-10-04T20:25:00+00:00,2026-09-30T15:42:15Z,kalshi_spread,SEA,yes,10.5,0.39,0.406653,0.43865,0.0786837918323484,KXNFLSPREAD-26OCT04LACSEA-SEA11,,,True,1,022b74facc,2026-09-30T15:42:15Z,1.0,L,-1.0,0.385,-0.0050000000000000044,"reconstructed 2026-10-06: Kalshi 09-30T154215Z, books odds 10-02T190133Z"
2026,4,DAL @ HOU,DAL,HOU,2026-10-04T17:00:00+00:00,2026-09-30T15:42:15Z,kalshi_win,HOU,yes,,0.58,0.5970519999999999,0.64245,0.0760369281067647,KXNFLGAME-26OCT04DALHOU-HOU,,,False,1,022b74facc,2026-09-30T15:42:15Z,1.0,L,-1.0,0.575,-0.0050000000000000044,"reconstructed 2026-10-06: Kalshi 09-30T154215Z, books odds 10-02T190133Z"
2026,4,MIA @ MIN,MIA,MIN,2026-10-04T20:05:00+00:00,2026-09-30T15:42:15Z,book_spread,MIA,cover,10.5,-109.0,0.5215311004784688,0.5604000000000001,0.0745284403669728,BetRivers,,,False,1,022b74facc,2026-09-30T15:42:15Z,1.0,W,0.9174311926605507,,,"reconstructed 2026-10-06: Kalshi 09-30T154215Z, books odds 10-02T190133Z"
2026,4,NYJ @ CHI,NYJ,CHI,2026-10-04T17:00:00+00:00,2026-09-30T15:42:15Z,book_ml,NYJ,win,,168.0,0.373134328358209,0.3992500000000001,0.0699900000000002,LowVig.ag,,,True,1,022b74facc,2026-09-30T15:42:15Z,1.0,L,-1.0,160.0,0.011481056257175604,"reconstructed 2026-10-06: Kalshi 09-30T154215Z, books odds 10-02T190133Z"
2026,4,GB @ TB,GB,TB,2026-10-04T17:00:00+00:00,2026-09-30T15:42:15Z,kalshi_spread,GB,no,2.5,0.42,0.437052,0.4645999999999999,0.0630314012977857,KXNFLSPREAD-26OCT04GBTB-GB3,,,True,1,022b74facc,2026-09-30T15:42:15Z,1.0,L,-1.0,0.46499999999999997,0.044999999999999984,"reconstructed 2026-10-06: Kalshi 09-30T154215Z, books odds 10-02T190133Z"
2026,4,GB @ TB,GB,TB,2026-10-04T17:00:00+00:00,2026-09-30T15:42:15Z,book_ml,TB,win,,161.0,0.3831417624521072,0.4065499999999999,0.0610954999999999,BetOnline.ag,,,False,1,022b74facc,2026-09-30T15:42:15Z,1.0,L,-1.0,130.0,0.051640846243545035,"reconstructed 2026-10-06: Kalshi 09-30T154215Z, books odds 10-02T190133Z"
2026,4,DAL @ HOU,DAL,HOU,2026-10-04T17:00:00+00:00,2026-09-30T15:42:15Z,book_ml,HOU,win,,-154.0,0.6062992125984252,0.64245,0.0596253246753246,FanDuel,,,False,1,022b74facc,2026-09-30T15:42:15Z,1.0,L,-1.0,-155.0,0.0015439246564767917,"reconstructed 2026-10-06: Kalshi 09-30T154215Z, books odds 10-02T190133Z"
2026,4,GB @ TB,GB,TB,2026-10-04T17:00:00+00:00,2026-09-30T15:42:15Z,kalshi_win,TB,yes,,0.37,0.386317,0.4065499999999999,0.0523740865662136,KXNFLGAME-26OCT04GBTB-TB,,,False,1,022b74facc,2026-09-30T15:42:15Z,1.0,L,-1.0,0.405,0.03500000000000003,"reconstructed 2026-10-06: Kalshi 09-30T154215Z, books odds 10-02T190133Z"
