season,week,away,home,an_line,an_open_line,an_home_bets_pct,an_home_money_pct,an_status,an_start,fetched_at,an_open_lookahead
2023,1,CAR,ATL,-3.5,,,,complete,2023-09-10T17:00:00.000Z,2026-09-29T20:27:08+00:00,
2023,1,HOU,BAL,-9.5,,,,complete,2023-09-10T17:00:00.000Z,2026-09-29T20:27:08+00:00,
2023,1,GB,CHI,-1.0,,,,complete,2023-09-10T20:25:00.000Z,2026-09-29T20:27:08+00:00,
2023,1,CIN,CLE,1.0,,,,complete,2023-09-10T17:00:00.000Z,2026-09-29T20:27:08+00:00,
2023,1,LV,DEN,-3.0,,,,complete,2023-09-10T20:25:00.000Z,2026-09-29T20:27:08+00:00,
2023,1,JAX,IND,3.5,,,,complete,2023-09-10T17:00:00.000Z,2026-09-29T20:27:08+00:00,
2023,1,DET,KC,-4.0,,,,complete,2023-09-08T00:20:00.000Z,2026-09-29T20:27:08+00:00,
2023,1,MIA,LAC,-3.0,,,,complete,2023-09-10T20:25:00.000Z,2026-09-29T20:27:08+00:00,
2023,1,TB,MIN,-4.0,,,,complete,2023-09-10T17:00:00.000Z,2026-09-29T20:27:08+00:00,
2023,1,PHI,NE,3.5,,,,complete,2023-09-10T20:25:00.000Z,2026-09-29T20:27:08+00:00,
2023,1,TEN,NO,-3.0,,,,complete,2023-09-10T17:00:00.000Z,2026-09-29T20:27:08+00:00,
2023,1,DAL,NYG,3.5,,,,complete,2023-09-11T00:20:00.000Z,2026-09-29T20:27:08+00:00,
2023,1,BUF,NYJ,2.5,,,,complete,2023-09-12T00:15:00.000Z,2026-09-29T20:27:08+00:00,
2023,1,SF,PIT,1.5,,,,complete,2023-09-10T17:00:00.000Z,2026-09-29T20:27:08+00:00,
2023,1,LAR,SEA,-4.5,,,,complete,2023-09-10T20:25:00.000Z,2026-09-29T20:27:08+00:00,
2023,1,ARI,WAS,-7.0,,,,complete,2023-09-10T17:00:00.000Z,2026-09-29T20:27:08+00:00,
2023,2,NYG,ARI,4.5,,,,complete,2023-09-17T20:05:00.000Z,2026-09-29T20:27:21+00:00,
2023,2,GB,ATL,-3.0,,,,complete,2023-09-17T17:00:00.000Z,2026-09-29T20:27:21+00:00,
2023,2,LV,BUF,-7.5,,,,complete,2023-09-17T17:00:00.000Z,2026-09-29T20:27:21+00:00,
2023,2,NO,CAR,3.0,,,,complete,2023-09-18T23:15:00.000Z,2026-09-29T20:27:21+00:00,
2023,2,BAL,CIN,-3.5,,,,complete,2023-09-17T17:00:00.000Z,2026-09-29T20:27:21+00:00,
2023,2,NYJ,DAL,-8.5,,,,complete,2023-09-17T20:25:00.000Z,2026-09-29T20:27:21+00:00,
2023,2,WAS,DEN,-4.0,,,,complete,2023-09-17T20:25:00.000Z,2026-09-29T20:27:21+00:00,
2023,2,SEA,DET,-4.5,,,,complete,2023-09-17T17:00:00.000Z,2026-09-29T20:27:21+00:00,
2023,2,IND,HOU,-1.0,,,,complete,2023-09-17T17:00:00.000Z,2026-09-29T20:27:21+00:00,
2023,2,KC,JAX,3.5,,,,complete,2023-09-17T17:00:00.000Z,2026-09-29T20:27:21+00:00,
2023,2,SF,LAR,7.5,,,,complete,2023-09-17T20:05:00.000Z,2026-09-29T20:27:21+00:00,
2023,2,MIA,NE,2.5,,,,complete,2023-09-18T00:20:00.000Z,2026-09-29T20:27:21+00:00,
2023,2,MIN,PHI,-5.5,,,,complete,2023-09-15T00:15:00.000Z,2026-09-29T20:27:21+00:00,
2023,2,CLE,PIT,2.5,,,,complete,2023-09-19T00:15:00.000Z,2026-09-29T20:27:21+00:00,
2023,2,CHI,TB,-2.5,,,,complete,2023-09-17T17:00:00.000Z,2026-09-29T20:27:21+00:00,
2023,2,LAC,TEN,2.5,,,,complete,2023-09-17T17:00:00.000Z,2026-09-29T20:27:21+00:00,
2023,3,DAL,ARI,11.5,,,,complete,2023-09-24T20:25:00.000Z,2026-09-29T20:27:58+00:00,
2023,3,IND,BAL,-7.5,,,,complete,2023-09-24T17:00:00.000Z,2026-09-29T20:27:58+00:00,
2023,3,LAR,CIN,-3.0,,,,complete,2023-09-26T00:15:00.000Z,2026-09-29T20:27:58+00:00,
2023,3,TEN,CLE,-3.5,,,,complete,2023-09-24T17:00:00.000Z,2026-09-29T20:27:58+00:00,
2023,3,ATL,DET,-3.5,,,,complete,2023-09-24T17:00:00.000Z,2026-09-29T20:27:58+00:00,
2023,3,NO,GB,1.5,,,,complete,2023-09-24T17:00:00.000Z,2026-09-29T20:27:58+00:00,
2023,3,HOU,JAX,-7.5,,,,complete,2023-09-24T17:00:00.000Z,2026-09-29T20:27:58+00:00,
2023,3,CHI,KC,-12.5,,,,complete,2023-09-24T20:25:00.000Z,2026-09-29T20:27:58+00:00,
2023,3,PIT,LV,-3.0,,,,complete,2023-09-25T00:20:00.000Z,2026-09-29T20:27:58+00:00,
2023,3,DEN,MIA,-6.0,,,,complete,2023-09-24T17:00:00.000Z,2026-09-29T20:27:58+00:00,
2023,3,LAC,MIN,-0.5,,,,complete,2023-09-24T17:00:00.000Z,2026-09-29T20:27:58+00:00,
2023,3,NE,NYJ,2.5,,,,complete,2023-09-24T17:00:00.000Z,2026-09-29T20:27:58+00:00,
2023,3,CAR,SEA,-4.5,,,,complete,2023-09-24T20:05:00.000Z,2026-09-29T20:27:58+00:00,
2023,3,NYG,SF,-10.5,,,,complete,2023-09-22T00:15:00.000Z,2026-09-29T20:27:58+00:00,
2023,3,PHI,TB,6.0,,,,complete,2023-09-25T23:15:00.000Z,2026-09-29T20:27:58+00:00,
2023,3,BUF,WAS,5.5,,,,complete,2023-09-24T17:00:00.000Z,2026-09-29T20:27:58+00:00,
2023,4,MIA,BUF,-3.0,,,,complete,2023-10-01T17:00:00.000Z,2026-09-29T20:28:13+00:00,
2023,4,MIN,CAR,4.5,,,,complete,2023-10-01T17:00:00.000Z,2026-09-29T20:28:13+00:00,
2023,4,DEN,CHI,3.0,,,,complete,2023-10-01T17:00:00.000Z,2026-09-29T20:28:13+00:00,
2023,4,BAL,CLE,1.5,,,,complete,2023-10-01T17:00:00.000Z,2026-09-29T20:28:13+00:00,
2023,4,NE,DAL,-6.0,,,,complete,2023-10-01T20:25:00.000Z,2026-09-29T20:28:13+00:00,
2023,4,DET,GB,2.5,,,,complete,2023-09-29T00:15:00.000Z,2026-09-29T20:28:13+00:00,
2023,4,PIT,HOU,3.0,,,,complete,2023-10-01T17:00:00.000Z,2026-09-29T20:28:13+00:00,
2023,4,LAR,IND,1.0,,,,complete,2023-10-01T17:00:00.000Z,2026-09-29T20:28:13+00:00,
2023,4,ATL,JAX,-3.5,,,,complete,2023-10-01T13:30:00.000Z,2026-09-29T20:28:13+00:00,
2023,4,LV,LAC,-6.5,,,,complete,2023-10-01T20:05:00.000Z,2026-09-29T20:28:13+00:00,
2023,4,TB,NO,-4.5,,,,complete,2023-10-01T17:00:00.000Z,2026-09-29T20:28:13+00:00,
2023,4,SEA,NYG,2.5,,,,complete,2023-10-03T00:15:00.000Z,2026-09-29T20:28:13+00:00,
2023,4,KC,NYJ,7.5,,,,complete,2023-10-02T00:20:00.000Z,2026-09-29T20:28:13+00:00,
2023,4,WAS,PHI,-8.5,,,,complete,2023-10-01T17:00:00.000Z,2026-09-29T20:28:13+00:00,
2023,4,ARI,SF,-15.0,,,,complete,2023-10-01T20:25:00.000Z,2026-09-29T20:28:13+00:00,
2023,4,CIN,TEN,2.5,,,,complete,2023-10-01T17:00:00.000Z,2026-09-29T20:28:13+00:00,
2023,5,CIN,ARI,3.0,,54.0,79.0,complete,2023-10-08T20:05:00.000Z,2026-09-29T20:28:25+00:00,
2023,5,HOU,ATL,-2.5,,35.0,39.0,complete,2023-10-08T17:00:00.000Z,2026-09-29T20:28:25+00:00,
2023,5,JAX,BUF,-5.5,,80.0,65.0,complete,2023-10-08T13:30:00.000Z,2026-09-29T20:28:25+00:00,
2023,5,NYJ,DEN,-2.5,,33.0,55.0,complete,2023-10-08T20:25:00.000Z,2026-09-29T20:28:25+00:00,
2023,5,CAR,DET,-9.5,,85.0,63.0,complete,2023-10-08T17:00:00.000Z,2026-09-29T20:28:25+00:00,
2023,5,TEN,IND,2.5,,43.0,47.0,complete,2023-10-08T17:00:00.000Z,2026-09-29T20:28:25+00:00,
2023,5,PHI,LAR,3.5,,53.0,35.0,complete,2023-10-08T20:05:00.000Z,2026-09-29T20:28:25+00:00,
2023,5,GB,LV,-1.5,,50.0,60.0,complete,2023-10-10T00:15:00.000Z,2026-09-29T20:28:25+00:00,
2023,5,NYG,MIA,-13.0,,91.0,96.0,complete,2023-10-08T17:00:00.000Z,2026-09-29T20:28:25+00:00,
2023,5,KC,MIN,3.5,,29.0,61.0,complete,2023-10-08T20:25:00.000Z,2026-09-29T20:28:25+00:00,
2023,5,NO,NE,-2.0,,45.0,55.0,complete,2023-10-08T17:00:00.000Z,2026-09-29T20:28:25+00:00,
2023,5,BAL,PIT,5.0,,67.0,83.0,complete,2023-10-08T17:00:00.000Z,2026-09-29T20:28:25+00:00,
2023,5,DAL,SF,-3.5,,65.0,80.0,complete,2023-10-09T00:20:00.000Z,2026-09-29T20:28:25+00:00,
2023,5,CHI,WAS,-6.0,,32.0,41.0,complete,2023-10-06T00:15:00.000Z,2026-09-29T20:28:25+00:00,
2023,6,WAS,ATL,-2.0,,49.0,27.0,complete,2023-10-15T17:00:00.000Z,2026-09-29T20:28:37+00:00,
2023,6,NYG,BUF,-15.5,,51.0,35.0,complete,2023-10-16T00:20:00.000Z,2026-09-29T20:28:37+00:00,
2023,6,MIN,CHI,3.0,,43.0,39.0,complete,2023-10-15T17:00:00.000Z,2026-09-29T20:28:37+00:00,
2023,6,SEA,CIN,-3.0,,70.0,65.0,complete,2023-10-15T17:00:00.000Z,2026-09-29T20:28:37+00:00,
2023,6,SF,CLE,9.5,,28.0,31.0,complete,2023-10-15T17:00:00.000Z,2026-09-29T20:28:37+00:00,
2023,6,NO,HOU,2.0,,50.0,19.0,complete,2023-10-15T17:00:00.000Z,2026-09-29T20:28:37+00:00,
2023,6,IND,JAX,-4.0,,39.0,15.0,complete,2023-10-15T17:00:00.000Z,2026-09-29T20:28:37+00:00,
2023,6,DEN,KC,-10.5,,44.0,37.0,complete,2023-10-13T00:15:00.000Z,2026-09-29T20:28:37+00:00,
2023,6,DAL,LAC,1.5,,52.0,56.0,complete,2023-10-17T00:15:00.000Z,2026-09-29T20:28:37+00:00,
2023,6,ARI,LAR,-7.0,,62.0,62.0,complete,2023-10-15T20:25:00.000Z,2026-09-29T20:28:37+00:00,
2023,6,NE,LV,-3.0,,36.0,13.0,complete,2023-10-15T20:05:00.000Z,2026-09-29T20:28:37+00:00,
2023,6,CAR,MIA,-14.0,,71.0,55.0,complete,2023-10-15T17:00:00.000Z,2026-09-29T20:28:37+00:00,
2023,6,PHI,NYJ,6.5,,28.0,20.0,complete,2023-10-15T20:25:00.000Z,2026-09-29T20:28:37+00:00,
2023,6,DET,TB,3.0,,43.0,50.0,complete,2023-10-15T20:25:00.000Z,2026-09-29T20:28:37+00:00,
2023,6,BAL,TEN,5.0,,34.0,46.0,complete,2023-10-15T13:30:00.000Z,2026-09-29T20:28:37+00:00,
2023,7,DET,BAL,-3.0,,58.0,70.0,complete,2023-10-22T17:00:00.000Z,2026-09-29T20:28:54+00:00,
2023,7,LV,CHI,2.5,,42.0,49.0,complete,2023-10-22T17:00:00.000Z,2026-09-29T20:28:54+00:00,
2023,7,GB,DEN,-1.5,,45.0,50.0,complete,2023-10-22T20:25:00.000Z,2026-09-29T20:28:54+00:00,
2023,7,CLE,IND,3.5,,35.0,37.0,complete,2023-10-22T17:00:00.000Z,2026-09-29T20:28:54+00:00,
2023,7,LAC,KC,-5.5,,25.0,26.0,complete,2023-10-22T20:25:00.000Z,2026-09-29T20:28:54+00:00,
2023,7,PIT,LAR,-3.0,,51.0,71.0,complete,2023-10-22T20:05:00.000Z,2026-09-29T20:28:54+00:00,
2023,7,SF,MIN,7.0,,45.0,49.0,complete,2023-10-24T00:15:00.000Z,2026-09-29T20:28:54+00:00,
2023,7,BUF,NE,7.5,,23.0,39.0,complete,2023-10-22T17:00:00.000Z,2026-09-29T20:28:54+00:00,
2023,7,JAX,NO,-2.0,,59.0,69.0,complete,2023-10-20T00:15:00.000Z,2026-09-29T20:28:54+00:00,
2023,7,WAS,NYG,3.0,,52.0,56.0,complete,2023-10-22T17:00:00.000Z,2026-09-29T20:28:54+00:00,
2023,7,MIA,PHI,-3.0,,52.0,68.0,complete,2023-10-23T00:20:00.000Z,2026-09-29T20:28:54+00:00,
2023,7,ARI,SEA,-9.0,,63.0,51.0,complete,2023-10-22T20:05:00.000Z,2026-09-29T20:28:54+00:00,
2023,7,ATL,TB,-3.0,,48.0,69.0,complete,2023-10-22T17:00:00.000Z,2026-09-29T20:28:54+00:00,
2023,8,BAL,ARI,9.5,,24.0,18.0,complete,2023-10-29T20:25:00.000Z,2026-09-29T20:29:10+00:00,
2023,8,TB,BUF,-10.0,,55.0,68.0,complete,2023-10-27T00:15:00.000Z,2026-09-29T20:29:10+00:00,
2023,8,HOU,CAR,3.5,,52.0,50.0,complete,2023-10-29T17:00:00.000Z,2026-09-29T20:29:10+00:00,
2023,8,LAR,DAL,-6.5,,58.0,57.0,complete,2023-10-29T17:00:00.000Z,2026-09-29T20:29:10+00:00,
2023,8,KC,DEN,7.0,,37.0,67.0,complete,2023-10-29T20:25:00.000Z,2026-09-29T20:29:10+00:00,
2023,8,LV,DET,-7.0,,82.0,86.0,complete,2023-10-31T00:15:00.000Z,2026-09-29T20:29:10+00:00,
2023,8,MIN,GB,1.0,,62.0,81.0,complete,2023-10-29T17:00:00.000Z,2026-09-29T20:29:10+00:00,
2023,8,NO,IND,2.0,,40.0,56.0,complete,2023-10-29T17:00:00.000Z,2026-09-29T20:29:10+00:00,
2023,8,CHI,LAC,-10.0,,43.0,67.0,complete,2023-10-30T00:20:00.000Z,2026-09-29T20:29:10+00:00,
2023,8,NE,MIA,-8.5,,63.0,49.0,complete,2023-10-29T17:00:00.000Z,2026-09-29T20:29:10+00:00,
2023,8,NYJ,NYG,3.0,,58.0,46.0,complete,2023-10-29T17:00:00.000Z,2026-09-29T20:29:10+00:00,
2023,8,JAX,PIT,2.5,,48.0,49.0,complete,2023-10-29T17:00:00.000Z,2026-09-29T20:29:10+00:00,
2023,8,CLE,SEA,-4.5,,55.0,45.0,complete,2023-10-29T20:05:00.000Z,2026-09-29T20:29:10+00:00,
2023,8,CIN,SF,-4.5,,37.0,32.0,complete,2023-10-29T20:25:00.000Z,2026-09-29T20:29:10+00:00,
2023,8,ATL,TEN,2.5,,68.0,63.0,complete,2023-10-29T17:00:00.000Z,2026-09-29T20:29:10+00:00,
2023,8,PHI,WAS,7.0,,56.0,76.0,complete,2023-10-29T17:00:00.000Z,2026-09-29T20:29:10+00:00,
2023,9,MIN,ATL,-3.5,,34.0,25.0,complete,2023-11-05T18:00:00.000Z,2026-09-29T20:29:27+00:00,
2023,9,SEA,BAL,-6.0,,33.0,30.0,complete,2023-11-05T18:00:00.000Z,2026-09-29T20:29:27+00:00,
2023,9,IND,CAR,1.5,,64.0,73.0,complete,2023-11-05T21:05:00.000Z,2026-09-29T20:29:27+00:00,
2023,9,BUF,CIN,-1.5,,61.0,59.0,complete,2023-11-06T01:20:00.000Z,2026-09-29T20:29:27+00:00,
2023,9,ARI,CLE,-13.0,,70.0,60.0,complete,2023-11-05T18:00:00.000Z,2026-09-29T20:29:27+00:00,
2023,9,LAR,GB,-3.5,,47.0,51.0,complete,2023-11-05T18:00:00.000Z,2026-09-29T20:29:27+00:00,
2023,9,TB,HOU,-2.5,,49.0,50.0,complete,2023-11-05T18:00:00.000Z,2026-09-29T20:29:27+00:00,
2023,9,MIA,KC,0.5,,61.0,79.0,complete,2023-11-05T14:30:00.000Z,2026-09-29T20:29:27+00:00,
2023,9,NYG,LV,-0.5,,53.0,65.0,complete,2023-11-05T21:25:00.000Z,2026-09-29T20:29:27+00:00,
2023,9,WAS,NE,-3.0,,53.0,59.0,complete,2023-11-05T18:00:00.000Z,2026-09-29T20:29:27+00:00,
2023,9,CHI,NO,-9.5,,58.0,28.0,complete,2023-11-05T18:00:00.000Z,2026-09-29T20:29:27+00:00,
2023,9,LAC,NYJ,3.5,,69.0,78.0,complete,2023-11-07T01:15:00.000Z,2026-09-29T20:29:27+00:00,
2023,9,DAL,PHI,-3.0,,59.0,60.0,complete,2023-11-05T21:25:00.000Z,2026-09-29T20:29:27+00:00,
2023,9,TEN,PIT,-3.5,,59.0,60.0,complete,2023-11-03T00:15:00.000Z,2026-09-29T20:29:27+00:00,
2023,10,ATL,ARI,2.0,,54.0,62.0,complete,2023-11-12T21:05:00.000Z,2026-09-29T20:30:00+00:00,
2023,10,CLE,BAL,-6.0,,59.0,44.0,complete,2023-11-12T18:00:00.000Z,2026-09-29T20:30:00+00:00,
2023,10,DEN,BUF,-7.5,,53.0,28.0,complete,2023-11-14T01:15:00.000Z,2026-09-29T20:30:00+00:00,
2023,10,CAR,CHI,-3.5,,45.0,23.0,complete,2023-11-10T01:15:00.000Z,2026-09-29T20:30:00+00:00,
2023,10,HOU,CIN,-5.5,,69.0,65.0,complete,2023-11-12T18:00:00.000Z,2026-09-29T20:30:00+00:00,
2023,10,NYG,DAL,-17.5,,80.0,85.0,complete,2023-11-12T21:25:00.000Z,2026-09-29T20:30:00+00:00,
2023,10,SF,JAX,3.0,,47.0,62.0,complete,2023-11-12T18:00:00.000Z,2026-09-29T20:30:00+00:00,
2023,10,DET,LAC,2.0,,27.0,14.0,complete,2023-11-12T21:05:00.000Z,2026-09-29T20:30:00+00:00,
2023,10,NYJ,LV,1.0,,53.0,45.0,complete,2023-11-13T01:20:00.000Z,2026-09-29T20:30:00+00:00,
2023,10,NO,MIN,3.0,,54.0,56.0,complete,2023-11-12T18:00:00.000Z,2026-09-29T20:30:00+00:00,
2023,10,IND,NE,1.5,,65.0,65.0,complete,2023-11-12T14:30:00.000Z,2026-09-29T20:30:00+00:00,
2023,10,GB,PIT,-3.5,,63.0,48.0,complete,2023-11-12T18:00:00.000Z,2026-09-29T20:30:00+00:00,
2023,10,WAS,SEA,-6.0,,73.0,65.0,complete,2023-11-12T21:25:00.000Z,2026-09-29T20:30:00+00:00,
2023,10,TEN,TB,-2.5,,30.0,42.0,complete,2023-11-12T18:00:00.000Z,2026-09-29T20:30:00+00:00,
2023,11,CIN,BAL,-4.0,,32.0,38.0,complete,2023-11-17T01:15:00.000Z,2026-09-29T20:30:13+00:00,
2023,11,NYJ,BUF,-8.5,,69.0,45.0,complete,2023-11-19T21:25:00.000Z,2026-09-29T20:30:13+00:00,
2023,11,DAL,CAR,11.5,,38.0,69.0,complete,2023-11-19T18:00:00.000Z,2026-09-29T20:30:13+00:00,
2023,11,PIT,CLE,-2.5,,33.0,29.0,complete,2023-11-19T18:00:00.000Z,2026-09-29T20:30:13+00:00,
2023,11,MIN,DEN,-2.5,,56.0,73.0,complete,2023-11-20T01:20:00.000Z,2026-09-29T20:30:13+00:00,
2023,11,CHI,DET,-8.0,,58.0,36.0,complete,2023-11-19T18:00:00.000Z,2026-09-29T20:30:13+00:00,
2023,11,LAC,GB,3.0,,25.0,36.0,complete,2023-11-19T18:00:00.000Z,2026-09-29T20:30:13+00:00,
2023,11,ARI,HOU,-5.5,,26.0,28.0,complete,2023-11-19T18:00:00.000Z,2026-09-29T20:30:13+00:00,
2023,11,TEN,JAX,-6.5,,68.0,45.0,complete,2023-11-19T18:00:00.000Z,2026-09-29T20:30:13+00:00,
2023,11,PHI,KC,-2.5,,50.0,52.0,complete,2023-11-21T01:15:00.000Z,2026-09-29T20:30:13+00:00,
2023,11,SEA,LAR,-2.5,,65.0,84.0,complete,2023-11-19T21:25:00.000Z,2026-09-29T20:30:13+00:00,
2023,11,LV,MIA,-14.0,,81.0,87.0,complete,2023-11-19T18:00:00.000Z,2026-09-29T20:30:13+00:00,
2023,11,TB,SF,-13.5,,71.0,50.0,complete,2023-11-19T21:05:00.000Z,2026-09-29T20:30:13+00:00,
2023,11,NYG,WAS,-7.5,,59.0,31.0,complete,2023-11-19T18:00:00.000Z,2026-09-29T20:30:13+00:00,
2023,12,LAR,ARI,3.0,,40.0,26.0,complete,2023-11-26T21:05:00.000Z,2026-09-29T20:30:29+00:00,
2023,12,NO,ATL,1.5,,61.0,78.0,complete,2023-11-26T18:00:00.000Z,2026-09-29T20:30:29+00:00,
2023,12,PIT,CIN,2.5,,43.0,48.0,complete,2023-11-26T18:00:00.000Z,2026-09-29T20:30:29+00:00,
2023,12,WAS,DAL,-13.0,,54.0,39.0,complete,2023-11-23T21:30:00.000Z,2026-09-29T20:30:29+00:00,
2023,12,CLE,DEN,-2.0,,48.0,50.0,complete,2023-11-26T21:05:00.000Z,2026-09-29T20:30:29+00:00,
2023,12,GB,DET,-8.5,,67.0,78.0,complete,2023-11-23T17:30:00.000Z,2026-09-29T20:30:29+00:00,
2023,12,JAX,HOU,1.0,,64.0,68.0,complete,2023-11-26T18:00:00.000Z,2026-09-29T20:30:29+00:00,
2023,12,TB,IND,-2.5,,44.0,46.0,complete,2023-11-26T18:00:00.000Z,2026-09-29T20:30:29+00:00,
2023,12,BAL,LAC,3.0,,32.0,35.0,complete,2023-11-27T01:20:00.000Z,2026-09-29T20:30:29+00:00,
2023,12,KC,LV,9.5,,27.0,48.0,complete,2023-11-26T21:25:00.000Z,2026-09-29T20:30:29+00:00,
2023,12,CHI,MIN,-3.0,,55.0,52.0,complete,2023-11-28T01:15:00.000Z,2026-09-29T20:30:29+00:00,
2023,12,NE,NYG,4.5,,50.0,65.0,complete,2023-11-26T18:00:00.000Z,2026-09-29T20:30:29+00:00,
2023,12,MIA,NYJ,9.0,,27.0,46.0,complete,2023-11-24T20:00:00.000Z,2026-09-29T20:30:29+00:00,
2023,12,BUF,PHI,-2.5,,45.0,39.0,complete,2023-11-26T21:25:00.000Z,2026-09-29T20:30:29+00:00,
2023,12,SF,SEA,7.0,,18.0,15.0,complete,2023-11-24T01:20:00.000Z,2026-09-29T20:30:29+00:00,
2023,12,CAR,TEN,-3.5,,62.0,46.0,complete,2023-11-26T18:00:00.000Z,2026-09-29T20:30:29+00:00,
2023,13,SEA,DAL,-9.5,,73.0,67.0,complete,2023-12-01T01:15:00.000Z,2026-09-29T20:30:42+00:00,
2023,13,KC,GB,5.5,,40.0,50.0,complete,2023-12-04T01:20:00.000Z,2026-09-29T20:30:42+00:00,
2023,13,DEN,HOU,-3.5,,57.0,69.0,complete,2023-12-03T18:00:00.000Z,2026-09-29T20:30:42+00:00,
2023,13,CIN,JAX,-10.0,,59.0,54.0,complete,2023-12-05T01:15:00.000Z,2026-09-29T20:30:42+00:00,
2023,13,CLE,LAR,-3.5,,63.0,62.0,complete,2023-12-03T21:25:00.000Z,2026-09-29T20:30:42+00:00,
2023,13,LAC,NE,4.5,,31.0,29.0,complete,2023-12-03T18:00:00.000Z,2026-09-29T20:30:42+00:00,
2023,13,DET,NO,4.0,,31.0,28.0,complete,2023-12-03T18:00:00.000Z,2026-09-29T20:30:42+00:00,
2023,13,ATL,NYJ,2.0,,55.0,66.0,complete,2023-12-03T18:00:00.000Z,2026-09-29T20:30:42+00:00,
2023,13,SF,PHI,3.0,,36.0,41.0,complete,2023-12-03T21:25:00.000Z,2026-09-29T20:30:42+00:00,
2023,13,ARI,PIT,-6.5,,35.0,20.0,complete,2023-12-03T18:00:00.000Z,2026-09-29T20:30:42+00:00,
2023,13,CAR,TB,-3.5,,49.0,28.0,complete,2023-12-03T21:05:00.000Z,2026-09-29T20:30:42+00:00,
2023,13,IND,TEN,1.5,,68.0,82.0,complete,2023-12-03T18:00:00.000Z,2026-09-29T20:30:42+00:00,
2023,13,MIA,WAS,8.5,,40.0,67.0,complete,2023-12-03T18:00:00.000Z,2026-09-29T20:30:42+00:00,
2023,14,TB,ATL,-2.0,,32.0,53.0,complete,2023-12-10T18:00:00.000Z,2026-09-29T20:30:56+00:00,
2023,14,LAR,BAL,-7.5,,65.0,50.0,complete,2023-12-10T18:00:00.000Z,2026-09-29T20:30:56+00:00,
2023,14,DET,CHI,3.0,,54.0,70.0,complete,2023-12-10T18:00:00.000Z,2026-09-29T20:30:56+00:00,
2023,14,IND,CIN,-3.0,,55.0,55.0,complete,2023-12-10T18:00:00.000Z,2026-09-29T20:30:56+00:00,
2023,14,JAX,CLE,-2.5,,69.0,84.0,complete,2023-12-10T18:00:00.000Z,2026-09-29T20:30:56+00:00,
2023,14,PHI,DAL,-3.5,,50.0,57.0,complete,2023-12-11T01:20:00.000Z,2026-09-29T20:30:56+00:00,
2023,14,BUF,KC,-1.5,,36.0,50.0,complete,2023-12-10T21:25:00.000Z,2026-09-29T20:30:56+00:00,
2023,14,DEN,LAC,-3.0,,31.0,42.0,complete,2023-12-10T21:25:00.000Z,2026-09-29T20:30:56+00:00,
2023,14,MIN,LV,3.0,,54.0,62.0,complete,2023-12-10T21:05:00.000Z,2026-09-29T20:30:56+00:00,
2023,14,TEN,MIA,-13.5,,76.0,69.0,complete,2023-12-12T01:15:00.000Z,2026-09-29T20:30:56+00:00,
2023,14,CAR,NO,-5.5,,35.0,12.0,complete,2023-12-10T18:00:00.000Z,2026-09-29T20:30:56+00:00,
2023,14,GB,NYG,5.5,,44.0,50.0,complete,2023-12-12T01:15:00.000Z,2026-09-29T20:30:56+00:00,
2023,14,HOU,NYJ,3.5,,28.0,29.0,complete,2023-12-10T18:00:00.000Z,2026-09-29T20:30:56+00:00,
2023,14,NE,PIT,-5.5,,39.0,19.0,complete,2023-12-08T01:15:00.000Z,2026-09-29T20:30:56+00:00,
2023,14,SEA,SF,-15.0,,59.0,39.0,complete,2023-12-10T21:05:00.000Z,2026-09-29T20:30:56+00:00,
2023,15,SF,ARI,12.5,,32.0,56.0,complete,2023-12-17T21:05:00.000Z,2026-09-29T20:31:12+00:00,
2023,15,DAL,BUF,-2.5,,62.0,79.0,complete,2023-12-17T21:25:00.000Z,2026-09-29T20:31:12+00:00,
2023,15,ATL,CAR,2.5,,44.0,67.0,complete,2023-12-17T18:00:00.000Z,2026-09-29T20:31:12+00:00,
2023,15,MIN,CIN,-3.0,,61.0,43.0,complete,2023-12-16T18:00:00.000Z,2026-09-29T20:31:12+00:00,
2023,15,CHI,CLE,-2.5,,34.0,15.0,complete,2023-12-17T18:00:00.000Z,2026-09-29T20:31:12+00:00,
2023,15,DEN,DET,-5.5,,54.0,78.0,complete,2023-12-17T01:15:00.000Z,2026-09-29T20:31:12+00:00,
2023,15,TB,GB,-4.0,,54.0,44.0,complete,2023-12-17T18:00:00.000Z,2026-09-29T20:31:12+00:00,
2023,15,PIT,IND,-1.5,,54.0,37.0,complete,2023-12-16T21:30:00.000Z,2026-09-29T20:31:12+00:00,
2023,15,BAL,JAX,4.0,,46.0,46.0,complete,2023-12-18T01:20:00.000Z,2026-09-29T20:31:12+00:00,
2023,15,WAS,LAR,-6.5,,80.0,74.0,complete,2023-12-17T21:05:00.000Z,2026-09-29T20:31:12+00:00,
2023,15,LAC,LV,-3.0,,57.0,74.0,complete,2023-12-15T01:15:00.000Z,2026-09-29T20:31:12+00:00,
2023,15,NYJ,MIA,-7.0,,49.0,30.0,complete,2023-12-17T18:00:00.000Z,2026-09-29T20:31:12+00:00,
2023,15,KC,NE,10.0,,28.0,62.0,complete,2023-12-17T18:00:00.000Z,2026-09-29T20:31:12+00:00,
2023,15,NYG,NO,-6.5,,36.0,29.0,complete,2023-12-17T18:00:00.000Z,2026-09-29T20:31:12+00:00,
2023,15,PHI,SEA,5.0,,34.0,20.0,complete,2023-12-19T01:15:00.000Z,2026-09-29T20:31:12+00:00,
2023,15,HOU,TEN,-3.0,,74.0,57.0,complete,2023-12-17T18:00:00.000Z,2026-09-29T20:31:12+00:00,
2023,16,IND,ATL,-2.5,,47.0,68.0,complete,2023-12-24T18:00:00.000Z,2026-09-29T20:31:48+00:00,
2023,16,GB,CAR,3.5,,35.0,65.0,complete,2023-12-24T18:00:00.000Z,2026-09-29T20:31:48+00:00,
2023,16,ARI,CHI,-4.5,,38.0,31.0,complete,2023-12-24T21:25:00.000Z,2026-09-29T20:31:48+00:00,
2023,16,NE,DEN,-7.0,,55.0,27.0,complete,2023-12-25T01:15:00.000Z,2026-09-29T20:31:48+00:00,
2023,16,CLE,HOU,3.0,,41.0,44.0,complete,2023-12-24T18:00:00.000Z,2026-09-29T20:31:48+00:00,
2023,16,LV,KC,-11.0,,56.0,43.0,complete,2023-12-25T18:00:00.000Z,2026-09-29T20:31:48+00:00,
2023,16,BUF,LAC,12.5,,29.0,47.0,complete,2023-12-24T01:00:00.000Z,2026-09-29T20:31:48+00:00,
2023,16,NO,LAR,-4.5,,74.0,75.0,complete,2023-12-22T01:15:00.000Z,2026-09-29T20:31:48+00:00,
2023,16,DAL,MIA,-1.5,,48.0,32.0,complete,2023-12-24T21:25:00.000Z,2026-09-29T20:31:48+00:00,
2023,16,DET,MIN,2.5,,43.0,56.0,complete,2023-12-24T18:00:00.000Z,2026-09-29T20:31:48+00:00,
2023,16,WAS,NYJ,-3.0,,49.0,43.0,complete,2023-12-24T18:00:00.000Z,2026-09-29T20:31:48+00:00,
2023,16,NYG,PHI,-14.0,,63.0,69.0,complete,2023-12-25T21:30:00.000Z,2026-09-29T20:31:48+00:00,
2023,16,CIN,PIT,3.0,,55.0,69.0,complete,2023-12-23T21:30:00.000Z,2026-09-29T20:31:48+00:00,
2023,16,BAL,SF,-6.5,,45.0,38.0,complete,2023-12-26T01:15:00.000Z,2026-09-29T20:31:48+00:00,
2023,16,JAX,TB,2.5,,50.0,49.0,complete,2023-12-24T21:05:00.000Z,2026-09-29T20:31:48+00:00,
2023,16,SEA,TEN,3.0,,60.0,57.0,complete,2023-12-24T18:00:00.000Z,2026-09-29T20:31:48+00:00,
2023,17,MIA,BAL,-3.0,,61.0,52.0,complete,2023-12-31T18:00:00.000Z,2026-09-29T20:32:02+00:00,
2023,17,NE,BUF,-14.5,,52.0,74.0,complete,2023-12-31T18:00:00.000Z,2026-09-29T20:32:02+00:00,
2023,17,ATL,CHI,-2.5,,67.0,51.0,complete,2023-12-31T18:00:00.000Z,2026-09-29T20:32:02+00:00,
2023,17,NYJ,CLE,-7.0,,58.0,58.0,complete,2023-12-29T01:15:00.000Z,2026-09-29T20:32:02+00:00,
2023,17,DET,DAL,-4.5,,68.0,75.0,complete,2023-12-31T01:15:00.000Z,2026-09-29T20:32:02+00:00,
2023,17,LAC,DEN,-3.5,,49.0,37.0,complete,2023-12-31T21:25:00.000Z,2026-09-29T20:32:02+00:00,
2023,17,TEN,HOU,-5.5,,70.0,59.0,complete,2023-12-31T18:00:00.000Z,2026-09-29T20:32:02+00:00,
2023,17,LV,IND,-3.5,,49.0,41.0,complete,2023-12-31T18:00:00.000Z,2026-09-29T20:32:02+00:00,
2023,17,CAR,JAX,-3.5,,47.0,23.0,complete,2023-12-31T18:00:00.000Z,2026-09-29T20:32:02+00:00,
2023,17,CIN,KC,-7.0,,64.0,47.0,complete,2023-12-31T21:25:00.000Z,2026-09-29T20:32:02+00:00,
2023,17,GB,MIN,-1.5,,37.0,29.0,complete,2024-01-01T01:20:00.000Z,2026-09-29T20:32:02+00:00,
2023,17,LAR,NYG,6.5,,41.0,70.0,complete,2023-12-31T18:00:00.000Z,2026-09-29T20:32:02+00:00,
2023,17,ARI,PHI,-11.5,,41.0,15.0,complete,2023-12-31T18:00:00.000Z,2026-09-29T20:32:02+00:00,
2023,17,PIT,SEA,-4.5,,52.0,33.0,complete,2023-12-31T21:05:00.000Z,2026-09-29T20:32:02+00:00,
2023,17,NO,TB,-2.5,,52.0,36.0,complete,2023-12-31T18:00:00.000Z,2026-09-29T20:32:02+00:00,
2023,17,SF,WAS,14.0,,19.0,23.0,complete,2023-12-31T18:00:00.000Z,2026-09-29T20:32:02+00:00,
2023,18,SEA,ARI,3.0,,49.0,41.0,complete,2024-01-07T21:25:00.000Z,2026-09-29T20:32:15+00:00,
2023,18,PIT,BAL,3.0,,66.0,87.0,complete,2024-01-06T21:30:00.000Z,2026-09-29T20:32:15+00:00,
2023,18,TB,CAR,4.5,,41.0,76.0,complete,2024-01-07T18:00:00.000Z,2026-09-29T20:32:15+00:00,
2023,18,CLE,CIN,-7.5,,58.0,67.0,complete,2024-01-07T18:00:00.000Z,2026-09-29T20:32:15+00:00,
2023,18,MIN,DET,-3.5,,53.0,29.0,complete,2024-01-07T18:00:00.000Z,2026-09-29T20:32:15+00:00,
2023,18,CHI,GB,-3.0,,38.0,17.0,complete,2024-01-07T21:25:00.000Z,2026-09-29T20:32:15+00:00,
2023,18,HOU,IND,1.5,,29.0,26.0,complete,2024-01-07T01:15:00.000Z,2026-09-29T20:32:15+00:00,
2023,18,KC,LAC,-3.5,,60.0,73.0,complete,2024-01-07T21:25:00.000Z,2026-09-29T20:32:15+00:00,
2023,18,DEN,LV,-3.0,,62.0,37.0,complete,2024-01-07T21:25:00.000Z,2026-09-29T20:32:15+00:00,
2023,18,BUF,MIA,2.5,,29.0,14.0,complete,2024-01-08T01:20:00.000Z,2026-09-29T20:32:15+00:00,
2023,18,NYJ,NE,-2.5,,74.0,69.0,complete,2024-01-07T18:00:00.000Z,2026-09-29T20:32:15+00:00,
2023,18,ATL,NO,-3.5,,49.0,32.0,complete,2024-01-07T18:00:00.000Z,2026-09-29T20:32:15+00:00,
2023,18,PHI,NYG,5.0,,59.0,75.0,complete,2024-01-07T21:25:00.000Z,2026-09-29T20:32:15+00:00,
2023,18,LAR,SF,-5.5,,54.0,68.0,complete,2024-01-07T21:25:00.000Z,2026-09-29T20:32:15+00:00,
2023,18,JAX,TEN,3.5,,73.0,90.0,complete,2024-01-07T18:00:00.000Z,2026-09-29T20:32:15+00:00,
2023,18,DAL,WAS,13.0,,38.0,24.0,complete,2024-01-07T21:25:00.000Z,2026-09-29T20:32:15+00:00,
2024,1,PIT,ATL,-4.0,,16.0,27.0,complete,2024-09-08T17:00:00.000Z,2026-09-29T20:18:54+00:00,-2.0
2024,1,ARI,BUF,-6.5,,35.0,41.0,complete,2024-09-08T17:00:00.000Z,2026-09-29T20:18:54+00:00,-7.0
2024,1,TEN,CHI,-4.5,,32.0,34.0,complete,2024-09-08T17:00:00.000Z,2026-09-29T20:18:54+00:00,-4.5
2024,1,NE,CIN,-8.0,,69.0,67.0,complete,2024-09-08T17:00:00.000Z,2026-09-29T20:18:54+00:00,-7.5
2024,1,DAL,CLE,-2.0,,8.0,8.0,complete,2024-09-08T20:25:00.000Z,2026-09-29T20:18:54+00:00,1.5
2024,1,LAR,DET,-5.5,,44.0,52.0,complete,2024-09-09T00:20:00.000Z,2026-09-29T20:18:54+00:00,-3.0
2024,1,HOU,IND,3.0,,57.0,26.0,complete,2024-09-08T17:00:00.000Z,2026-09-29T20:18:54+00:00,1.5
2024,1,BAL,KC,-3.0,,41.0,46.0,complete,2024-09-06T00:20:00.000Z,2026-09-29T20:18:54+00:00,-3.0
2024,1,LV,LAC,-3.0,,29.0,21.0,complete,2024-09-08T20:05:00.000Z,2026-09-29T20:18:54+00:00,-3.0
2024,1,JAX,MIA,-3.5,,47.0,52.0,complete,2024-09-08T17:00:00.000Z,2026-09-29T20:18:54+00:00,-3.5
2024,1,CAR,NO,-3.5,,36.0,22.0,complete,2024-09-08T17:00:00.000Z,2026-09-29T20:18:54+00:00,-4.5
2024,1,MIN,NYG,1.0,,30.0,30.0,complete,2024-09-08T17:00:00.000Z,2026-09-29T20:18:54+00:00,1.5
2024,1,GB,PHI,-2.0,,36.0,45.0,complete,2024-09-07T00:15:00.000Z,2026-09-29T20:18:54+00:00,-1.5
2024,1,DEN,SEA,-6.5,,53.0,66.0,complete,2024-09-08T20:05:00.000Z,2026-09-29T20:18:54+00:00,-4.5
2024,1,NYJ,SF,-3.5,,47.0,47.0,complete,2024-09-10T00:15:00.000Z,2026-09-29T20:18:54+00:00,-5.0
2024,1,WAS,TB,-4.0,,38.0,36.0,complete,2024-09-08T20:25:00.000Z,2026-09-29T20:18:54+00:00,-4.5
2024,2,LAR,ARI,-1.0,,46.0,34.0,complete,2024-09-15T20:05:00.000Z,2026-09-29T20:19:07+00:00,4.0
2024,2,LV,BAL,-9.0,,63.0,86.0,complete,2024-09-15T17:00:00.000Z,2026-09-29T20:19:07+00:00,-7.0
2024,2,LAC,CAR,5.0,,35.0,20.0,complete,2024-09-15T17:00:00.000Z,2026-09-29T20:19:07+00:00,3.0
2024,2,NO,DAL,-6.5,,58.0,82.0,complete,2024-09-15T17:00:00.000Z,2026-09-29T20:19:07+00:00,-4.5
2024,2,PIT,DEN,3.0,,57.0,59.0,complete,2024-09-15T20:25:00.000Z,2026-09-29T20:19:07+00:00,2.0
2024,2,TB,DET,-7.5,,28.0,54.0,complete,2024-09-15T17:00:00.000Z,2026-09-29T20:19:07+00:00,-6.0
2024,2,IND,GB,3.0,,34.0,46.0,complete,2024-09-15T17:00:00.000Z,2026-09-29T20:19:07+00:00,-4.0
2024,2,CHI,HOU,-6.5,,60.0,77.0,complete,2024-09-16T00:20:00.000Z,2026-09-29T20:19:07+00:00,-3.0
2024,2,CLE,JAX,-3.0,,45.0,68.0,complete,2024-09-15T17:00:00.000Z,2026-09-29T20:19:07+00:00,-1.0
2024,2,CIN,KC,-6.5,,60.0,77.0,complete,2024-09-15T20:25:00.000Z,2026-09-29T20:19:07+00:00,-4.5
2024,2,BUF,MIA,-2.5,,27.0,53.0,complete,2024-09-13T00:15:00.000Z,2026-09-29T20:19:07+00:00,-1.5
2024,2,SF,MIN,4.5,,38.0,38.0,complete,2024-09-15T17:00:00.000Z,2026-09-29T20:19:07+00:00,5.5
2024,2,SEA,NE,3.0,,65.0,42.0,complete,2024-09-15T17:00:00.000Z,2026-09-29T20:19:07+00:00,2.5
2024,2,ATL,PHI,-5.5,,59.0,64.0,complete,2024-09-17T00:15:00.000Z,2026-09-29T20:19:07+00:00,-3.5
2024,2,NYJ,TEN,3.5,,49.0,17.0,complete,2024-09-15T17:00:00.000Z,2026-09-29T20:19:07+00:00,4.0
2024,2,NYG,WAS,-1.5,,18.0,19.0,complete,2024-09-15T17:00:00.000Z,2026-09-29T20:19:07+00:00,-3.0
2024,3,DET,ARI,3.0,,56.0,46.0,complete,2024-09-22T20:25:00.000Z,2026-09-29T20:19:21+00:00,4.0
2024,3,KC,ATL,3.0,,39.0,58.0,complete,2024-09-23T00:20:00.000Z,2026-09-29T20:19:21+00:00,3.0
2024,3,JAX,BUF,-4.5,,73.0,60.0,complete,2024-09-23T23:30:00.000Z,2026-09-29T20:19:21+00:00,-4.5
2024,3,WAS,CIN,-7.5,,74.0,70.0,complete,2024-09-24T00:15:00.000Z,2026-09-29T20:19:21+00:00,-6.5
2024,3,NYG,CLE,-6.5,,60.0,56.0,complete,2024-09-22T17:00:00.000Z,2026-09-29T20:19:21+00:00,-6.5
2024,3,BAL,DAL,1.5,,43.0,49.0,complete,2024-09-22T20:25:00.000Z,2026-09-29T20:19:21+00:00,-1.0
2024,3,CHI,IND,-2.5,,45.0,39.0,complete,2024-09-22T17:00:00.000Z,2026-09-29T20:19:21+00:00,-2.0
2024,3,SF,LAR,6.0,,31.0,36.0,complete,2024-09-22T20:25:00.000Z,2026-09-29T20:19:21+00:00,2.5
2024,3,CAR,LV,-5.5,,75.0,67.0,complete,2024-09-22T20:05:00.000Z,2026-09-29T20:19:21+00:00,-4.0
2024,3,HOU,MIN,1.5,,46.0,51.0,complete,2024-09-22T17:00:00.000Z,2026-09-29T20:19:21+00:00,3.5
2024,3,PHI,NO,-2.5,,45.0,38.0,complete,2024-09-22T17:00:00.000Z,2026-09-29T20:19:21+00:00,3.0
2024,3,NE,NYJ,-6.5,,54.0,63.0,complete,2024-09-20T00:15:00.000Z,2026-09-29T20:19:21+00:00,-7.5
2024,3,LAC,PIT,-2.5,,37.0,28.0,complete,2024-09-22T17:00:00.000Z,2026-09-29T20:19:21+00:00,-2.0
2024,3,MIA,SEA,-4.5,,53.0,51.0,complete,2024-09-22T20:05:00.000Z,2026-09-29T20:19:21+00:00,2.0
2024,3,DEN,TB,-6.0,,77.0,82.0,complete,2024-09-22T17:00:00.000Z,2026-09-29T20:19:21+00:00,-3.5
2024,3,GB,TEN,-3.0,,31.0,31.0,complete,2024-09-22T17:00:00.000Z,2026-09-29T20:19:21+00:00,3.5
2024,4,WAS,ARI,-3.5,,47.0,57.0,complete,2024-09-29T20:05:00.000Z,2026-09-29T20:19:34+00:00,-2.0
2024,4,NO,ATL,-3.0,,27.0,40.0,complete,2024-09-29T17:00:00.000Z,2026-09-29T20:19:34+00:00,-4.5
2024,4,BUF,BAL,-3.0,,29.0,33.0,complete,2024-09-30T00:20:00.000Z,2026-09-29T20:19:34+00:00,-3.0
2024,4,CIN,CAR,5.5,,27.0,17.0,complete,2024-09-29T17:00:00.000Z,2026-09-29T20:19:34+00:00,5.0
2024,4,LAR,CHI,-3.5,,23.0,29.0,complete,2024-09-29T17:00:00.000Z,2026-09-29T20:19:34+00:00,-1.5
2024,4,SEA,DET,-4.0,,49.0,60.0,complete,2024-10-01T00:15:00.000Z,2026-09-29T20:19:34+00:00,-6.0
2024,4,MIN,GB,-2.5,,22.0,28.0,complete,2024-09-29T17:00:00.000Z,2026-09-29T20:19:34+00:00,-4.5
2024,4,JAX,HOU,-5.5,,60.0,46.0,complete,2024-09-29T17:00:00.000Z,2026-09-29T20:19:34+00:00,-3.5
2024,4,PIT,IND,2.5,,42.0,52.0,complete,2024-09-29T17:00:00.000Z,2026-09-29T20:19:34+00:00,-0.5
2024,4,KC,LAC,7.0,,46.0,57.0,complete,2024-09-29T20:25:00.000Z,2026-09-29T20:19:34+00:00,3.0
2024,4,CLE,LV,3.0,,50.0,52.0,complete,2024-09-29T20:25:00.000Z,2026-09-29T20:19:34+00:00,1.5
2024,4,TEN,MIA,-2.5,,51.0,75.0,complete,2024-09-30T23:30:00.000Z,2026-09-29T20:19:34+00:00,-6.5
2024,4,DAL,NYG,6.0,,18.0,22.0,complete,2024-09-27T00:15:00.000Z,2026-09-29T20:19:34+00:00,4.5
2024,4,DEN,NYJ,-8.0,,59.0,60.0,complete,2024-09-29T17:00:00.000Z,2026-09-29T20:19:34+00:00,-6.0
2024,4,NE,SF,-10.5,,67.0,79.0,complete,2024-09-29T20:05:00.000Z,2026-09-29T20:19:34+00:00,-9.0
2024,4,PHI,TB,1.0,,50.0,68.0,complete,2024-09-29T17:00:00.000Z,2026-09-29T20:19:34+00:00,1.5
2024,5,TB,ATL,-2.5,,30.0,31.0,complete,2024-10-04T00:15:00.000Z,2026-09-29T20:19:48+00:00,-3.0
2024,5,CAR,CHI,-4.0,,59.0,65.0,complete,2024-10-06T17:00:00.000Z,2026-09-29T20:19:48+00:00,-5.5
2024,5,BAL,CIN,2.5,,43.0,61.0,complete,2024-10-06T17:00:00.000Z,2026-09-29T20:19:48+00:00,-1.5
2024,5,LV,DEN,-3.0,,45.0,60.0,complete,2024-10-06T20:05:00.000Z,2026-09-29T20:19:48+00:00,-1.0
2024,5,BUF,HOU,-2.0,,28.0,26.0,complete,2024-10-06T17:00:00.000Z,2026-09-29T20:19:48+00:00,-1.5
2024,5,IND,JAX,-4.0,,36.0,46.0,complete,2024-10-06T17:00:00.000Z,2026-09-29T20:19:48+00:00,-2.5
2024,5,NO,KC,-5.5,,41.0,36.0,complete,2024-10-08T00:15:00.000Z,2026-09-29T20:19:48+00:00,-8.0
2024,5,GB,LAR,3.0,,39.0,54.0,complete,2024-10-06T20:25:00.000Z,2026-09-29T20:19:48+00:00,-1.5
2024,5,NYJ,MIN,-2.5,,68.0,49.0,complete,2024-10-06T13:30:00.000Z,2026-09-29T20:19:48+00:00,4.0
2024,5,MIA,NE,2.0,,61.0,54.0,complete,2024-10-06T17:00:00.000Z,2026-09-29T20:19:48+00:00,4.5
2024,5,DAL,PIT,-2.5,,37.0,30.0,complete,2024-10-07T00:20:00.000Z,2026-09-29T20:19:48+00:00,1.5
2024,5,NYG,SEA,-7.0,,71.0,78.0,complete,2024-10-06T20:25:00.000Z,2026-09-29T20:19:48+00:00,-3.5
2024,5,ARI,SF,-7.5,,53.0,56.0,complete,2024-10-06T20:05:00.000Z,2026-09-29T20:19:48+00:00,-9.5
2024,5,CLE,WAS,-3.0,,49.0,46.0,complete,2024-10-06T17:00:00.000Z,2026-09-29T20:19:48+00:00,3.0
2024,6,WAS,BAL,-7.0,,71.0,75.0,complete,2024-10-13T17:00:00.000Z,2026-09-29T20:20:01+00:00,-8.5
2024,6,ATL,CAR,6.0,,21.0,21.0,complete,2024-10-13T20:25:00.000Z,2026-09-29T20:20:01+00:00,3.5
2024,6,JAX,CHI,1.5,,73.0,56.0,complete,2024-10-13T13:30:00.000Z,2026-09-29T20:20:01+00:00,1.0
2024,6,DET,DAL,3.5,,32.0,37.0,complete,2024-10-13T20:25:00.000Z,2026-09-29T20:20:01+00:00,-1.0
2024,6,LAC,DEN,3.0,,60.0,49.0,complete,2024-10-13T20:05:00.000Z,2026-09-29T20:20:01+00:00,3.0
2024,6,ARI,GB,-5.5,,42.0,49.0,complete,2024-10-13T17:00:00.000Z,2026-09-29T20:20:01+00:00,-5.0
2024,6,PIT,LV,3.5,,26.0,33.0,complete,2024-10-13T20:05:00.000Z,2026-09-29T20:20:01+00:00,1.0
2024,6,HOU,NE,6.5,,21.0,32.0,complete,2024-10-13T17:00:00.000Z,2026-09-29T20:20:01+00:00,5.5
2024,6,TB,NO,3.5,,34.0,27.0,complete,2024-10-13T17:00:00.000Z,2026-09-29T20:20:01+00:00,-1.5
2024,6,CIN,NYG,4.5,,25.0,27.0,complete,2024-10-14T00:20:00.000Z,2026-09-29T20:20:01+00:00,5.5
2024,6,BUF,NYJ,1.5,,21.0,47.0,complete,2024-10-15T00:15:00.000Z,2026-09-29T20:20:01+00:00,-1.5
2024,6,CLE,PHI,-8.0,,62.0,66.0,complete,2024-10-13T17:00:00.000Z,2026-09-29T20:20:01+00:00,-3.0
2024,6,SF,SEA,4.0,,30.0,23.0,complete,2024-10-11T00:15:00.000Z,2026-09-29T20:20:01+00:00,5.0
2024,6,IND,TEN,-2.5,,28.0,25.0,complete,2024-10-13T17:00:00.000Z,2026-09-29T20:20:01+00:00,1.5
2024,7,LAC,ARI,1.0,,43.0,44.0,complete,2024-10-22T01:00:00.000Z,2026-09-29T20:20:13+00:00,-1.0
2024,7,SEA,ATL,-3.0,,50.0,40.0,complete,2024-10-20T17:00:00.000Z,2026-09-29T20:20:13+00:00,-3.5
2024,7,TEN,BUF,-9.5,,81.0,86.0,complete,2024-10-20T17:00:00.000Z,2026-09-29T20:20:13+00:00,-7.5
2024,7,CIN,CLE,5.5,,25.0,20.0,complete,2024-10-20T17:00:00.000Z,2026-09-29T20:20:13+00:00,1.0
2024,7,HOU,GB,-3.0,,33.0,31.0,complete,2024-10-20T17:00:00.000Z,2026-09-29T20:20:13+00:00,-2.5
2024,7,MIA,IND,-3.0,,55.0,61.0,complete,2024-10-20T17:00:00.000Z,2026-09-29T20:20:13+00:00,1.0
2024,7,NE,JAX,-7.0,,38.0,62.0,complete,2024-10-20T13:30:00.000Z,2026-09-29T20:20:13+00:00,-6.5
2024,7,LV,LAR,-7.0,,61.0,65.0,complete,2024-10-20T20:05:00.000Z,2026-09-29T20:20:13+00:00,-4.5
2024,7,DET,MIN,-1.0,,26.0,28.0,complete,2024-10-20T17:00:00.000Z,2026-09-29T20:20:13+00:00,3.5
2024,7,DEN,NO,2.5,,45.0,28.0,complete,2024-10-18T00:15:00.000Z,2026-09-29T20:20:13+00:00,-3.5
2024,7,PHI,NYG,3.0,,22.0,19.0,complete,2024-10-20T17:00:00.000Z,2026-09-29T20:20:13+00:00,4.5
2024,7,NYJ,PIT,2.5,,41.0,30.0,complete,2024-10-21T00:20:00.000Z,2026-09-29T20:20:13+00:00,1.0
2024,7,KC,SF,-2.5,,22.0,19.0,complete,2024-10-20T20:25:00.000Z,2026-09-29T20:20:13+00:00,-1.5
2024,7,BAL,TB,4.5,,36.0,39.0,complete,2024-10-22T00:15:00.000Z,2026-09-29T20:20:13+00:00,5.0
2024,7,CAR,WAS,-10.0,,82.0,82.0,complete,2024-10-20T20:05:00.000Z,2026-09-29T20:20:13+00:00,-3.0
2024,8,PHI,CIN,-2.5,,36.0,38.0,complete,2024-10-27T17:00:00.000Z,2026-09-29T20:20:27+00:00,-3.0
2024,8,BAL,CLE,7.5,,18.0,21.0,complete,2024-10-27T17:00:00.000Z,2026-09-29T20:20:27+00:00,1.0
2024,8,CAR,DEN,-13.0,,71.0,73.0,complete,2024-10-27T20:25:00.000Z,2026-09-29T20:20:27+00:00,-2.5
2024,8,TEN,DET,-12.5,,88.0,91.0,complete,2024-10-27T17:00:00.000Z,2026-09-29T20:20:27+00:00,-7.5
2024,8,IND,HOU,-5.0,,77.0,80.0,complete,2024-10-27T17:00:00.000Z,2026-09-29T20:20:27+00:00,-4.0
2024,8,GB,JAX,3.5,,20.0,40.0,complete,2024-10-27T17:00:00.000Z,2026-09-29T20:20:27+00:00,1.0
2024,8,NO,LAC,-7.5,,54.0,53.0,complete,2024-10-27T20:05:00.000Z,2026-09-29T20:20:27+00:00,-3.0
2024,8,MIN,LAR,3.0,,30.0,41.0,complete,2024-10-25T00:15:00.000Z,2026-09-29T20:20:27+00:00,-3.5
2024,8,KC,LV,9.0,,18.0,34.0,complete,2024-10-27T20:25:00.000Z,2026-09-29T20:20:27+00:00,5.5
2024,8,ARI,MIA,-5.0,,50.0,56.0,complete,2024-10-27T17:00:00.000Z,2026-09-29T20:20:27+00:00,-6.0
2024,8,NYJ,NE,7.0,,23.0,15.0,complete,2024-10-27T17:00:00.000Z,2026-09-29T20:20:27+00:00,4.5
2024,8,NYG,PIT,-5.5,,78.0,76.0,complete,2024-10-29T00:15:00.000Z,2026-09-29T20:20:27+00:00,-4.0
2024,8,BUF,SEA,3.0,,34.0,46.0,complete,2024-10-27T20:05:00.000Z,2026-09-29T20:20:27+00:00,3.0
2024,8,DAL,SF,-5.5,,54.0,58.0,complete,2024-10-28T00:20:00.000Z,2026-09-29T20:20:27+00:00,-5.5
2024,8,ATL,TB,1.5,,38.0,39.0,complete,2024-10-27T17:00:00.000Z,2026-09-29T20:20:27+00:00,-1.0
2024,8,CHI,WAS,-1.5,,62.0,64.0,complete,2024-10-27T20:25:00.000Z,2026-09-29T20:20:27+00:00,2.0
2024,9,CHI,ARI,-1.5,,36.0,28.0,complete,2024-11-03T21:05:00.000Z,2026-09-29T20:20:45+00:00,1.5
2024,9,DAL,ATL,-3.0,,38.0,32.0,complete,2024-11-03T18:00:00.000Z,2026-09-29T20:20:45+00:00,1.0
2024,9,DEN,BAL,-9.0,,51.0,44.0,complete,2024-11-03T18:00:00.000Z,2026-09-29T20:20:45+00:00,-10.5
2024,9,MIA,BUF,-6.5,,71.0,70.0,complete,2024-11-03T18:00:00.000Z,2026-09-29T20:20:45+00:00,-3.0
2024,9,NO,CAR,7.0,,31.0,36.0,complete,2024-11-03T18:00:00.000Z,2026-09-29T20:20:45+00:00,1.0
2024,9,LV,CIN,-8.0,,73.0,68.0,complete,2024-11-03T18:00:00.000Z,2026-09-29T20:20:45+00:00,-7.0
2024,9,LAC,CLE,2.0,,59.0,66.0,complete,2024-11-03T18:00:00.000Z,2026-09-29T20:20:45+00:00,-3.5
2024,9,DET,GB,3.0,,42.0,49.0,complete,2024-11-03T21:25:00.000Z,2026-09-29T20:20:45+00:00,-1.5
2024,9,TB,KC,-9.0,,0.0,49.0,complete,2024-11-05T01:15:00.000Z,2026-09-29T20:20:45+00:00,-7.5
2024,9,IND,MIN,-6.0,,69.0,73.0,complete,2024-11-04T01:20:00.000Z,2026-09-29T20:20:45+00:00,-1.0
2024,9,WAS,NYG,4.5,,19.0,27.0,complete,2024-11-03T18:00:00.000Z,2026-09-29T20:20:45+00:00,-1.5
2024,9,HOU,NYJ,-2.5,,20.0,25.0,complete,2024-11-01T00:15:00.000Z,2026-09-29T20:20:45+00:00,-2.5
2024,9,JAX,PHI,-7.5,,79.0,73.0,complete,2024-11-03T21:05:00.000Z,2026-09-29T20:20:45+00:00,-3.5
2024,9,LAR,SEA,2.0,,33.0,45.0,complete,2024-11-03T21:25:00.000Z,2026-09-29T20:20:45+00:00,1.5
2024,9,NE,TEN,-3.5,,35.0,51.0,complete,2024-11-03T18:00:00.000Z,2026-09-29T20:20:45+00:00,-3.0
2024,10,NYJ,ARI,2.0,,66.0,52.0,complete,2024-11-10T21:25:00.000Z,2026-09-29T20:21:00+00:00,3.0
2024,10,CIN,BAL,-6.0,,49.0,54.0,complete,2024-11-08T01:15:00.000Z,2026-09-29T20:21:00+00:00,-3.0
2024,10,NYG,CAR,6.5,,61.0,40.0,complete,2024-11-10T14:30:00.000Z,2026-09-29T20:21:00+00:00,1.5
2024,10,NE,CHI,-6.5,,62.0,68.0,complete,2024-11-10T18:00:00.000Z,2026-09-29T20:21:00+00:00,-5.5
2024,10,PHI,DAL,7.0,,22.0,27.0,complete,2024-11-10T21:25:00.000Z,2026-09-29T20:21:00+00:00,-2.0
2024,10,DET,HOU,4.5,,34.0,39.0,complete,2024-11-11T01:20:00.000Z,2026-09-29T20:21:00+00:00,-1.0
2024,10,BUF,IND,4.5,,24.0,32.0,complete,2024-11-10T18:00:00.000Z,2026-09-29T20:21:00+00:00,2.0
2024,10,MIN,JAX,7.0,,18.0,16.0,complete,2024-11-10T18:00:00.000Z,2026-09-29T20:21:00+00:00,-3.5
2024,10,DEN,KC,-7.5,,64.0,55.0,complete,2024-11-10T18:00:00.000Z,2026-09-29T20:21:00+00:00,-9.5
2024,10,TEN,LAC,-9.0,,80.0,65.0,complete,2024-11-10T21:05:00.000Z,2026-09-29T20:21:00+00:00,-4.0
2024,10,MIA,LAR,-2.5,,53.0,25.0,complete,2024-11-12T01:15:00.000Z,2026-09-29T20:21:00+00:00,-1.0
2024,10,ATL,NO,3.5,,19.0,21.0,complete,2024-11-10T18:00:00.000Z,2026-09-29T20:21:00+00:00,1.0
2024,10,SF,TB,6.5,,45.0,39.0,complete,2024-11-10T18:00:00.000Z,2026-09-29T20:21:00+00:00,7.0
2024,10,PIT,WAS,-1.5,,34.0,29.0,complete,2024-11-10T18:00:00.000Z,2026-09-29T20:21:00+00:00,1.5
2024,11,KC,BUF,-2.5,,15.0,19.0,complete,2024-11-17T21:25:00.000Z,2026-09-29T20:21:17+00:00,1.0
2024,11,GB,CHI,6.0,,23.0,18.0,complete,2024-11-17T18:00:00.000Z,2026-09-29T20:21:17+00:00,1.0
2024,11,HOU,DAL,7.0,,28.0,36.0,complete,2024-11-19T01:15:00.000Z,2026-09-29T20:21:17+00:00,-3.0
2024,11,ATL,DEN,-2.0,,24.0,27.0,complete,2024-11-17T21:05:00.000Z,2026-09-29T20:21:17+00:00,3.5
2024,11,JAX,DET,-14.0,,81.0,85.0,complete,2024-11-17T18:00:00.000Z,2026-09-29T20:21:17+00:00,-4.0
2024,11,CIN,LAC,-1.0,,19.0,19.0,complete,2024-11-18T01:20:00.000Z,2026-09-29T20:21:17+00:00,2.0
2024,11,LV,MIA,-8.0,,75.0,82.0,complete,2024-11-17T18:00:00.000Z,2026-09-29T20:21:17+00:00,-6.5
2024,11,LAR,NE,4.0,,27.0,23.0,complete,2024-11-17T18:00:00.000Z,2026-09-29T20:21:17+00:00,4.0
2024,11,CLE,NO,1.0,,69.0,55.0,complete,2024-11-17T18:00:00.000Z,2026-09-29T20:21:17+00:00,2.0
2024,11,IND,NYJ,-4.5,,41.0,40.0,complete,2024-11-17T18:00:00.000Z,2026-09-29T20:21:17+00:00,-4.0
2024,11,WAS,PHI,-4.5,,56.0,62.0,complete,2024-11-15T01:15:00.000Z,2026-09-29T20:21:17+00:00,-7.0
2024,11,BAL,PIT,3.0,,68.0,75.0,complete,2024-11-17T18:00:00.000Z,2026-09-29T20:21:17+00:00,3.0
2024,11,SEA,SF,-6.0,,65.0,66.0,complete,2024-11-17T21:05:00.000Z,2026-09-29T20:21:17+00:00,-9.0
2024,11,MIN,TEN,6.0,,16.0,12.0,complete,2024-11-17T18:00:00.000Z,2026-09-29T20:21:17+00:00,1.0
2024,12,KC,CAR,10.5,,23.0,29.0,complete,2024-11-24T18:00:00.000Z,2026-09-29T20:21:34+00:00,7.5
2024,12,MIN,CHI,3.0,,48.0,59.0,complete,2024-11-24T18:00:00.000Z,2026-09-29T20:21:34+00:00,-3.5
2024,12,PIT,CLE,3.5,,33.0,38.0,complete,2024-11-22T01:15:00.000Z,2026-09-29T20:21:34+00:00,-2.5
2024,12,SF,GB,-6.5,,46.0,54.0,complete,2024-11-24T21:25:00.000Z,2026-09-29T20:21:34+00:00,2.5
2024,12,TEN,HOU,-8.0,,73.0,60.0,complete,2024-11-24T18:00:00.000Z,2026-09-29T20:21:34+00:00,-6.0
2024,12,DET,IND,7.0,,22.0,56.0,complete,2024-11-24T18:00:00.000Z,2026-09-29T20:21:34+00:00,2.5
2024,12,BAL,LAC,3.0,,40.0,49.0,complete,2024-11-26T01:15:00.000Z,2026-09-29T20:21:34+00:00,3.0
2024,12,PHI,LAR,3.0,,26.0,40.0,complete,2024-11-25T01:20:00.000Z,2026-09-29T20:21:34+00:00,-1.0
2024,12,DEN,LV,6.0,,29.0,29.0,complete,2024-11-24T21:05:00.000Z,2026-09-29T20:21:34+00:00,-3.0
2024,12,NE,MIA,-7.5,,61.0,59.0,complete,2024-11-24T18:00:00.000Z,2026-09-29T20:21:34+00:00,-7.5
2024,12,TB,NYG,6.0,,18.0,15.0,complete,2024-11-24T18:00:00.000Z,2026-09-29T20:21:34+00:00,1.0
2024,12,ARI,SEA,1.0,,51.0,57.0,complete,2024-11-24T21:25:00.000Z,2026-09-29T20:21:34+00:00,-1.0
2024,12,DAL,WAS,-10.5,,72.0,72.0,complete,2024-11-24T18:00:00.000Z,2026-09-29T20:21:34+00:00,3.5
2024,13,LAC,ATL,1.0,,40.0,53.0,complete,2024-12-01T18:00:00.000Z,2026-09-29T20:21:49+00:00,-2.5
2024,13,PHI,BAL,-3.0,,35.0,38.0,complete,2024-12-01T21:25:00.000Z,2026-09-29T20:21:49+00:00,-3.5
2024,13,SF,BUF,-6.5,,61.0,60.0,complete,2024-12-02T01:20:00.000Z,2026-09-29T20:21:49+00:00,2.0
2024,13,TB,CAR,6.5,,20.0,19.0,complete,2024-12-01T21:05:00.000Z,2026-09-29T20:21:49+00:00,2.0
2024,13,PIT,CIN,-3.0,,32.0,35.0,complete,2024-12-01T18:00:00.000Z,2026-09-29T20:21:49+00:00,-5.0
2024,13,NYG,DAL,-4.5,,75.0,71.0,complete,2024-11-28T21:30:00.000Z,2026-09-29T20:21:49+00:00,-8.5
2024,13,CLE,DEN,-6.5,,69.0,66.0,complete,2024-12-03T01:15:00.000Z,2026-09-29T20:21:49+00:00,3.5
2024,13,CHI,DET,-9.5,,74.0,66.0,complete,2024-11-28T17:30:00.000Z,2026-09-29T20:21:49+00:00,-4.5
2024,13,MIA,GB,-3.5,,57.0,39.0,complete,2024-11-29T01:20:00.000Z,2026-09-29T20:21:49+00:00,-3.0
2024,13,HOU,JAX,3.5,,19.0,24.0,complete,2024-12-01T18:00:00.000Z,2026-09-29T20:21:49+00:00,-1.0
2024,13,LV,KC,-13.5,,50.0,64.0,complete,2024-11-29T20:00:00.000Z,2026-09-29T20:21:49+00:00,-7.5
2024,13,ARI,MIN,-3.5,,64.0,70.0,complete,2024-12-01T18:00:00.000Z,2026-09-29T20:21:49+00:00,-2.0
2024,13,IND,NE,2.5,,34.0,67.0,complete,2024-12-01T18:00:00.000Z,2026-09-29T20:21:49+00:00,3.0
2024,13,LAR,NO,2.5,,30.0,32.0,complete,2024-12-01T21:05:00.000Z,2026-09-29T20:21:49+00:00,1.5
2024,13,SEA,NYJ,-1.5,,25.0,25.0,complete,2024-12-01T18:00:00.000Z,2026-09-29T20:21:49+00:00,-4.5
2024,13,TEN,WAS,-6.0,,59.0,64.0,complete,2024-12-01T18:00:00.000Z,2026-09-29T20:21:49+00:00,-1.5
2024,14,SEA,ARI,-3.0,,30.0,35.0,complete,2024-12-08T21:05:00.000Z,2026-09-29T20:22:01+00:00,-1.0
2024,14,CIN,DAL,4.5,,51.0,58.0,complete,2024-12-10T01:15:00.000Z,2026-09-29T20:22:01+00:00,-1.0
2024,14,GB,DET,-3.0,,52.0,40.0,complete,2024-12-06T01:15:00.000Z,2026-09-29T20:22:01+00:00,-3.0
2024,14,LAC,KC,-4.5,,44.0,49.0,complete,2024-12-09T01:20:00.000Z,2026-09-29T20:22:01+00:00,-6.5
2024,14,BUF,LAR,3.5,,28.0,36.0,complete,2024-12-08T21:25:00.000Z,2026-09-29T20:22:01+00:00,1.0
2024,14,NYJ,MIA,-6.5,,73.0,80.0,complete,2024-12-08T18:00:00.000Z,2026-09-29T20:22:01+00:00,-2.0
2024,14,ATL,MIN,-6.0,,42.0,45.0,complete,2024-12-08T18:00:00.000Z,2026-09-29T20:22:01+00:00,1.0
2024,14,NO,NYG,4.5,,32.0,23.0,complete,2024-12-08T18:00:00.000Z,2026-09-29T20:22:01+00:00,-1.0
2024,14,CAR,PHI,-14.0,,58.0,57.0,complete,2024-12-08T18:00:00.000Z,2026-09-29T20:22:01+00:00,-7.5
2024,14,CLE,PIT,-6.0,,64.0,63.0,complete,2024-12-08T18:00:00.000Z,2026-09-29T20:22:01+00:00,1.0
2024,14,CHI,SF,-3.0,,37.0,35.0,complete,2024-12-08T21:25:00.000Z,2026-09-29T20:22:01+00:00,-5.5
2024,14,LV,TB,-7.0,,69.0,77.0,complete,2024-12-08T18:00:00.000Z,2026-09-29T20:22:01+00:00,-3.0
2024,14,JAX,TEN,-3.0,,60.0,51.0,complete,2024-12-08T18:00:00.000Z,2026-09-29T20:22:01+00:00,1.5
2024,15,NE,ARI,-6.0,,67.0,80.0,complete,2024-12-15T21:25:00.000Z,2026-09-29T20:22:14+00:00,-3.5
2024,15,DAL,CAR,-2.5,,28.0,24.0,complete,2024-12-15T18:00:00.000Z,2026-09-29T20:22:14+00:00,6.5
2024,15,KC,CLE,4.5,,43.0,47.0,complete,2024-12-15T18:00:00.000Z,2026-09-29T20:22:14+00:00,2.5
2024,15,IND,DEN,-4.5,,63.0,66.0,complete,2024-12-15T21:25:00.000Z,2026-09-29T20:22:14+00:00,2.5
2024,15,BUF,DET,-2.5,,31.0,26.0,complete,2024-12-15T21:25:00.000Z,2026-09-29T20:22:14+00:00,-2.0
2024,15,MIA,HOU,-2.5,,38.0,26.0,complete,2024-12-15T18:00:00.000Z,2026-09-29T20:22:14+00:00,-2.5
2024,15,NYJ,JAX,3.5,,30.0,25.0,complete,2024-12-15T18:00:00.000Z,2026-09-29T20:22:14+00:00,1.0
2024,15,TB,LAC,-3.0,,32.0,33.0,complete,2024-12-15T21:25:00.000Z,2026-09-29T20:22:14+00:00,-3.0
2024,15,ATL,LV,6.5,,15.0,21.0,complete,2024-12-17T01:30:00.000Z,2026-09-29T20:22:14+00:00,1.0
2024,15,CHI,MIN,-7.0,,78.0,77.0,complete,2024-12-17T01:00:00.000Z,2026-09-29T20:22:14+00:00,1.0
2024,15,WAS,NO,7.5,,23.0,22.0,complete,2024-12-15T18:00:00.000Z,2026-09-29T20:22:14+00:00,-3.0
2024,15,BAL,NYG,16.5,,48.0,41.0,complete,2024-12-15T18:00:00.000Z,2026-09-29T20:22:14+00:00,6.5
2024,15,PIT,PHI,-5.5,,25.0,39.0,complete,2024-12-15T21:25:00.000Z,2026-09-29T20:22:14+00:00,-4.5
2024,15,GB,SEA,3.0,,46.0,45.0,complete,2024-12-16T01:20:00.000Z,2026-09-29T20:22:14+00:00,1.0
2024,15,LAR,SF,-3.0,,32.0,34.0,complete,2024-12-13T01:15:00.000Z,2026-09-29T20:22:14+00:00,-6.5
2024,15,CIN,TEN,6.0,,17.0,9.0,complete,2024-12-15T18:00:00.000Z,2026-09-29T20:22:14+00:00,4.5
2024,16,NYG,ATL,-9.5,,61.0,63.0,complete,2024-12-22T18:00:00.000Z,2026-09-29T20:22:28+00:00,-4.5
2024,16,PIT,BAL,-7.0,,41.0,47.0,complete,2024-12-21T21:30:00.000Z,2026-09-29T20:22:28+00:00,-5.5
2024,16,NE,BUF,-14.0,,81.0,77.0,complete,2024-12-22T21:25:00.000Z,2026-09-29T20:22:28+00:00,-8.5
2024,16,ARI,CAR,5.5,,29.0,27.0,complete,2024-12-22T18:00:00.000Z,2026-09-29T20:22:28+00:00,1.0
2024,16,DET,CHI,7.0,,15.0,18.0,complete,2024-12-22T18:00:00.000Z,2026-09-29T20:22:28+00:00,1.0
2024,16,CLE,CIN,-10.0,,81.0,89.0,complete,2024-12-22T18:00:00.000Z,2026-09-29T20:22:28+00:00,-3.5
2024,16,TB,DAL,4.5,,23.0,28.0,complete,2024-12-23T01:20:00.000Z,2026-09-29T20:22:28+00:00,-4.5
2024,16,NO,GB,-14.5,,57.0,54.0,complete,2024-12-24T01:15:00.000Z,2026-09-29T20:22:28+00:00,-5.0
2024,16,TEN,IND,-4.0,,67.0,61.0,complete,2024-12-22T18:00:00.000Z,2026-09-29T20:22:28+00:00,-4.0
2024,16,HOU,KC,-3.5,,39.0,39.0,complete,2024-12-21T18:00:00.000Z,2026-09-29T20:22:28+00:00,-4.0
2024,16,DEN,LAC,-3.0,,34.0,45.0,complete,2024-12-20T01:15:00.000Z,2026-09-29T20:22:28+00:00,-4.0
2024,16,JAX,LV,-2.0,,30.0,32.0,complete,2024-12-22T21:25:00.000Z,2026-09-29T20:22:28+00:00,1.0
2024,16,SF,MIA,1.5,,66.0,69.0,complete,2024-12-22T21:25:00.000Z,2026-09-29T20:22:28+00:00,1.0
2024,16,LAR,NYJ,3.0,,24.0,25.0,complete,2024-12-22T18:00:00.000Z,2026-09-29T20:22:28+00:00,-3.0
2024,16,MIN,SEA,2.5,,33.0,41.0,complete,2024-12-22T21:05:00.000Z,2026-09-29T20:22:28+00:00,-3.0
2024,16,PHI,WAS,4.0,,26.0,18.0,complete,2024-12-22T18:00:00.000Z,2026-09-29T20:22:28+00:00,3.5
2024,17,NYJ,BUF,-10.0,,68.0,62.0,complete,2024-12-29T18:00:00.000Z,2026-09-29T20:22:41+00:00,-6.0
2024,17,SEA,CHI,4.5,,28.0,30.0,complete,2024-12-27T01:15:00.000Z,2026-09-29T20:22:41+00:00,-3.5
2024,17,DEN,CIN,-3.0,,44.0,38.0,complete,2024-12-28T21:30:00.000Z,2026-09-29T20:22:41+00:00,-8.0
2024,17,MIA,CLE,3.0,,31.0,27.0,complete,2024-12-29T21:05:00.000Z,2026-09-29T20:22:41+00:00,-2.0
2024,17,BAL,HOU,6.5,,39.0,24.0,complete,2024-12-25T21:30:00.000Z,2026-09-29T20:22:41+00:00,1.5
2024,17,TEN,JAX,1.0,,47.0,38.0,complete,2024-12-29T18:00:00.000Z,2026-09-29T20:22:41+00:00,-2.5
2024,17,ARI,LAR,-6.5,,64.0,68.0,complete,2024-12-29T01:10:00.000Z,2026-09-29T20:22:41+00:00,-6.0
2024,17,GB,MIN,-1.0,,44.0,46.0,complete,2024-12-29T21:25:00.000Z,2026-09-29T20:22:41+00:00,2.0
2024,17,LAC,NE,6.0,,22.0,20.0,complete,2024-12-28T18:00:00.000Z,2026-09-29T20:22:41+00:00,4.0
2024,17,LV,NO,2.0,,49.0,48.0,complete,2024-12-29T18:00:00.000Z,2026-09-29T20:22:41+00:00,-3.0
2024,17,IND,NYG,7.5,,24.0,39.0,complete,2024-12-29T18:00:00.000Z,2026-09-29T20:22:41+00:00,6.0
2024,17,DAL,PHI,-7.5,,55.0,49.0,complete,2024-12-29T18:00:00.000Z,2026-09-29T20:22:41+00:00,-11.5
2024,17,KC,PIT,2.0,,50.0,58.0,complete,2024-12-25T18:00:00.000Z,2026-09-29T20:22:41+00:00,6.0
2024,17,DET,SF,4.0,,18.0,27.0,complete,2024-12-31T01:15:00.000Z,2026-09-29T20:22:41+00:00,-4.5
2024,17,CAR,TB,-9.5,,54.0,62.0,complete,2024-12-29T18:00:00.000Z,2026-09-29T20:22:41+00:00,-9.0
2024,17,ATL,WAS,-3.5,,67.0,55.0,complete,2024-12-30T01:20:00.000Z,2026-09-29T20:22:41+00:00,-4.5
2024,18,SF,ARI,-5.5,,41.0,54.0,complete,2025-01-05T21:25:00.000Z,2026-09-29T20:22:55+00:00,2.5
2024,18,CAR,ATL,-7.5,,62.0,65.0,complete,2025-01-05T18:00:00.000Z,2026-09-29T20:22:55+00:00,-7.5
2024,18,CLE,BAL,-19.5,,52.0,57.0,complete,2025-01-04T21:30:00.000Z,2026-09-29T20:22:55+00:00,-14.5
2024,18,WAS,DAL,7.0,,29.0,23.0,complete,2025-01-05T18:00:00.000Z,2026-09-29T20:22:55+00:00,-5.5
2024,18,KC,DEN,-10.5,,23.0,37.0,complete,2025-01-05T21:25:00.000Z,2026-09-29T20:22:55+00:00,-1.5
2024,18,MIN,DET,-3.0,,42.0,31.0,complete,2025-01-06T01:20:00.000Z,2026-09-29T20:22:55+00:00,-4.5
2024,18,CHI,GB,-10.0,,78.0,72.0,complete,2025-01-05T18:00:00.000Z,2026-09-29T20:22:55+00:00,-7.0
2024,18,JAX,IND,-3.5,,57.0,64.0,complete,2025-01-05T18:00:00.000Z,2026-09-29T20:22:55+00:00,-4.0
2024,18,SEA,LAR,7.5,,58.0,52.0,complete,2025-01-05T21:25:00.000Z,2026-09-29T20:22:55+00:00,-4.0
2024,18,LAC,LV,7.0,,20.0,11.0,complete,2025-01-05T21:25:00.000Z,2026-09-29T20:22:55+00:00,3.5
2024,18,BUF,NE,3.0,,30.0,38.0,complete,2025-01-05T18:00:00.000Z,2026-09-29T20:22:55+00:00,5.5
2024,18,MIA,NYJ,-2.5,,31.0,49.0,complete,2025-01-05T21:25:00.000Z,2026-09-29T20:22:55+00:00,2.5
2024,18,NYG,PHI,-3.5,,72.0,48.0,complete,2025-01-05T18:00:00.000Z,2026-09-29T20:22:55+00:00,-4.5
2024,18,CIN,PIT,2.5,,44.0,39.0,complete,2025-01-05T01:00:00.000Z,2026-09-29T20:22:55+00:00,1.5
2024,18,NO,TB,-14.5,,84.0,84.0,complete,2025-01-05T18:00:00.000Z,2026-09-29T20:22:55+00:00,-8.0
2024,18,HOU,TEN,-2.5,,25.0,16.0,complete,2025-01-05T18:00:00.000Z,2026-09-29T20:22:55+00:00,1.0
2025,1,TB,ATL,1.5,,70.0,75.0,complete,2025-09-07T17:00:00.000Z,2026-09-29T20:07:47+00:00,
2025,1,BAL,BUF,1.5,,52.0,34.0,complete,2025-09-08T00:20:00.000Z,2026-09-29T20:07:47+00:00,
2025,1,MIN,CHI,-1.0,,46.0,81.0,complete,2025-09-09T00:15:00.000Z,2026-09-29T20:07:47+00:00,
2025,1,CIN,CLE,4.5,,34.0,39.0,complete,2025-09-07T17:00:00.000Z,2026-09-29T20:07:47+00:00,
2025,1,TEN,DEN,-8.5,,44.0,60.0,complete,2025-09-07T20:05:00.000Z,2026-09-29T20:07:47+00:00,
2025,1,DET,GB,-1.5,,9.0,6.0,complete,2025-09-07T20:25:00.000Z,2026-09-29T20:07:47+00:00,
2025,1,MIA,IND,-1.5,,21.0,11.0,complete,2025-09-07T17:00:00.000Z,2026-09-29T20:07:47+00:00,
2025,1,CAR,JAX,-4.5,,46.0,55.0,complete,2025-09-07T17:00:00.000Z,2026-09-29T20:07:47+00:00,
2025,1,KC,LAC,3.0,,51.0,62.0,complete,2025-09-06T00:00:00.000Z,2026-09-29T20:07:47+00:00,
2025,1,HOU,LAR,-3.0,,28.0,30.0,complete,2025-09-07T20:25:00.000Z,2026-09-29T20:07:47+00:00,
2025,1,LV,NE,-2.5,,14.0,16.0,complete,2025-09-07T17:00:00.000Z,2026-09-29T20:07:47+00:00,
2025,1,ARI,NO,5.5,,63.0,71.0,complete,2025-09-07T17:00:00.000Z,2026-09-29T20:07:47+00:00,
2025,1,PIT,NYJ,3.0,,48.0,46.0,complete,2025-09-07T17:00:00.000Z,2026-09-29T20:07:47+00:00,
2025,1,DAL,PHI,-8.5,,64.0,72.0,complete,2025-09-05T00:20:00.000Z,2026-09-29T20:07:47+00:00,
2025,1,SF,SEA,2.5,,67.0,66.0,complete,2025-09-07T20:05:00.000Z,2026-09-29T20:07:47+00:00,
2025,1,NYG,WAS,-6.5,,31.0,32.0,complete,2025-09-07T17:00:00.000Z,2026-09-29T20:07:47+00:00,
2025,2,CAR,ARI,-7.0,,33.0,44.0,complete,2025-09-14T20:05:00.000Z,2026-09-29T20:08:28+00:00,
2025,2,CLE,BAL,-12.5,,53.0,81.0,complete,2025-09-14T17:00:00.000Z,2026-09-29T20:08:28+00:00,
2025,2,JAX,CIN,-3.5,,52.0,39.0,complete,2025-09-14T17:00:00.000Z,2026-09-29T20:08:28+00:00,
2025,2,NYG,DAL,-4.5,,69.0,89.0,complete,2025-09-14T17:00:00.000Z,2026-09-29T20:08:28+00:00,
2025,2,CHI,DET,-6.5,,45.0,88.0,complete,2025-09-14T17:00:00.000Z,2026-09-29T20:08:28+00:00,
2025,2,WAS,GB,-3.0,,46.0,51.0,complete,2025-09-12T00:15:00.000Z,2026-09-29T20:08:28+00:00,
2025,2,TB,HOU,-2.5,,45.0,46.0,complete,2025-09-15T23:00:00.000Z,2026-09-29T20:08:28+00:00,
2025,2,DEN,IND,1.5,,49.0,55.0,complete,2025-09-14T20:05:00.000Z,2026-09-29T20:08:28+00:00,
2025,2,PHI,KC,1.5,,58.0,81.0,complete,2025-09-14T20:25:00.000Z,2026-09-29T20:08:28+00:00,
2025,2,LAC,LV,3.5,,49.0,48.0,complete,2025-09-16T02:00:00.000Z,2026-09-29T20:08:28+00:00,
2025,2,NE,MIA,-2.5,,52.0,32.0,complete,2025-09-14T17:00:00.000Z,2026-09-29T20:08:28+00:00,
2025,2,ATL,MIN,-3.5,,71.0,22.0,complete,2025-09-15T00:20:00.000Z,2026-09-29T20:08:28+00:00,
2025,2,SF,NO,3.0,,67.0,49.0,complete,2025-09-14T17:00:00.000Z,2026-09-29T20:08:28+00:00,
2025,2,BUF,NYJ,6.0,,47.0,67.0,complete,2025-09-14T17:00:00.000Z,2026-09-29T20:08:28+00:00,
2025,2,SEA,PIT,-3.5,,58.0,69.0,complete,2025-09-14T17:00:00.000Z,2026-09-29T20:08:28+00:00,
2025,2,LAR,TEN,5.5,,46.0,22.0,complete,2025-09-14T17:00:00.000Z,2026-09-29T20:08:28+00:00,
2025,3,DET,BAL,-4.5,,66.0,50.0,complete,2025-09-23T00:15:00.000Z,2026-09-29T20:08:44+00:00,
2025,3,MIA,BUF,-11.5,,71.0,49.0,complete,2025-09-19T00:15:00.000Z,2026-09-29T20:08:44+00:00,
2025,3,ATL,CAR,4.5,,57.0,13.0,complete,2025-09-21T17:00:00.000Z,2026-09-29T20:08:44+00:00,
2025,3,DAL,CHI,1.5,,55.0,20.0,complete,2025-09-21T20:25:00.000Z,2026-09-29T20:08:44+00:00,
2025,3,GB,CLE,7.5,,46.0,56.0,complete,2025-09-21T17:00:00.000Z,2026-09-29T20:08:44+00:00,
2025,3,HOU,JAX,-1.5,,45.0,14.0,complete,2025-09-21T17:00:00.000Z,2026-09-29T20:08:44+00:00,
2025,3,DEN,LAC,-2.5,,57.0,60.0,complete,2025-09-21T20:05:00.000Z,2026-09-29T20:08:44+00:00,
2025,3,CIN,MIN,-3.0,,37.0,43.0,complete,2025-09-21T17:00:00.000Z,2026-09-29T20:08:44+00:00,
2025,3,PIT,NE,1.5,,81.0,52.0,complete,2025-09-21T17:00:00.000Z,2026-09-29T20:08:44+00:00,
2025,3,KC,NYG,6.0,,43.0,33.0,complete,2025-09-22T00:20:00.000Z,2026-09-29T20:08:44+00:00,
2025,3,LAR,PHI,-3.5,,62.0,45.0,complete,2025-09-21T17:00:00.000Z,2026-09-29T20:08:44+00:00,
2025,3,NO,SEA,-7.5,,59.0,58.0,complete,2025-09-21T20:05:00.000Z,2026-09-29T20:08:44+00:00,
2025,3,ARI,SF,-1.5,,43.0,33.0,complete,2025-09-21T20:25:00.000Z,2026-09-29T20:08:44+00:00,
2025,3,NYJ,TB,-6.5,,45.0,49.0,complete,2025-09-21T17:00:00.000Z,2026-09-29T20:08:44+00:00,
2025,3,IND,TEN,6.0,,46.0,32.0,complete,2025-09-21T17:00:00.000Z,2026-09-29T20:08:44+00:00,
2025,3,LV,WAS,-3.0,,61.0,39.0,complete,2025-09-21T17:00:00.000Z,2026-09-29T20:08:44+00:00,
2025,4,SEA,ARI,1.5,,31.0,34.0,complete,2025-09-26T00:15:00.000Z,2026-09-29T20:08:59+00:00,
2025,4,WAS,ATL,-2.5,,19.0,26.0,complete,2025-09-28T17:00:00.000Z,2026-09-29T20:08:59+00:00,
2025,4,NO,BUF,-14.5,,70.0,79.0,complete,2025-09-28T17:00:00.000Z,2026-09-29T20:08:59+00:00,
2025,4,GB,DAL,6.5,,23.0,11.0,complete,2025-09-29T00:20:00.000Z,2026-09-29T20:08:59+00:00,
2025,4,CIN,DEN,-7.5,,68.0,72.0,complete,2025-09-30T00:15:00.000Z,2026-09-29T20:08:59+00:00,
2025,4,CLE,DET,-10.0,,51.0,68.0,complete,2025-09-28T17:00:00.000Z,2026-09-29T20:08:59+00:00,
2025,4,TEN,HOU,-7.5,,35.0,31.0,complete,2025-09-28T17:00:00.000Z,2026-09-29T20:08:59+00:00,
2025,4,BAL,KC,2.5,,60.0,65.0,complete,2025-09-28T20:25:00.000Z,2026-09-29T20:08:59+00:00,
2025,4,IND,LAR,-3.5,,45.0,46.0,complete,2025-09-28T20:05:00.000Z,2026-09-29T20:08:59+00:00,
2025,4,CHI,LV,-1.5,,38.0,43.0,complete,2025-09-28T20:25:00.000Z,2026-09-29T20:08:59+00:00,
2025,4,NYJ,MIA,-2.5,,54.0,51.0,complete,2025-09-29T23:15:00.000Z,2026-09-29T20:08:59+00:00,
2025,4,CAR,NE,-5.5,,24.0,32.0,complete,2025-09-28T17:00:00.000Z,2026-09-29T20:08:59+00:00,
2025,4,LAC,NYG,6.0,,37.0,15.0,complete,2025-09-28T17:00:00.000Z,2026-09-29T20:08:59+00:00,
2025,4,MIN,PIT,2.5,,75.0,63.0,complete,2025-09-28T13:30:00.000Z,2026-09-29T20:08:59+00:00,
2025,4,JAX,SF,-3.5,,35.0,39.0,complete,2025-09-28T20:05:00.000Z,2026-09-29T20:08:59+00:00,
2025,4,PHI,TB,3.5,,67.0,66.0,complete,2025-09-28T17:00:00.000Z,2026-09-29T20:08:59+00:00,
2025,5,TEN,ARI,-7.5,,72.0,65.0,complete,2025-10-05T20:05:00.000Z,2026-09-29T20:09:13+00:00,
2025,5,HOU,BAL,2.5,,72.0,72.0,complete,2025-10-05T17:00:00.000Z,2026-09-29T20:09:13+00:00,
2025,5,NE,BUF,-7.5,,68.0,48.0,complete,2025-10-06T00:20:00.000Z,2026-09-29T20:09:13+00:00,
2025,5,MIA,CAR,1.5,,57.0,71.0,complete,2025-10-05T17:00:00.000Z,2026-09-29T20:09:13+00:00,
2025,5,DET,CIN,10.0,,17.0,19.0,complete,2025-10-05T20:25:00.000Z,2026-09-29T20:09:13+00:00,
2025,5,MIN,CLE,3.5,,46.0,38.0,complete,2025-10-05T13:30:00.000Z,2026-09-29T20:09:13+00:00,
2025,5,LV,IND,-7.5,,69.0,60.0,complete,2025-10-05T17:00:00.000Z,2026-09-29T20:09:13+00:00,
2025,5,KC,JAX,3.5,,38.0,45.0,complete,2025-10-07T00:15:00.000Z,2026-09-29T20:09:13+00:00,
2025,5,WAS,LAC,-3.0,,54.0,62.0,complete,2025-10-05T20:25:00.000Z,2026-09-29T20:09:13+00:00,
2025,5,SF,LAR,-7.5,,58.0,63.0,complete,2025-10-03T00:15:00.000Z,2026-09-29T20:09:13+00:00,
2025,5,NYG,NO,-2.5,,23.0,22.0,complete,2025-10-05T17:00:00.000Z,2026-09-29T20:09:13+00:00,
2025,5,DAL,NYJ,-1.5,,48.0,79.0,complete,2025-10-05T17:00:00.000Z,2026-09-29T20:09:13+00:00,
2025,5,DEN,PHI,-4.0,,60.0,38.0,complete,2025-10-05T17:00:00.000Z,2026-09-29T20:09:13+00:00,
2025,5,TB,SEA,-3.5,,33.0,48.0,complete,2025-10-05T20:05:00.000Z,2026-09-29T20:09:13+00:00,
2025,6,BUF,ATL,3.5,,32.0,58.0,complete,2025-10-13T23:15:00.000Z,2026-09-29T20:09:29+00:00,
2025,6,LAR,BAL,6.5,,27.0,16.0,complete,2025-10-12T17:00:00.000Z,2026-09-29T20:09:29+00:00,
2025,6,DAL,CAR,3.0,,27.0,49.0,complete,2025-10-12T17:00:00.000Z,2026-09-29T20:09:29+00:00,
2025,6,CIN,GB,-14.0,,43.0,40.0,complete,2025-10-12T20:25:00.000Z,2026-09-29T20:09:29+00:00,
2025,6,ARI,IND,-8.5,,67.0,69.0,complete,2025-10-12T17:00:00.000Z,2026-09-29T20:09:29+00:00,
2025,6,SEA,JAX,1.5,,42.0,30.0,complete,2025-10-12T17:00:00.000Z,2026-09-29T20:09:29+00:00,
2025,6,DET,KC,-2.5,,22.0,30.0,complete,2025-10-13T00:20:00.000Z,2026-09-29T20:09:29+00:00,
2025,6,TEN,LV,-3.5,,44.0,53.0,complete,2025-10-12T20:05:00.000Z,2026-09-29T20:09:29+00:00,
2025,6,LAC,MIA,3.5,,41.0,69.0,complete,2025-10-12T17:00:00.000Z,2026-09-29T20:09:29+00:00,
2025,6,NE,NO,3.5,,31.0,41.0,complete,2025-10-12T17:00:00.000Z,2026-09-29T20:09:29+00:00,
2025,6,PHI,NYG,7.5,,24.0,23.0,complete,2025-10-10T00:15:00.000Z,2026-09-29T20:09:29+00:00,
2025,6,DEN,NYJ,7.0,,40.0,49.0,complete,2025-10-12T13:30:00.000Z,2026-09-29T20:09:29+00:00,
2025,6,CLE,PIT,-6.5,,57.0,58.0,complete,2025-10-12T17:00:00.000Z,2026-09-29T20:09:29+00:00,
2025,6,SF,TB,-3.5,,44.0,30.0,complete,2025-10-12T20:25:00.000Z,2026-09-29T20:09:29+00:00,
2025,6,CHI,WAS,-5.5,,46.0,34.0,complete,2025-10-14T00:15:00.000Z,2026-09-29T20:09:29+00:00,
2025,7,GB,ARI,7.0,,37.0,35.0,complete,2025-10-19T20:25:00.000Z,2026-09-29T20:09:45+00:00,
2025,7,NO,CHI,-3.5,,49.0,37.0,complete,2025-10-19T17:00:00.000Z,2026-09-29T20:09:45+00:00,
2025,7,PIT,CIN,5.5,,57.0,65.0,complete,2025-10-17T00:15:00.000Z,2026-09-29T20:09:45+00:00,
2025,7,MIA,CLE,-2.5,,32.0,24.0,complete,2025-10-19T17:00:00.000Z,2026-09-29T20:09:45+00:00,
2025,7,WAS,DAL,-1.5,,54.0,60.0,complete,2025-10-19T20:25:00.000Z,2026-09-29T20:09:45+00:00,
2025,7,NYG,DEN,-8.0,,35.0,45.0,complete,2025-10-19T20:05:00.000Z,2026-09-29T20:09:45+00:00,
2025,7,TB,DET,-6.0,,35.0,59.0,complete,2025-10-20T23:00:00.000Z,2026-09-29T20:09:45+00:00,
2025,7,LAR,JAX,3.0,,63.0,66.0,complete,2025-10-19T13:30:00.000Z,2026-09-29T20:09:45+00:00,
2025,7,LV,KC,-13.5,,52.0,53.0,complete,2025-10-19T17:00:00.000Z,2026-09-29T20:09:45+00:00,
2025,7,IND,LAC,-2.5,,22.0,21.0,complete,2025-10-19T20:05:00.000Z,2026-09-29T20:09:45+00:00,
2025,7,PHI,MIN,2.5,,35.0,53.0,complete,2025-10-19T17:00:00.000Z,2026-09-29T20:09:45+00:00,
2025,7,CAR,NYJ,-1.5,,37.0,43.0,complete,2025-10-19T17:00:00.000Z,2026-09-29T20:09:45+00:00,
2025,7,HOU,SEA,-3.0,,61.0,54.0,complete,2025-10-21T02:00:00.000Z,2026-09-29T20:09:45+00:00,
2025,7,ATL,SF,-0.5,,39.0,30.0,complete,2025-10-20T00:20:00.000Z,2026-09-29T20:09:45+00:00,
2025,7,NE,TEN,6.5,,22.0,27.0,complete,2025-10-19T17:00:00.000Z,2026-09-29T20:09:45+00:00,
2025,8,MIA,ATL,-7.0,,70.0,47.0,complete,2025-10-26T17:00:00.000Z,2026-09-29T20:09:58+00:00,
2025,8,CHI,BAL,-2.5,,31.0,24.0,complete,2025-10-26T17:00:00.000Z,2026-09-29T20:09:58+00:00,
2025,8,BUF,CAR,7.0,,25.0,31.0,complete,2025-10-26T17:00:00.000Z,2026-09-29T20:09:58+00:00,
2025,8,NYJ,CIN,-5.5,,74.0,48.0,complete,2025-10-26T17:00:00.000Z,2026-09-29T20:09:58+00:00,
2025,8,DAL,DEN,-3.5,,23.0,21.0,complete,2025-10-26T20:25:00.000Z,2026-09-29T20:09:58+00:00,
2025,8,SF,HOU,-3.0,,20.0,38.0,complete,2025-10-26T17:00:00.000Z,2026-09-29T20:09:58+00:00,
2025,8,TEN,IND,-14.5,,74.0,67.0,complete,2025-10-26T20:25:00.000Z,2026-09-29T20:09:58+00:00,
2025,8,WAS,KC,-10.5,,69.0,60.0,complete,2025-10-28T00:15:00.000Z,2026-09-29T20:09:58+00:00,
2025,8,MIN,LAC,-3.5,,44.0,39.0,complete,2025-10-24T00:15:00.000Z,2026-09-29T20:09:58+00:00,
2025,8,CLE,NE,-7.0,,68.0,63.0,complete,2025-10-26T17:00:00.000Z,2026-09-29T20:09:58+00:00,
2025,8,TB,NO,3.5,,26.0,41.0,complete,2025-10-26T20:05:00.000Z,2026-09-29T20:09:58+00:00,
2025,8,NYG,PHI,-7.5,,52.0,51.0,complete,2025-10-26T17:00:00.000Z,2026-09-29T20:09:58+00:00,
2025,8,GB,PIT,2.5,,64.0,68.0,complete,2025-10-27T00:20:00.000Z,2026-09-29T20:09:58+00:00,
2025,9,KC,BUF,2.5,,67.0,73.0,complete,2025-11-02T21:25:00.000Z,2026-09-29T20:10:11+00:00,
2025,9,CHI,CIN,3.0,,58.0,58.0,complete,2025-11-02T18:00:00.000Z,2026-09-29T20:10:11+00:00,
2025,9,ARI,DAL,-3.5,,75.0,66.0,complete,2025-11-04T01:15:00.000Z,2026-09-29T20:10:11+00:00,
2025,9,MIN,DET,-9.5,,84.0,78.0,complete,2025-11-02T18:00:00.000Z,2026-09-29T20:10:11+00:00,
2025,9,CAR,GB,-12.5,,67.0,71.0,complete,2025-11-02T18:00:00.000Z,2026-09-29T20:10:11+00:00,
2025,9,DEN,HOU,,,,,complete,2025-11-02T18:00:00.000Z,2026-09-29T20:10:11+00:00,
2025,9,NO,LAR,-14.0,,77.0,75.0,complete,2025-11-02T21:05:00.000Z,2026-09-29T20:10:11+00:00,
2025,9,JAX,LV,2.5,,32.0,58.0,complete,2025-11-02T21:05:00.000Z,2026-09-29T20:10:11+00:00,
2025,9,BAL,MIA,7.5,,24.0,20.0,complete,2025-10-31T00:15:00.000Z,2026-09-29T20:10:11+00:00,
2025,9,ATL,NE,-5.5,,68.0,51.0,complete,2025-11-02T18:00:00.000Z,2026-09-29T20:10:11+00:00,
2025,9,SF,NYG,2.5,,42.0,52.0,complete,2025-11-02T18:00:00.000Z,2026-09-29T20:10:11+00:00,
2025,9,IND,PIT,3.0,,35.0,63.0,complete,2025-11-02T18:00:00.000Z,2026-09-29T20:10:11+00:00,
2025,9,LAC,TEN,10.0,,12.0,14.0,complete,2025-11-02T18:00:00.000Z,2026-09-29T20:10:11+00:00,
2025,9,SEA,WAS,2.5,,38.0,53.0,complete,2025-11-03T01:20:00.000Z,2026-09-29T20:10:11+00:00,
2025,10,NO,CAR,-5.5,,72.0,76.0,complete,2025-11-09T18:00:00.000Z,2026-09-29T20:10:25+00:00,
2025,10,NYG,CHI,-4.5,,53.0,49.0,complete,2025-11-09T18:00:00.000Z,2026-09-29T20:10:25+00:00,
2025,10,LV,DEN,-9.5,,65.0,53.0,complete,2025-11-07T01:15:00.000Z,2026-09-29T20:10:25+00:00,
2025,10,PHI,GB,-1.0,,27.0,31.0,complete,2025-11-11T01:15:00.000Z,2026-09-29T20:10:25+00:00,
2025,10,JAX,HOU,1.5,,42.0,43.0,complete,2025-11-09T18:00:00.000Z,2026-09-29T20:10:25+00:00,
2025,10,ATL,IND,-6.5,,65.0,58.0,complete,2025-11-09T14:30:00.000Z,2026-09-29T20:10:25+00:00,
2025,10,PIT,LAC,-3.0,,39.0,49.0,complete,2025-11-10T01:20:00.000Z,2026-09-29T20:10:25+00:00,
2025,10,BUF,MIA,8.5,,19.0,48.0,complete,2025-11-09T18:00:00.000Z,2026-09-29T20:10:25+00:00,
2025,10,BAL,MIN,4.5,,41.0,38.0,complete,2025-11-09T18:00:00.000Z,2026-09-29T20:10:25+00:00,
2025,10,CLE,NYJ,2.0,,41.0,65.0,complete,2025-11-09T18:00:00.000Z,2026-09-29T20:10:25+00:00,
2025,10,ARI,SEA,-7.5,,68.0,71.0,complete,2025-11-09T21:05:00.000Z,2026-09-29T20:10:25+00:00,
2025,10,LAR,SF,5.5,,52.0,43.0,complete,2025-11-09T21:25:00.000Z,2026-09-29T20:10:25+00:00,
2025,10,NE,TB,-2.5,,42.0,47.0,complete,2025-11-09T18:00:00.000Z,2026-09-29T20:10:25+00:00,
2025,10,DET,WAS,8.5,,13.0,21.0,complete,2025-11-09T21:25:00.000Z,2026-09-29T20:10:25+00:00,
2025,11,SF,ARI,3.5,,34.0,38.0,complete,2025-11-16T21:05:00.000Z,2026-09-29T20:10:38+00:00,
2025,11,CAR,ATL,-4.0,,51.0,53.0,complete,2025-11-16T18:00:00.000Z,2026-09-29T20:10:38+00:00,
2025,11,TB,BUF,-6.5,,37.0,54.0,complete,2025-11-16T18:00:00.000Z,2026-09-29T20:10:38+00:00,
2025,11,BAL,CLE,7.5,,17.0,20.0,complete,2025-11-16T21:25:00.000Z,2026-09-29T20:10:38+00:00,
2025,11,KC,DEN,4.0,,46.0,47.0,complete,2025-11-16T21:25:00.000Z,2026-09-29T20:10:38+00:00,
2025,11,LAC,JAX,3.0,,29.0,47.0,complete,2025-11-16T18:00:00.000Z,2026-09-29T20:10:38+00:00,
2025,11,SEA,LAR,-3.0,,28.0,23.0,complete,2025-11-16T21:05:00.000Z,2026-09-29T20:10:38+00:00,
2025,11,DAL,LV,3.5,,26.0,43.0,complete,2025-11-18T01:15:00.000Z,2026-09-29T20:10:38+00:00,1.5
2025,11,WAS,MIA,-2.5,,67.0,57.0,complete,2025-11-16T14:30:00.000Z,2026-09-29T20:10:38+00:00,
2025,11,CHI,MIN,-2.5,,41.0,42.0,complete,2025-11-16T18:00:00.000Z,2026-09-29T20:10:38+00:00,
2025,11,NYJ,NE,-12.5,,59.0,62.0,complete,2025-11-14T01:15:00.000Z,2026-09-29T20:10:38+00:00,
2025,11,GB,NYG,7.5,,28.0,27.0,complete,2025-11-16T18:00:00.000Z,2026-09-29T20:10:38+00:00,
2025,11,DET,PHI,-2.5,,27.0,30.0,complete,2025-11-17T01:20:00.000Z,2026-09-29T20:10:38+00:00,
2025,11,CIN,PIT,-5.5,,40.0,46.0,complete,2025-11-16T18:00:00.000Z,2026-09-29T20:10:38+00:00,
2025,11,HOU,TEN,5.5,,31.0,29.0,complete,2025-11-16T18:00:00.000Z,2026-09-29T20:10:38+00:00,
2025,12,JAX,ARI,2.5,,47.0,72.0,complete,2025-11-23T21:05:00.000Z,2026-09-29T20:10:52+00:00,
2025,12,NYJ,BAL,-14.0,,70.0,68.0,complete,2025-11-23T18:00:00.000Z,2026-09-29T20:10:52+00:00,
2025,12,PIT,CHI,-3.0,,41.0,33.0,complete,2025-11-23T18:00:00.000Z,2026-09-29T20:10:52+00:00,
2025,12,NE,CIN,7.5,,28.0,28.0,complete,2025-11-23T18:00:00.000Z,2026-09-29T20:10:52+00:00,
2025,12,PHI,DAL,3.0,,60.0,71.0,complete,2025-11-23T21:25:00.000Z,2026-09-29T20:10:52+00:00,
2025,12,NYG,DET,-14.0,,76.0,88.0,complete,2025-11-23T18:00:00.000Z,2026-09-29T20:10:52+00:00,
2025,12,MIN,GB,-6.5,,39.0,43.0,complete,2025-11-23T18:00:00.000Z,2026-09-29T20:10:52+00:00,
2025,12,BUF,HOU,4.5,,27.0,34.0,complete,2025-11-21T01:15:00.000Z,2026-09-29T20:10:52+00:00,
2025,12,IND,KC,-4.5,,39.0,47.0,complete,2025-11-23T18:00:00.000Z,2026-09-29T20:10:52+00:00,
2025,12,TB,LAR,-7.5,,35.0,37.0,complete,2025-11-24T01:20:00.000Z,2026-09-29T20:10:52+00:00,
2025,12,CLE,LV,-3.0,,19.0,19.0,complete,2025-11-23T21:05:00.000Z,2026-09-29T20:10:52+00:00,
2025,12,ATL,NO,-1.5,,29.0,18.0,complete,2025-11-23T21:25:00.000Z,2026-09-29T20:10:52+00:00,2.5
2025,12,CAR,SF,-7.5,,57.0,48.0,complete,2025-11-25T01:15:00.000Z,2026-09-29T20:10:52+00:00,-7.0
2025,12,SEA,TEN,12.5,,19.0,31.0,complete,2025-11-23T18:00:00.000Z,2026-09-29T20:10:52+00:00,
2025,13,CIN,BAL,-7.0,,38.0,40.0,complete,2025-11-28T01:20:00.000Z,2026-09-29T20:11:05+00:00,-7.5
2025,13,LAR,CAR,10.0,,33.0,45.0,complete,2025-11-30T18:00:00.000Z,2026-09-29T20:11:05+00:00,9.5
2025,13,SF,CLE,5.5,,51.0,46.0,complete,2025-11-30T18:00:00.000Z,2026-09-29T20:11:05+00:00,6.5
2025,13,KC,DAL,3.5,,58.0,69.0,complete,2025-11-27T21:30:00.000Z,2026-09-29T20:11:05+00:00,4.0
2025,13,GB,DET,-2.5,,57.0,48.0,complete,2025-11-27T18:00:00.000Z,2026-09-29T20:11:05+00:00,-3.0
2025,13,HOU,IND,-3.0,,39.0,22.0,complete,2025-11-30T18:00:00.000Z,2026-09-29T20:11:05+00:00,-3.5
2025,13,LV,LAC,-9.5,,75.0,74.0,complete,2025-11-30T21:25:00.000Z,2026-09-29T20:11:05+00:00,-9.5
2025,13,NO,MIA,-5.5,,71.0,72.0,complete,2025-11-30T18:00:00.000Z,2026-09-29T20:11:05+00:00,-5.5
2025,13,NYG,NE,-7.0,,53.0,52.0,complete,2025-12-02T01:15:00.000Z,2026-09-29T20:11:05+00:00,-7.5
2025,13,ATL,NYJ,3.0,,37.0,35.0,complete,2025-11-30T18:00:00.000Z,2026-09-29T20:11:05+00:00,1.5
2025,13,CHI,PHI,-7.0,,45.0,49.0,complete,2025-11-28T20:00:00.000Z,2026-09-29T20:11:05+00:00,-7.0
2025,13,BUF,PIT,3.0,,44.0,44.0,complete,2025-11-30T21:25:00.000Z,2026-09-29T20:11:05+00:00,3.5
2025,13,MIN,SEA,-12.5,,59.0,53.0,complete,2025-11-30T21:05:00.000Z,2026-09-29T20:11:05+00:00,-7.5
2025,13,ARI,TB,-4.5,,65.0,71.0,complete,2025-11-30T18:00:00.000Z,2026-09-29T20:11:05+00:00,-2.5
2025,13,JAX,TEN,6.0,,34.0,32.0,complete,2025-11-30T18:00:00.000Z,2026-09-29T20:11:05+00:00,7.0
2025,13,DEN,WAS,6.0,,23.0,23.0,complete,2025-12-01T01:20:00.000Z,2026-09-29T20:11:05+00:00,6.5
2025,14,LAR,ARI,9.5,,23.0,15.0,complete,2025-12-07T21:25:00.000Z,2026-09-29T20:11:20+00:00,8.0
2025,14,SEA,ATL,7.0,,21.0,24.0,complete,2025-12-07T18:00:00.000Z,2026-09-29T20:11:20+00:00,7.0
2025,14,PIT,BAL,-5.5,,44.0,41.0,complete,2025-12-07T18:00:00.000Z,2026-09-29T20:11:20+00:00,-5.5
2025,14,CIN,BUF,-6.0,,32.0,35.0,complete,2025-12-07T18:00:00.000Z,2026-09-29T20:11:20+00:00,-6.0
2025,14,TEN,CLE,-4.0,,72.0,75.0,complete,2025-12-07T18:00:00.000Z,2026-09-29T20:11:20+00:00,-4.0
2025,14,DAL,DET,-3.5,,28.0,32.0,complete,2025-12-05T01:15:00.000Z,2026-09-29T20:11:20+00:00,-3.5
2025,14,CHI,GB,-6.5,,28.0,44.0,complete,2025-12-07T21:25:00.000Z,2026-09-29T20:11:20+00:00,-6.5
2025,14,IND,JAX,2.5,,49.0,41.0,complete,2025-12-07T18:00:00.000Z,2026-09-29T20:11:20+00:00,1.5
2025,14,HOU,KC,-4.5,,45.0,56.0,complete,2025-12-08T01:20:00.000Z,2026-09-29T20:11:20+00:00,-3.5
2025,14,PHI,LAC,1.5,,41.0,56.0,complete,2025-12-09T01:15:00.000Z,2026-09-29T20:11:20+00:00,2.5
2025,14,DEN,LV,8.5,,21.0,21.0,complete,2025-12-07T21:05:00.000Z,2026-09-29T20:11:20+00:00,7.5
2025,14,WAS,MIN,-1.5,,31.0,33.0,complete,2025-12-07T18:00:00.000Z,2026-09-29T20:11:20+00:00,-1.5
2025,14,MIA,NYJ,2.5,,39.0,46.0,complete,2025-12-07T18:00:00.000Z,2026-09-29T20:11:20+00:00,3.0
2025,14,NO,TB,-7.5,,77.0,67.0,complete,2025-12-07T18:00:00.000Z,2026-09-29T20:11:20+00:00,-8.5
2025,15,CLE,CHI,-7.5,,49.0,45.0,complete,2025-12-14T18:00:00.000Z,2026-09-29T20:11:34+00:00,-7.0
2025,15,BAL,CIN,3.0,,72.0,66.0,complete,2025-12-14T18:00:00.000Z,2026-09-29T20:11:34+00:00,3.0
2025,15,MIN,DAL,-5.0,,71.0,56.0,complete,2025-12-15T01:20:00.000Z,2026-09-29T20:11:34+00:00,-6.5
2025,15,GB,DEN,1.5,,60.0,59.0,complete,2025-12-14T21:25:00.000Z,2026-09-29T20:11:34+00:00,2.5
2025,15,ARI,HOU,-10.5,,59.0,69.0,complete,2025-12-14T18:00:00.000Z,2026-09-29T20:11:34+00:00,-7.0
2025,15,NYJ,JAX,-13.5,,57.0,65.0,complete,2025-12-14T18:00:00.000Z,2026-09-29T20:11:34+00:00,-8.5
2025,15,LAC,KC,-5.5,,29.0,31.0,complete,2025-12-14T18:00:00.000Z,2026-09-29T20:11:34+00:00,-4.5
2025,15,DET,LAR,-5.5,,25.0,29.0,complete,2025-12-14T21:25:00.000Z,2026-09-29T20:11:34+00:00,-4.5
2025,15,BUF,NE,2.5,,62.0,57.0,complete,2025-12-14T18:00:00.000Z,2026-09-29T20:11:34+00:00,1.5
2025,15,CAR,NO,2.5,,31.0,50.0,complete,2025-12-14T21:25:00.000Z,2026-09-29T20:11:34+00:00,2.5
2025,15,WAS,NYG,-2.5,,55.0,55.0,complete,2025-12-14T18:00:00.000Z,2026-09-29T20:11:34+00:00,2.5
2025,15,LV,PHI,-12.5,,65.0,67.0,complete,2025-12-14T18:00:00.000Z,2026-09-29T20:11:34+00:00,-12.5
2025,15,MIA,PIT,-3.5,,50.0,45.0,complete,2025-12-16T01:15:00.000Z,2026-09-29T20:11:34+00:00,-3.5
2025,15,IND,SEA,-12.5,,53.0,42.0,complete,2025-12-14T21:25:00.000Z,2026-09-29T20:11:34+00:00,-13.5
2025,15,TEN,SF,-12.5,,76.0,79.0,complete,2025-12-14T21:25:00.000Z,2026-09-29T20:11:34+00:00,-12.5
2025,15,ATL,TB,-6.0,,64.0,68.0,complete,2025-12-12T01:15:00.000Z,2026-09-29T20:11:34+00:00,-5.5
2025,16,ATL,ARI,2.5,,50.0,73.0,complete,2025-12-21T21:05:00.000Z,2026-09-29T20:11:49+00:00,-3.5
2025,16,NE,BAL,-3.5,,22.0,28.0,complete,2025-12-22T01:20:00.000Z,2026-09-29T20:11:49+00:00,-8.5
2025,16,TB,CAR,3.0,,53.0,46.0,complete,2025-12-21T18:00:00.000Z,2026-09-29T20:11:49+00:00,3.5
2025,16,GB,CHI,-1.5,,44.0,43.0,complete,2025-12-21T01:20:00.000Z,2026-09-29T20:11:49+00:00,2.5
2025,16,BUF,CLE,10.5,,21.0,18.0,complete,2025-12-21T18:00:00.000Z,2026-09-29T20:11:49+00:00,8.5
2025,16,LAC,DAL,-1.5,,26.0,27.0,complete,2025-12-21T18:00:00.000Z,2026-09-29T20:11:49+00:00,2.5
2025,16,JAX,DEN,-3.5,,41.0,32.0,complete,2025-12-21T21:05:00.000Z,2026-09-29T20:11:49+00:00,-5.5
2025,16,PIT,DET,-7.5,,58.0,66.0,complete,2025-12-21T21:25:00.000Z,2026-09-29T20:11:49+00:00,-6.0
2025,16,LV,HOU,-14.5,,72.0,56.0,complete,2025-12-21T21:25:00.000Z,2026-09-29T20:11:49+00:00,-4.5
2025,16,SF,IND,4.5,,40.0,45.0,complete,2025-12-23T01:15:00.000Z,2026-09-29T20:11:49+00:00,3.0
2025,16,CIN,MIA,3.5,,40.0,53.0,complete,2025-12-21T18:00:00.000Z,2026-09-29T20:11:49+00:00,1.5
2025,16,NYJ,NO,-7.0,,52.0,67.0,complete,2025-12-21T18:00:00.000Z,2026-09-29T20:11:49+00:00,-1.5
2025,16,MIN,NYG,2.5,,33.0,42.0,complete,2025-12-21T18:00:00.000Z,2026-09-29T20:11:49+00:00,2.5
2025,16,LAR,SEA,-1.5,,39.0,44.0,complete,2025-12-19T01:15:00.000Z,2026-09-29T20:11:49+00:00,1.5
2025,16,KC,TEN,3.0,,51.0,61.0,complete,2025-12-21T18:00:00.000Z,2026-09-29T20:11:49+00:00,7.0
2025,16,PHI,WAS,7.0,,21.0,21.0,complete,2025-12-20T22:00:00.000Z,2026-09-29T20:11:49+00:00,1.5
2025,17,LAR,ATL,7.5,,38.0,42.0,complete,2025-12-30T01:15:00.000Z,2026-09-29T20:12:04+00:00,3.0
2025,17,PHI,BUF,-3.0,,43.0,43.0,complete,2025-12-28T21:25:00.000Z,2026-09-29T20:12:04+00:00,-1.5
2025,17,SEA,CAR,6.5,,59.0,53.0,complete,2025-12-28T18:00:00.000Z,2026-09-29T20:12:04+00:00,1.5
2025,17,ARI,CIN,-7.0,,67.0,67.0,complete,2025-12-28T18:00:00.000Z,2026-09-29T20:12:04+00:00,-3.5
2025,17,PIT,CLE,3.5,,31.0,42.0,complete,2025-12-28T18:00:00.000Z,2026-09-29T20:12:04+00:00,2.5
2025,17,BAL,GB,-2.5,,50.0,31.0,complete,2025-12-28T01:00:00.000Z,2026-09-29T20:12:04+00:00,1.5
2025,17,JAX,IND,4.5,,29.0,53.0,complete,2025-12-28T18:00:00.000Z,2026-09-29T20:12:04+00:00,-1.5
2025,17,DEN,KC,13.5,,30.0,31.0,complete,2025-12-26T01:15:00.000Z,2026-09-29T20:12:04+00:00,-4.5
2025,17,HOU,LAC,-1.5,,36.0,22.0,complete,2025-12-27T21:30:00.000Z,2026-09-29T20:12:04+00:00,-3.5
2025,17,NYG,LV,3.0,,48.0,60.0,complete,2025-12-28T21:05:00.000Z,2026-09-29T20:12:04+00:00,-2.5
2025,17,TB,MIA,5.5,,35.0,48.0,complete,2025-12-28T18:00:00.000Z,2026-09-29T20:12:04+00:00,1.5
2025,17,DET,MIN,7.5,,23.0,31.0,complete,2025-12-25T21:30:00.000Z,2026-09-29T20:12:04+00:00,2.5
2025,17,NE,NYJ,13.0,,25.0,28.0,complete,2025-12-28T18:00:00.000Z,2026-09-29T20:12:04+00:00,1.5
2025,17,CHI,SF,-4.5,,42.0,56.0,complete,2025-12-29T01:20:00.000Z,2026-09-29T20:12:04+00:00,-3.5
2025,17,NO,TEN,1.5,,45.0,53.0,complete,2025-12-28T18:00:00.000Z,2026-09-29T20:12:04+00:00,-3.5
2025,17,DAL,WAS,8.5,,25.0,20.0,complete,2025-12-25T18:00:00.000Z,2026-09-29T20:12:04+00:00,-5.5
2025,18,NO,ATL,-4.0,,47.0,44.0,complete,2026-01-04T18:00:00.000Z,2026-09-29T20:12:22+00:00,-5.5
2025,18,NYJ,BUF,-13.5,,84.0,83.0,complete,2026-01-04T21:25:00.000Z,2026-09-29T20:12:22+00:00,-9.5
2025,18,DET,CHI,-3.5,,42.0,46.0,complete,2026-01-04T21:25:00.000Z,2026-09-29T20:12:22+00:00,1.5
2025,18,CLE,CIN,-9.0,,56.0,69.0,complete,2026-01-04T18:00:00.000Z,2026-09-29T20:12:22+00:00,-8.5
2025,18,LAC,DEN,-15.5,,40.0,67.0,complete,2026-01-04T21:25:00.000Z,2026-09-29T20:12:22+00:00,-2.5
2025,18,IND,HOU,-9.5,,57.0,52.0,complete,2026-01-04T18:00:00.000Z,2026-09-29T20:12:22+00:00,-4.5
2025,18,TEN,JAX,-12.5,,61.0,68.0,complete,2026-01-04T18:00:00.000Z,2026-09-29T20:12:22+00:00,-4.5
2025,18,ARI,LAR,-14.5,,67.0,61.0,complete,2026-01-04T21:25:00.000Z,2026-09-29T20:12:22+00:00,-4.5
2025,18,KC,LV,3.5,,46.0,64.0,complete,2026-01-04T21:25:00.000Z,2026-09-29T20:12:22+00:00,6.0
2025,18,GB,MIN,-13.0,,33.0,58.0,complete,2026-01-04T18:00:00.000Z,2026-09-29T20:12:22+00:00,1.5
2025,18,MIA,NE,-14.5,,64.0,70.0,complete,2026-01-04T21:25:00.000Z,2026-09-29T20:12:22+00:00,-2.5
2025,18,DAL,NYG,3.0,,33.0,51.0,complete,2026-01-04T18:00:00.000Z,2026-09-29T20:12:22+00:00,1.5
2025,18,WAS,PHI,-3.0,,69.0,61.0,complete,2026-01-04T21:25:00.000Z,2026-09-29T20:12:22+00:00,-4.5
2025,18,BAL,PIT,4.5,,55.0,51.0,complete,2026-01-05T01:20:00.000Z,2026-09-29T20:12:22+00:00,4.5
2025,18,SEA,SF,2.5,,69.0,69.0,complete,2026-01-04T01:00:00.000Z,2026-09-29T20:12:22+00:00,-4.5
2025,18,CAR,TB,-3.0,,33.0,30.0,complete,2026-01-03T21:30:00.000Z,2026-09-29T20:12:22+00:00,-7.0
2026,1,CHI,CAR,3.0,,33.0,47.0,complete,2026-09-13T17:00:00.000Z,2026-09-29T20:12:44+00:00,2.5
2026,1,TB,CIN,-3.5,,46.0,41.0,complete,2026-09-13T17:00:00.000Z,2026-09-29T20:12:44+00:00,-3.5
2026,1,NO,DET,-7.0,,62.0,73.0,complete,2026-09-13T17:00:00.000Z,2026-09-29T20:12:44+00:00,-7.5
2026,1,BUF,HOU,1.5,,45.0,52.0,complete,2026-09-13T17:00:00.000Z,2026-09-29T20:12:44+00:00,1.5
2026,1,BAL,IND,3.0,,32.0,63.0,complete,2026-09-13T17:00:00.000Z,2026-09-29T20:12:44+00:00,4.5
2026,1,CLE,JAX,-8.5,,64.0,82.0,complete,2026-09-13T17:00:00.000Z,2026-09-29T20:12:44+00:00,-7.5
2026,1,DEN,KC,-2.5,,26.0,21.0,complete,2026-09-15T00:15:00.000Z,2026-09-29T20:12:44+00:00,-2.5
2026,1,ARI,LAC,-9.5,,72.0,74.0,complete,2026-09-13T20:25:00.000Z,2026-09-29T20:12:44+00:00,-8.5
2026,1,SF,LAR,-3.5,,61.0,45.0,complete,2026-09-11T00:35:00.000Z,2026-09-29T20:12:44+00:00,-2.5
2026,1,MIA,LV,-3.0,,55.0,43.0,complete,2026-09-13T20:25:00.000Z,2026-09-29T20:12:44+00:00,-3.0
2026,1,GB,MIN,-2.5,,43.0,52.0,complete,2026-09-13T20:25:00.000Z,2026-09-29T20:12:44+00:00,2.5
2026,1,DAL,NYG,3.0,,39.0,31.0,complete,2026-09-14T00:20:00.000Z,2026-09-29T20:12:44+00:00,2.5
2026,1,WAS,PHI,-6.0,,66.0,76.0,complete,2026-09-13T20:25:00.000Z,2026-09-29T20:12:44+00:00,-4.5
2026,1,ATL,PIT,-6.5,,63.0,85.0,complete,2026-09-13T17:00:00.000Z,2026-09-29T20:12:44+00:00,-2.5
2026,1,NE,SEA,-3.5,,46.0,35.0,complete,2026-09-10T00:20:00.000Z,2026-09-29T20:12:44+00:00,-4.5
2026,1,NYJ,TEN,-1.5,,56.0,48.0,complete,2026-09-13T17:00:00.000Z,2026-09-29T20:12:44+00:00,-1.5
2026,2,SEA,ARI,4.0,,37.0,54.0,complete,2026-09-20T20:25:00.000Z,2026-09-29T20:12:59+00:00,10.0
2026,2,CAR,ATL,2.5,,31.0,45.0,complete,2026-09-20T17:00:00.000Z,2026-09-29T20:12:59+00:00,-1.5
2026,2,NO,BAL,-8.5,,82.0,86.0,complete,2026-09-20T17:00:00.000Z,2026-09-29T20:12:59+00:00,-7.5
2026,2,DET,BUF,-5.5,,50.0,61.0,complete,2026-09-18T00:15:00.000Z,2026-09-29T20:12:59+00:00,-3.0
2026,2,MIN,CHI,-4.5,,64.0,63.0,complete,2026-09-20T17:00:00.000Z,2026-09-29T20:12:59+00:00,-3.5
2026,2,WAS,DAL,-4.5,,45.0,32.0,complete,2026-09-20T20:25:00.000Z,2026-09-29T20:12:59+00:00,
2026,2,JAX,DEN,-2.5,,31.0,19.0,complete,2026-09-20T20:05:00.000Z,2026-09-29T20:12:59+00:00,-2.5
2026,2,CIN,HOU,-3.0,,44.0,53.0,complete,2026-09-20T17:00:00.000Z,2026-09-29T20:12:59+00:00,-2.5
2026,2,IND,KC,-6.0,,81.0,59.0,complete,2026-09-21T00:20:00.000Z,2026-09-29T20:12:59+00:00,-6.5
2026,2,LV,LAC,-6.5,,49.0,60.0,complete,2026-09-20T20:05:00.000Z,2026-09-29T20:12:59+00:00,-8.5
2026,2,NYG,LAR,-6.5,,42.0,39.0,complete,2026-09-22T00:15:00.000Z,2026-09-29T20:12:59+00:00,-8.5
2026,2,PIT,NE,-4.5,,43.0,45.0,complete,2026-09-20T17:00:00.000Z,2026-09-29T20:12:59+00:00,-4.5
2026,2,GB,NYJ,3.5,,25.0,52.0,complete,2026-09-20T17:00:00.000Z,2026-09-29T20:12:59+00:00,5.5
2026,2,MIA,SF,-13.0,,87.0,50.0,complete,2026-09-20T20:25:00.000Z,2026-09-29T20:12:59+00:00,-10.5
2026,2,CLE,TB,-8.5,,88.0,89.0,complete,2026-09-20T17:00:00.000Z,2026-09-29T20:12:59+00:00,-5.5
2026,2,PHI,TEN,7.0,,6.0,8.0,complete,2026-09-20T17:00:00.000Z,2026-09-29T20:12:59+00:00,4.5
2026,3,LAC,BUF,-7.5,-4.5,74.0,70.0,complete,2026-09-27T17:00:00.000Z,2026-09-29T20:13:14+00:00,-3.0
2026,3,PHI,CHI,3.5,3.5,42.0,27.0,complete,2026-09-29T00:15:00.000Z,2026-09-29T20:13:14+00:00,-1.5
2026,3,CAR,CLE,2.5,2.5,27.0,55.0,complete,2026-09-27T17:00:00.000Z,2026-09-29T20:13:14+00:00,1.5
2026,3,BAL,DAL,3.5,3.5,47.0,33.0,complete,2026-09-27T20:25:00.000Z,2026-09-29T20:13:14+00:00,2.5
2026,3,LAR,DEN,-1.0,2.5,41.0,61.0,complete,2026-09-28T00:20:00.000Z,2026-09-29T20:13:14+00:00,3.0
2026,3,NYJ,DET,-7.0,-7.5,74.0,85.0,complete,2026-09-27T17:00:00.000Z,2026-09-29T20:13:14+00:00,-9.5
2026,3,ATL,GB,-4.5,-6.5,53.0,40.0,complete,2026-09-25T00:15:00.000Z,2026-09-29T20:13:14+00:00,-7.5
2026,3,HOU,IND,1.5,2.5,52.0,58.0,complete,2026-09-27T17:00:00.000Z,2026-09-29T20:13:14+00:00,1.5
2026,3,NE,JAX,-3.0,-2.5,41.0,37.0,complete,2026-09-27T17:00:00.000Z,2026-09-29T20:13:14+00:00,-1.5
2026,3,KC,MIA,9.5,8.5,14.0,36.0,complete,2026-09-27T17:00:00.000Z,2026-09-29T20:13:14+00:00,7.5
2026,3,LV,NO,-4.0,-3.0,47.0,36.0,complete,2026-09-27T20:25:00.000Z,2026-09-29T20:13:14+00:00,-3.5
2026,3,TEN,NYG,-2.5,-5.5,33.0,34.0,complete,2026-09-27T17:00:00.000Z,2026-09-29T20:13:14+00:00,-3.0
2026,3,CIN,PIT,3.5,2.5,28.0,56.0,complete,2026-09-27T17:00:00.000Z,2026-09-29T20:13:14+00:00,1.5
2026,3,ARI,SF,-7.5,-8.5,84.0,79.0,complete,2026-09-27T20:05:00.000Z,2026-09-29T20:13:14+00:00,-11.5
2026,3,MIN,TB,1.0,-1.5,43.0,54.0,complete,2026-09-27T20:05:00.000Z,2026-09-29T20:13:14+00:00,-1.5
2026,3,SEA,WAS,8.5,2.5,12.0,15.0,complete,2026-09-27T17:00:00.000Z,2026-09-29T20:13:14+00:00,3.5
2026,4,TEN,BAL,-11.5,-10.5,73.0,81.0,scheduled,2026-10-04T17:00:00.000Z,2026-10-04T14:55:08+00:00,-8.5
2026,4,NE,BUF,-7.0,-5.5,66.0,67.0,scheduled,2026-10-04T17:00:00.000Z,2026-10-04T14:55:08+00:00,-3.0
2026,4,DET,CAR,3.5,3.0,37.0,33.0,scheduled,2026-10-05T00:20:00.000Z,2026-10-04T14:55:08+00:00,3.0
2026,4,NYJ,CHI,-3.5,-3.5,53.0,49.0,scheduled,2026-10-04T17:00:00.000Z,2026-10-04T14:55:08+00:00,-8.5
2026,4,JAX,CIN,-2.5,-2.5,36.0,39.0,scheduled,2026-10-04T17:00:00.000Z,2026-10-04T14:55:08+00:00,-2.5
2026,4,PIT,CLE,3.0,2.5,59.0,53.0,complete,2026-10-02T00:15:00.000Z,2026-10-04T14:55:08+00:00,2.5
2026,4,DAL,HOU,-3.0,-2.5,17.0,17.0,scheduled,2026-10-04T17:00:00.000Z,2026-10-04T14:55:08+00:00,-2.5
2026,4,KC,LV,4.5,5.5,48.0,42.0,scheduled,2026-10-04T20:25:00.000Z,2026-10-04T14:55:08+00:00,5.5
2026,4,MIA,MIN,-9.5,-10.5,74.0,61.0,scheduled,2026-10-04T20:05:00.000Z,2026-10-04T14:55:08+00:00,-7.5
2026,4,ATL,NO,-1.5,-2.5,46.0,30.0,scheduled,2026-10-06T00:15:00.000Z,2026-10-04T14:55:08+00:00,-2.5
2026,4,ARI,NYG,2.5,-2.5,41.0,51.0,scheduled,2026-10-04T17:00:00.000Z,2026-10-04T14:55:08+00:00,-7.0
2026,4,LAR,PHI,3.5,2.5,47.0,61.0,scheduled,2026-10-04T17:00:00.000Z,2026-10-04T14:55:08+00:00,1.5
2026,4,LAC,SEA,-7.0,-6.5,56.0,52.0,scheduled,2026-10-04T20:25:00.000Z,2026-10-04T14:55:08+00:00,-3.0
2026,4,DEN,SF,-3.0,-3.0,60.0,64.0,scheduled,2026-10-04T20:25:00.000Z,2026-10-04T14:55:08+00:00,-2.5
2026,4,GB,TB,3.0,1.5,46.0,51.0,scheduled,2026-10-04T17:00:00.000Z,2026-10-04T14:55:08+00:00,1.5
2026,4,IND,WAS,4.5,4.5,58.0,38.0,inprogress,2026-10-04T13:30:00.000Z,2026-10-04T14:55:08+00:00,-1.5
