week,games,picks,wins,pushes,exp,edges
1,16,5,3,0,2.714147,4
2,16,5,3,0,2.834925,5
3,16,5,2,0,2.7996350000000003,4
4,16,5,5,0,2.850228,5
5,14,5,2,0,2.86716,5
6,15,5,3,0,2.7550120000000002,5
7,15,5,3,0,2.8070999999999997,5
8,13,5,2,0,2.844335,4
9,14,5,2,0,2.739067,4
10,14,5,4,0,2.7595120000000004,5
11,15,5,3,0,2.7412270000000003,4
12,14,5,4,0,2.747869,4
13,16,5,4,0,2.7793650000000003,5
14,14,5,2,0,2.7486400000000004,5
15,16,5,3,0,2.735975,4
16,16,5,4,0,2.8297600000000003,5
17,16,5,2,0,2.887817,5
18,16,5,5,0,3.0336499999999997,5
