season,away,home,day_of_game,home_spread,score_away,score_home,spread_winner,game_times,wk,pool_line,result,mkt_line,abs_spread,pool_margin,home_cov,graded_winner,home_value,abs_value,value_side,value_side_won,push,band_mult,eff_pts,model_rate
2025,DAL,PHI,,-7.5,20.0,24.0,DAL,,1,7.5,4.0,8.5,8.5,4.0,-3.5,DAL,1.0,1.0,home,0.0,False,0.82,0.82,0.537792
2025,KC,LAC,,2.5,21.0,27.0,LAC,,1,-2.5,6.0,-3.0,3.0,6.0,8.5,LAC,-0.5,0.5,away,0.0,False,1.45,0.725,0.533935
2025,CIN,CLE,,5.5,17.0,16.0,CLE,,1,-5.5,-1.0,-5.5,5.5,-1.0,4.5,CLE,0.0,0.0,none,,False,1.0,0.0,0.5
2025,NYG,WAS,,-5.5,6.0,21.0,WAS,,1,5.5,15.0,6.0,6.0,15.0,9.5,WAS,0.5,0.5,home,1.0,False,1.0,0.5,0.5248
2025,PIT,NYJ,,2.5,34.0,32.0,NYJ,,1,-2.5,-2.0,-3.0,3.0,-2.0,0.5,NYJ,-0.5,0.5,away,0.0,False,1.45,0.725,0.533935
2025,TB,ATL,,2.5,23.0,20.0,TB,,1,-2.5,-3.0,-1.5,1.5,-3.0,-0.5,TB,1.0,1.0,home,0.0,False,0.4,0.4,0.5198400000000001
2025,ARI,NO,,6.5,20.0,13.0,ARI,,1,-6.5,-7.0,-6.0,6.0,-7.0,-0.5,ARI,0.5,0.5,home,0.0,False,1.0,0.5,0.5248
2025,CAR,JAX,,-3.5,10.0,33.0,JAX,,1,3.5,16.0,4.5,4.5,23.0,19.5,JAX,1.0,1.0,home,1.0,False,1.0,1.0,0.5451
2025,MIA,IND,,-1.5,8.0,33.0,IND,,1,1.5,25.0,1.5,1.5,25.0,23.5,IND,0.0,0.0,none,,False,0.4,0.0,0.5
2025,LV,NE,,-2.5,20.0,14.0,LV,,1,2.5,-7.0,2.5,2.5,-6.0,-8.5,LV,0.0,0.0,none,,False,1.45,0.0,0.5
2025,TEN,DEN,,-8.5,12.0,20.0,TEN,,1,8.5,8.0,8.5,8.5,8.0,-0.5,TEN,0.0,0.0,none,,False,0.82,0.0,0.5
2025,SF,SEA,,2.5,17.0,13.0,SF,,1,-2.5,-4.0,-2.5,2.5,-4.0,-1.5,SF,0.0,0.0,none,,False,1.45,0.0,0.5
2025,DET,GB,,-2.5,13.0,27.0,GB,,1,2.5,14.0,1.5,1.5,14.0,11.5,GB,-1.0,1.0,away,0.0,False,0.4,0.4,0.5198400000000001
2025,HOU,LA,,-2.5,9.0,14.0,LA,,1,2.5,5.0,3.5,3.5,5.0,2.5,LA,1.0,1.0,home,1.0,False,1.0,1.0,0.5451
2025,BAL,BUF,,-1.5,40.0,41.0,BAL,,1,1.5,1.0,-1.5,1.5,1.0,-0.5,BAL,-3.0,3.0,away,1.0,False,0.4,1.2000000000000002,0.55222
2025,MIN,CHI,,1.5,27.0,24.0,MIN,,1,-1.5,-3.0,-1.5,1.5,-3.0,-1.5,MIN,0.0,0.0,none,,False,0.4,0.0,0.5
2025,WAS,GB,,-3.5,18.0,27.0,GB,,2,3.5,9.0,3.5,3.5,9.0,5.5,GB,0.0,0.0,none,,False,1.0,0.0,0.5
2025,CLE,BAL,,-12.5,17.0,41.0,BAL,,2,12.5,24.0,12.5,12.5,24.0,11.5,BAL,0.0,0.0,none,,False,0.7,0.0,0.5
2025,JAX,CIN,,-3.5,27.0,31.0,CIN,,2,3.5,4.0,3.5,3.5,4.0,0.5,CIN,0.0,0.0,none,,False,1.0,0.0,0.5
2025,NYG,DAL,,-5.5,37.0,40.0,NYG,,2,5.5,3.0,4.5,4.5,3.0,-2.5,NYG,-1.0,1.0,away,1.0,False,1.0,1.0,0.5451
2025,CHI,DET,,-4.5,21.0,52.0,DET,,2,4.5,31.0,6.0,6.0,31.0,26.5,DET,1.5,1.5,home,1.0,False,1.0,1.5,0.5629
2025,NE,MIA,,-1.5,33.0,27.0,NE,,2,1.5,-6.0,1.5,1.5,-6.0,-7.5,NE,0.0,0.0,none,,False,0.4,0.0,0.5
2025,SF,NO,,4.5,26.0,21.0,SF,,2,-4.5,-5.0,-3.0,3.0,-5.0,-0.5,SF,1.5,1.5,home,0.0,False,1.45,2.175,0.584725
2025,BUF,NYJ,,7.5,30.0,10.0,BUF,,2,-7.5,-20.0,-6.0,6.0,-20.0,-12.5,BUF,1.5,1.5,home,0.0,False,1.0,1.5,0.5629
2025,SEA,PIT,,-3.5,31.0,17.0,SEA,,2,3.5,-14.0,3.5,3.5,-14.0,-17.5,SEA,0.0,0.0,none,,False,1.0,0.0,0.5
2025,LA,TEN,,5.5,33.0,19.0,LA,,2,-5.5,-14.0,-5.5,5.5,-14.0,-8.5,LA,0.0,0.0,none,,False,1.0,0.0,0.5
2025,CAR,ARI,,-6.5,22.0,27.0,CAR,,2,6.5,5.0,7.0,7.0,5.0,-1.5,CAR,0.5,0.5,home,0.0,False,1.35,0.675,0.5319050000000001
2025,DEN,IND,,2.5,28.0,29.0,IND,,2,-2.5,1.0,-2.5,2.5,1.0,3.5,IND,0.0,0.0,none,,False,1.45,0.0,0.5
2025,PHI,KC,,1.5,20.0,17.0,PHI,,2,-1.5,-3.0,-1.5,1.5,-3.0,-1.5,PHI,0.0,0.0,none,,False,0.4,0.0,0.5
2025,ATL,MIN,,-5.5,22.0,6.0,ATL,,2,5.5,-16.0,3.5,3.5,-16.0,-21.5,ATL,-2.0,2.0,away,1.0,False,1.0,2.0,0.5793
2025,TB,HOU,,-2.5,20.0,19.0,TB,,2,2.5,-1.0,2.5,2.5,-1.0,-3.5,TB,0.0,0.0,none,,False,1.45,0.0,0.5
2025,LAC,LV,,3.5,20.0,9.0,LAC,,2,-3.5,-11.0,-3.5,3.5,-11.0,-7.5,LAC,0.0,0.0,none,,False,1.0,0.0,0.5
2025,MIA,BUF,,-12.5,21.0,31.0,MIA,,3,12.5,10.0,12.5,12.5,10.0,-2.5,MIA,0.0,0.0,none,,False,0.7,0.0,0.5
2025,ATL,CAR,,5.5,0.0,30.0,CAR,,3,-5.5,30.0,-5.5,5.5,30.0,35.5,CAR,0.0,0.0,none,,False,1.0,0.0,0.5
2025,GB,CLE,,8.5,10.0,13.0,CLE,,3,-8.5,3.0,-8.5,8.5,3.0,11.5,CLE,0.0,0.0,none,,False,0.82,0.0,0.5
2025,HOU,JAX,,-1.5,10.0,17.0,JAX,,3,1.5,7.0,1.5,1.5,7.0,5.5,JAX,0.0,0.0,none,,False,0.4,0.0,0.5
2025,CIN,MIN,,-3.5,10.0,48.0,MIN,,3,3.5,38.0,3.0,3.0,38.0,34.5,MIN,-0.5,0.5,away,0.0,False,1.45,0.725,0.533935
2025,PIT,NE,,1.5,21.0,14.0,PIT,,3,-1.5,-7.0,-1.5,1.5,-7.0,-5.5,PIT,0.0,0.0,none,,False,0.4,0.0,0.5
2025,LA,PHI,,-3.5,26.0,33.0,PHI,,3,3.5,7.0,3.5,3.5,7.0,3.5,PHI,0.0,0.0,none,,False,1.0,0.0,0.5
2025,NYJ,TB,,-7.5,27.0,29.0,NYJ,,3,7.5,2.0,6.5,6.5,2.0,-5.5,NYJ,-1.0,1.0,away,1.0,False,1.35,1.35,0.55756
2025,IND,TEN,,3.5,41.0,20.0,IND,,3,-3.5,-21.0,-6.0,6.0,-21.0,-17.5,IND,-2.5,2.5,away,1.0,False,1.0,2.5,0.5948
2025,LV,WAS,,-3.5,24.0,41.0,WAS,,3,3.5,17.0,2.5,2.5,17.0,13.5,WAS,-1.0,1.0,away,0.0,False,1.45,1.45,0.56112
2025,DEN,LAC,,-2.5,20.0,23.0,LAC,,3,2.5,3.0,2.5,2.5,3.0,0.5,LAC,0.0,0.0,none,,False,1.45,0.0,0.5
2025,NO,SEA,,-7.5,13.0,44.0,SEA,,3,7.5,31.0,7.5,7.5,31.0,23.5,SEA,0.0,0.0,none,,False,0.82,0.0,0.5
2025,DAL,CHI,,-1.5,14.0,31.0,CHI,,3,1.5,17.0,-1.5,1.5,17.0,15.5,CHI,-3.0,3.0,away,0.0,False,0.4,1.2000000000000002,0.55222
2025,ARI,SF,,-1.5,15.0,16.0,ARI,,3,1.5,1.0,1.5,1.5,1.0,-0.5,ARI,0.0,0.0,none,,False,0.4,0.0,0.5
2025,KC,NYG,,6.5,22.0,9.0,KC,,3,-6.5,-13.0,-6.0,6.0,-13.0,-6.5,KC,0.5,0.5,home,0.0,False,1.0,0.5,0.5248
2025,DET,BAL,,-4.5,38.0,30.0,DET,,3,4.5,-8.0,4.5,4.5,-8.0,-12.5,DET,0.0,0.0,none,,False,1.0,0.0,0.5
2025,SEA,ARI,,-1.5,23.0,20.0,SEA,,4,1.5,-3.0,-1.5,1.5,-3.0,-4.5,SEA,-3.0,3.0,away,1.0,False,0.4,1.2000000000000002,0.55222
2025,MIN,PIT,,2.5,21.0,24.0,PIT,,4,-2.5,3.0,-2.5,2.5,3.0,5.5,PIT,0.0,0.0,none,,False,1.45,0.0,0.5
2025,WAS,ATL,,1.5,27.0,34.0,ATL,,4,-1.5,7.0,2.5,2.5,7.0,8.5,ATL,4.0,4.0,home,1.0,False,1.45,5.8,0.6101
2025,NO,BUF,,-18.5,19.0,31.0,NO,,4,18.5,12.0,15.5,15.5,12.0,-6.5,NO,-3.0,3.0,away,1.0,False,0.7,2.0999999999999996,0.5824
2025,CLE,DET,,-8.5,10.0,34.0,DET,,4,8.5,24.0,10.0,10.0,24.0,15.5,DET,1.5,1.5,home,1.0,False,0.82,1.23,0.553288
2025,TEN,HOU,,-7.5,0.0,26.0,HOU,,4,7.5,26.0,7.5,7.5,26.0,18.5,HOU,0.0,0.0,none,,False,0.82,0.0,0.5
2025,CAR,NE,,-5.5,13.0,42.0,NE,,4,5.5,29.0,5.5,5.5,29.0,23.5,NE,0.0,0.0,none,,False,1.0,0.0,0.5
2025,PHI,TB,,3.5,31.0,25.0,PHI,,4,-3.5,-6.0,-3.5,3.5,-6.0,-2.5,PHI,0.0,0.0,none,,False,1.0,0.0,0.5
2025,LAC,NYG,,6.5,18.0,21.0,NYG,,4,-6.5,3.0,-6.0,6.0,3.0,9.5,NYG,0.5,0.5,home,1.0,False,1.0,0.5,0.5248
2025,IND,LA,,-3.5,20.0,27.0,LA,,4,3.5,7.0,3.5,3.5,7.0,3.5,LA,0.0,0.0,none,,False,1.0,0.0,0.5
2025,JAX,SF,,-3.5,26.0,21.0,JAX,,4,3.5,-5.0,3.5,3.5,-5.0,-8.5,JAX,0.0,0.0,none,,False,1.0,0.0,0.5
2025,BAL,KC,,2.5,20.0,37.0,KC,,4,-2.5,17.0,-2.5,2.5,17.0,19.5,KC,0.0,0.0,none,,False,1.45,0.0,0.5
2025,CHI,LV,,1.5,25.0,24.0,LV,,4,-1.5,-1.0,1.5,1.5,-1.0,0.5,LV,3.0,3.0,home,1.0,False,0.4,1.2000000000000002,0.55222
2025,GB,DAL,,7.5,40.0,40.0,DAL,,4,-7.5,0.0,-7.0,7.0,0.0,7.5,DAL,0.5,0.5,home,1.0,False,1.35,0.675,0.5319050000000001
2025,NYJ,MIA,,-2.5,21.0,27.0,MIA,,4,2.5,6.0,2.5,2.5,6.0,3.5,MIA,0.0,0.0,none,,False,1.45,0.0,0.5
2025,CIN,DEN,,-7.5,3.0,28.0,DEN,,4,7.5,25.0,7.5,7.5,25.0,17.5,DEN,0.0,0.0,none,,False,0.82,0.0,0.5
2025,SF,LA,,-5.5,26.0,23.0,SF,,5,5.5,-3.0,8.5,8.5,-3.0,-8.5,SF,3.0,3.0,home,0.0,False,0.82,2.46,0.59356
2025,MIN,CLE,,4.5,21.0,17.0,CLE,,5,-4.5,-4.0,-3.5,3.5,-4.0,0.5,CLE,1.0,1.0,home,1.0,False,1.0,1.0,0.5451
2025,HOU,BAL,,-3.5,44.0,10.0,HOU,,5,3.5,-34.0,-2.5,2.5,-34.0,-37.5,HOU,-6.0,6.0,away,1.0,False,1.45,8.7,0.6101
2025,MIA,CAR,,-1.5,24.0,27.0,CAR,,5,1.5,3.0,-1.5,1.5,3.0,1.5,CAR,-3.0,3.0,away,0.0,False,0.4,1.2000000000000002,0.55222
2025,LV,IND,,-6.5,6.0,40.0,IND,,5,6.5,34.0,7.0,7.0,34.0,27.5,IND,0.5,0.5,home,1.0,False,1.35,0.675,0.5319050000000001
2025,NYG,NO,,-1.5,14.0,26.0,NO,,5,1.5,12.0,1.5,1.5,12.0,10.5,NO,0.0,0.0,none,,False,0.4,0.0,0.5
2025,DAL,NYJ,,2.5,37.0,22.0,DAL,,5,-2.5,-15.0,1.5,1.5,-15.0,-12.5,DAL,4.0,4.0,home,0.0,False,0.4,1.6,0.56618
2025,DEN,PHI,,-4.5,21.0,17.0,DEN,,5,4.5,-4.0,3.5,3.5,-4.0,-8.5,DEN,-1.0,1.0,away,1.0,False,1.0,1.0,0.5451
2025,TEN,ARI,,-8.5,22.0,21.0,TEN,,5,8.5,-1.0,7.5,7.5,-1.0,-9.5,TEN,-1.0,1.0,away,1.0,False,0.82,0.82,0.537792
2025,TB,SEA,,-3.5,38.0,35.0,TB,,5,3.5,-3.0,3.5,3.5,-3.0,-6.5,TB,0.0,0.0,none,,False,1.0,0.0,0.5
2025,DET,CIN,,10.5,37.0,24.0,DET,,5,-10.5,-13.0,-10.5,10.5,-13.0,-2.5,DET,0.0,0.0,none,,False,0.7,0.0,0.5
2025,WAS,LAC,,-2.5,27.0,10.0,WAS,,5,2.5,-17.0,2.5,2.5,-17.0,-19.5,WAS,0.0,0.0,none,,False,1.45,0.0,0.5
2025,NE,BUF,,-8.5,23.0,20.0,NE,,5,8.5,-3.0,7.5,7.5,-3.0,-11.5,NE,-1.0,1.0,away,1.0,False,0.82,0.82,0.537792
2025,KC,JAX,,3.5,28.0,31.0,JAX,,5,-3.5,3.0,-3.5,3.5,3.0,6.5,JAX,0.0,0.0,none,,False,1.0,0.0,0.5
2025,PHI,NYG,,7.5,17.0,34.0,NYG,,6,-7.5,17.0,-7.0,7.0,17.0,24.5,NYG,0.5,0.5,home,1.0,False,1.35,0.675,0.5319050000000001
2025,DEN,NYJ,,7.5,13.0,11.0,NYJ,,6,-7.5,-2.0,-7.5,7.5,-2.0,5.5,NYJ,0.0,0.0,none,,False,0.82,0.0,0.5
2025,LA,BAL,,7.5,17.0,3.0,LA,,6,-7.5,-14.0,-7.0,7.0,-14.0,-6.5,LA,0.5,0.5,home,0.0,False,1.35,0.675,0.5319050000000001
2025,DAL,CAR,,3.5,27.0,30.0,CAR,,6,-3.5,3.0,-3.0,3.0,3.0,6.5,CAR,0.5,0.5,home,1.0,False,1.45,0.725,0.533935
2025,ARI,IND,,-6.5,27.0,31.0,ARI,,6,6.5,4.0,8.5,8.5,4.0,-2.5,ARI,2.0,2.0,home,0.0,False,0.82,1.64,0.567492
2025,SEA,JAX,,-1.5,20.0,12.0,SEA,,6,1.5,-8.0,-1.5,1.5,-8.0,-9.5,SEA,-3.0,3.0,away,1.0,False,0.4,1.2000000000000002,0.55222
2025,LAC,MIA,,4.5,29.0,27.0,MIA,,6,-4.5,-2.0,-3.5,3.5,-2.0,2.5,MIA,1.0,1.0,home,1.0,False,1.0,1.0,0.5451
2025,NE,NO,,3.5,25.0,19.0,NE,,6,-3.5,-6.0,-3.5,3.5,-6.0,-2.5,NE,0.0,0.0,none,,False,1.0,0.0,0.5
2025,CLE,PIT,,-5.5,9.0,23.0,PIT,,6,5.5,14.0,5.5,5.5,14.0,8.5,PIT,0.0,0.0,none,,False,1.0,0.0,0.5
2025,TEN,LV,,-4.5,10.0,20.0,LV,,6,4.5,10.0,3.5,3.5,10.0,5.5,LV,-1.0,1.0,away,0.0,False,1.0,1.0,0.5451
2025,CIN,GB,,-14.5,18.0,27.0,CIN,,6,14.5,9.0,14.0,14.0,9.0,-5.5,CIN,-0.5,0.5,away,1.0,False,0.7,0.35,0.51736
2025,SF,TB,,-3.5,19.0,30.0,TB,,6,3.5,11.0,3.5,3.5,11.0,7.5,TB,0.0,0.0,none,,False,1.0,0.0,0.5
2025,DET,KC,,-2.5,17.0,30.0,KC,,6,2.5,13.0,2.5,2.5,13.0,10.5,KC,0.0,0.0,none,,False,1.45,0.0,0.5
2025,BUF,ATL,,4.5,14.0,24.0,ATL,,6,-4.5,10.0,-3.5,3.5,10.0,14.5,ATL,1.0,1.0,home,1.0,False,1.0,1.0,0.5451
2025,CHI,WAS,,-4.5,25.0,24.0,CHI,,6,4.5,-1.0,5.5,5.5,-1.0,-5.5,CHI,1.0,1.0,home,0.0,False,1.0,1.0,0.5451
2025,PIT,CIN,,5.5,31.0,33.0,CIN,,7,-5.5,2.0,-5.5,5.5,2.0,7.5,CIN,0.0,0.0,none,,False,1.0,0.0,0.5
2025,LA,JAX,,3.5,35.0,7.0,LA,,7,-3.5,-28.0,-3.0,3.0,-28.0,-24.5,LA,0.5,0.5,home,0.0,False,1.45,0.725,0.533935
2025,NO,CHI,,-5.5,14.0,26.0,CHI,,7,5.5,12.0,4.5,4.5,12.0,6.5,CHI,-1.0,1.0,away,0.0,False,1.0,1.0,0.5451
2025,MIA,CLE,,-2.5,6.0,31.0,CLE,,7,2.5,25.0,2.5,2.5,25.0,22.5,CLE,0.0,0.0,none,,False,1.45,0.0,0.5
2025,LV,KC,,-11.5,0.0,31.0,KC,,7,11.5,31.0,13.5,13.5,31.0,19.5,KC,2.0,2.0,home,1.0,False,0.7,1.4,0.55934
2025,PHI,MIN,,2.5,28.0,22.0,PHI,,7,-2.5,-6.0,-2.5,2.5,-6.0,-3.5,PHI,0.0,0.0,none,,False,1.45,0.0,0.5
2025,CAR,NYJ,,1.5,13.0,6.0,CAR,,7,-1.5,-7.0,1.5,1.5,-7.0,-5.5,CAR,3.0,3.0,home,0.0,False,0.4,1.2000000000000002,0.55222
2025,NE,TEN,,7.5,31.0,13.0,NE,,7,-7.5,-18.0,-6.5,6.5,-18.0,-10.5,NE,1.0,1.0,home,0.0,False,1.35,1.35,0.55756
2025,NYG,DEN,,-7.5,32.0,33.0,NYG,,7,7.5,1.0,7.5,7.5,1.0,-6.5,NYG,0.0,0.0,none,,False,0.82,0.0,0.5
2025,IND,LAC,,-1.5,38.0,24.0,IND,,7,1.5,-14.0,2.5,2.5,-14.0,-15.5,IND,1.0,1.0,home,0.0,False,1.45,1.45,0.56112
2025,GB,ARI,,6.5,27.0,23.0,ARI,,7,-6.5,-4.0,-7.0,7.0,-4.0,2.5,ARI,-0.5,0.5,away,0.0,False,1.35,0.675,0.5319050000000001
2025,WAS,DAL,,2.5,22.0,44.0,DAL,,7,-2.5,22.0,1.5,1.5,22.0,24.5,DAL,4.0,4.0,home,1.0,False,0.4,1.6,0.56618
2025,ATL,SF,,-2.5,10.0,20.0,SF,,7,2.5,10.0,1.5,1.5,10.0,7.5,SF,-1.0,1.0,away,0.0,False,0.4,0.4,0.5198400000000001
2025,TB,DET,,-4.5,9.0,24.0,DET,,7,4.5,15.0,6.0,6.0,15.0,10.5,DET,1.5,1.5,home,1.0,False,1.0,1.5,0.5629
2025,HOU,SEA,,-2.5,19.0,27.0,SEA,,7,2.5,8.0,3.0,3.0,8.0,5.5,SEA,0.5,0.5,home,1.0,False,1.45,0.725,0.533935
2025,MIN,LAC,,-3.5,10.0,37.0,LAC,,8,3.5,27.0,3.0,3.0,27.0,23.5,LAC,-0.5,0.5,away,0.0,False,1.45,0.725,0.533935
2025,MIA,ATL,,-7.5,34.0,10.0,MIA,,8,7.5,-24.0,7.0,7.0,-24.0,-31.5,MIA,-0.5,0.5,away,1.0,False,1.35,0.675,0.5319050000000001
2025,CHI,BAL,,-6.5,16.0,30.0,BAL,,8,6.5,14.0,2.5,2.5,14.0,7.5,BAL,-4.0,4.0,away,0.0,False,1.45,5.8,0.6101
2025,BUF,CAR,,7.5,40.0,9.0,BUF,,8,-7.5,-31.0,-7.0,7.0,-31.0,-23.5,BUF,0.5,0.5,home,0.0,False,1.35,0.675,0.5319050000000001
2025,NYJ,CIN,,-6.5,39.0,38.0,NYJ,,8,6.5,-1.0,5.5,5.5,-1.0,-7.5,NYJ,-1.0,1.0,away,1.0,False,1.0,1.0,0.5451
2025,SF,HOU,,1.5,15.0,26.0,HOU,,8,-1.5,11.0,2.5,2.5,11.0,12.5,HOU,4.0,4.0,home,1.0,False,1.45,5.8,0.6101
2025,CLE,NE,,-7.5,13.0,32.0,NE,,8,7.5,19.0,7.0,7.0,19.0,11.5,NE,-0.5,0.5,away,0.0,False,1.35,0.675,0.5319050000000001
2025,NYG,PHI,,-7.5,20.0,38.0,PHI,,8,7.5,18.0,7.0,7.0,18.0,10.5,PHI,-0.5,0.5,away,0.0,False,1.35,0.675,0.5319050000000001
2025,DAL,DEN,,-3.5,24.0,44.0,DEN,,8,3.5,20.0,3.5,3.5,20.0,16.5,DEN,0.0,0.0,none,,False,1.0,0.0,0.5
2025,TEN,IND,,-14.5,14.0,38.0,IND,,8,14.5,24.0,15.5,15.5,24.0,9.5,IND,1.0,1.0,home,1.0,False,0.7,0.7,0.5329200000000001
2025,TB,NO,,5.5,23.0,3.0,TB,,8,-5.5,-20.0,-4.5,4.5,-20.0,-14.5,TB,1.0,1.0,home,0.0,False,1.0,1.0,0.5451
2025,GB,PIT,,3.5,35.0,25.0,GB,,8,-3.5,-10.0,-3.0,3.0,-10.0,-6.5,GB,0.5,0.5,home,0.0,False,1.45,0.725,0.533935
2025,WAS,KC,,-10.5,7.0,28.0,KC,,8,10.5,21.0,10.5,10.5,21.0,10.5,KC,0.0,0.0,none,,False,0.7,0.0,0.5
2025,BAL,MIA,,7.5,28.0,6.0,BAL,,9,-7.5,-22.0,-7.5,7.5,-22.0,-14.5,BAL,0.0,0.0,none,,False,0.82,0.0,0.5
2025,DEN,HOU,,-1.5,18.0,15.0,DEN,,9,1.5,-3.0,1.5,1.5,-3.0,-4.5,DEN,0.0,0.0,none,,False,0.4,0.0,0.5
2025,LAC,TEN,,10.5,27.0,20.0,TEN,,9,-10.5,-7.0,-10.0,10.0,-7.0,3.5,TEN,0.5,0.5,home,1.0,False,0.82,0.41,0.520336
2025,ATL,NE,,-5.5,23.0,24.0,ATL,,9,5.5,1.0,5.5,5.5,1.0,-4.5,ATL,0.0,0.0,none,,False,1.0,0.0,0.5
2025,CAR,GB,,-12.5,16.0,13.0,CAR,,9,12.5,-3.0,12.5,12.5,-3.0,-15.5,CAR,0.0,0.0,none,,False,0.7,0.0,0.5
2025,MIN,DET,,-8.5,27.0,24.0,MIN,,9,8.5,-3.0,9.5,9.5,-3.0,-11.5,MIN,1.0,1.0,home,0.0,False,0.82,0.82,0.537792
2025,SF,NYG,,2.5,34.0,24.0,SF,,9,-2.5,-10.0,-2.5,2.5,-10.0,-7.5,SF,0.0,0.0,none,,False,1.45,0.0,0.5
2025,IND,PIT,,3.5,20.0,27.0,PIT,,9,-3.5,7.0,-3.5,3.5,7.0,10.5,PIT,0.0,0.0,none,,False,1.0,0.0,0.5
2025,CHI,CIN,,2.5,47.0,42.0,CHI,,9,-2.5,-5.0,-3.0,3.0,-5.0,-2.5,CHI,-0.5,0.5,away,1.0,False,1.45,0.725,0.533935
2025,NO,LA,,-14.5,10.0,34.0,LA,,9,14.5,24.0,14.0,14.0,24.0,9.5,LA,-0.5,0.5,away,0.0,False,0.7,0.35,0.51736
2025,JAX,LV,,3.5,30.0,29.0,LV,,9,-3.5,-1.0,-2.5,2.5,-1.0,2.5,LV,1.0,1.0,home,1.0,False,1.45,1.45,0.56112
2025,KC,BUF,,2.5,21.0,28.0,BUF,,9,-2.5,7.0,-2.5,2.5,7.0,9.5,BUF,0.0,0.0,none,,False,1.45,0.0,0.5
2025,SEA,WAS,,3.5,38.0,14.0,SEA,,9,-3.5,-24.0,-2.5,2.5,-24.0,-20.5,SEA,1.0,1.0,home,0.0,False,1.45,1.45,0.56112
2025,ARI,DAL,,-2.5,27.0,17.0,ARI,,9,2.5,-10.0,3.5,3.5,-10.0,-12.5,ARI,1.0,1.0,home,0.0,False,1.0,1.0,0.5451
2025,LV,DEN,,-9.5,7.0,10.0,LV,,10,9.5,3.0,9.5,9.5,3.0,-6.5,LV,0.0,0.0,none,,False,0.82,0.0,0.5
2025,ATL,IND,,-6.5,25.0,31.0,ATL,,10,6.5,6.0,6.5,6.5,6.0,-0.5,ATL,0.0,0.0,none,,False,1.35,0.0,0.5
2025,BUF,MIA,,9.5,13.0,30.0,MIA,,10,-9.5,17.0,-8.5,8.5,17.0,26.5,MIA,1.0,1.0,home,1.0,False,0.82,0.82,0.537792
2025,JAX,HOU,,-1.5,29.0,36.0,HOU,,10,1.5,7.0,-1.5,1.5,7.0,5.5,HOU,-3.0,3.0,away,0.0,False,0.4,1.2000000000000002,0.55222
2025,NYG,CHI,,-3.5,20.0,24.0,CHI,,10,3.5,4.0,4.5,4.5,4.0,0.5,CHI,1.0,1.0,home,1.0,False,1.0,1.0,0.5451
2025,BAL,MIN,,3.5,27.0,19.0,BAL,,10,-3.5,-8.0,-4.5,4.5,-8.0,-4.5,BAL,-1.0,1.0,away,1.0,False,1.0,1.0,0.5451
2025,NE,TB,,-2.5,28.0,23.0,NE,,10,2.5,-5.0,2.5,2.5,-5.0,-7.5,NE,0.0,0.0,none,,False,1.45,0.0,0.5
2025,NO,CAR,,-5.5,17.0,7.0,NO,,10,5.5,-10.0,5.5,5.5,-10.0,-15.5,NO,0.0,0.0,none,,False,1.0,0.0,0.5
2025,CLE,NYJ,,2.5,20.0,27.0,NYJ,,10,-2.5,7.0,-1.5,1.5,7.0,9.5,NYJ,1.0,1.0,home,1.0,False,0.4,0.4,0.5198400000000001
2025,ARI,SEA,,-6.5,22.0,44.0,SEA,,10,6.5,22.0,7.0,7.0,22.0,15.5,SEA,0.5,0.5,home,1.0,False,1.35,0.675,0.5319050000000001
2025,LA,SF,,3.5,42.0,26.0,LA,,10,-3.5,-16.0,-5.5,5.5,-16.0,-12.5,LA,-2.0,2.0,away,1.0,False,1.0,2.0,0.5793
2025,DET,WAS,,8.5,44.0,22.0,DET,,10,-8.5,-22.0,-8.5,8.5,-22.0,-13.5,DET,0.0,0.0,none,,False,0.82,0.0,0.5
2025,PIT,LAC,,-3.5,10.0,25.0,LAC,,10,3.5,15.0,3.0,3.0,15.0,11.5,LAC,-0.5,0.5,away,0.0,False,1.45,0.725,0.533935
2025,PHI,GB,,-2.5,10.0,7.0,PHI,,10,2.5,-3.0,1.5,1.5,-3.0,-5.5,PHI,-1.0,1.0,away,1.0,False,0.4,0.4,0.5198400000000001
2025,NYJ,NE,,-13.5,14.0,27.0,NYJ,,11,13.5,13.0,12.5,12.5,13.0,-0.5,NYJ,-1.0,1.0,away,1.0,False,0.7,0.7,0.5329200000000001
2025,WAS,MIA,,-2.5,13.0,16.0,MIA,,11,2.5,3.0,2.5,2.5,3.0,0.5,MIA,0.0,0.0,none,,False,1.45,0.0,0.5
2025,HOU,TEN,,7.5,16.0,13.0,TEN,,11,-7.5,-3.0,-5.5,5.5,-3.0,4.5,TEN,2.0,2.0,home,1.0,False,1.0,2.0,0.5793
2025,CAR,ATL,,-3.5,30.0,27.0,CAR,,11,3.5,-3.0,4.5,4.5,-3.0,-6.5,CAR,1.0,1.0,home,0.0,False,1.0,1.0,0.5451
2025,LAC,JAX,,3.5,6.0,35.0,JAX,,11,-3.5,29.0,-3.0,3.0,29.0,32.5,JAX,0.5,0.5,home,1.0,False,1.45,0.725,0.533935
2025,GB,NYG,,7.5,27.0,20.0,NYG,,11,-7.5,-7.0,-7.5,7.5,-7.0,0.5,NYG,0.0,0.0,none,,False,0.82,0.0,0.5
2025,CHI,MIN,,-2.5,19.0,17.0,CHI,,11,2.5,-2.0,3.0,3.0,-2.0,-4.5,CHI,0.5,0.5,home,0.0,False,1.45,0.725,0.533935
2025,CIN,PIT,,-5.5,12.0,34.0,PIT,,11,5.5,22.0,5.5,5.5,22.0,16.5,PIT,0.0,0.0,none,,False,1.0,0.0,0.5
2025,TB,BUF,,-5.5,32.0,44.0,BUF,,11,5.5,12.0,6.0,6.0,12.0,6.5,BUF,0.5,0.5,home,1.0,False,1.0,0.5,0.5248
2025,BAL,CLE,,8.5,23.0,16.0,CLE,,11,-8.5,-7.0,-7.5,7.5,-7.0,1.5,CLE,1.0,1.0,home,1.0,False,0.82,0.82,0.537792
2025,KC,DEN,,3.5,19.0,22.0,DEN,,11,-3.5,3.0,-3.5,3.5,3.0,6.5,DEN,0.0,0.0,none,,False,1.0,0.0,0.5
2025,SEA,LA,,-2.5,19.0,21.0,SEA,,11,2.5,2.0,3.0,3.0,2.0,-0.5,SEA,0.5,0.5,home,0.0,False,1.45,0.725,0.533935
2025,SF,ARI,,2.5,41.0,22.0,SF,,11,-2.5,-19.0,-3.5,3.5,-19.0,-16.5,SF,-1.0,1.0,away,1.0,False,1.0,1.0,0.5451
2025,DET,PHI,,-2.5,9.0,16.0,PHI,,11,2.5,7.0,2.5,2.5,7.0,4.5,PHI,0.0,0.0,none,,False,1.45,0.0,0.5
2025,DAL,LV,,3.5,33.0,16.0,DAL,,11,-3.5,-17.0,-3.5,3.5,-17.0,-13.5,DAL,0.0,0.0,none,,False,1.0,0.0,0.5
2025,BUF,HOU,,5.5,19.0,23.0,HOU,,12,-5.5,4.0,-5.5,5.5,4.0,9.5,HOU,0.0,0.0,none,,False,1.0,0.0,0.5
2025,NE,CIN,,8.5,26.0,20.0,CIN,,12,-8.5,-6.0,-7.5,7.5,-6.0,2.5,CIN,1.0,1.0,home,1.0,False,0.82,0.82,0.537792
2025,SEA,TEN,,13.5,30.0,24.0,TEN,,12,-13.5,-6.0,-12.5,12.5,-6.0,7.5,TEN,1.0,1.0,home,1.0,False,0.7,0.7,0.5329200000000001
2025,NYG,DET,,-10.5,27.0,34.0,NYG,,12,10.5,7.0,14.0,14.0,7.0,-3.5,NYG,3.5,3.5,home,0.0,False,0.7,2.4499999999999997,0.5932499999999999
2025,NYJ,BAL,,-13.5,10.0,23.0,NYJ,,12,13.5,13.0,14.0,14.0,13.0,-0.5,NYJ,0.5,0.5,home,0.0,False,0.7,0.35,0.51736
2025,IND,KC,,-2.5,20.0,23.0,KC,,12,2.5,3.0,3.5,3.5,3.0,0.5,KC,1.0,1.0,home,1.0,False,1.0,1.0,0.5451
2025,PIT,CHI,,-2.5,28.0,31.0,CHI,,12,2.5,3.0,3.0,3.0,3.0,0.5,CHI,0.5,0.5,home,1.0,False,1.45,0.725,0.533935
2025,MIN,GB,,-6.5,6.0,23.0,GB,,12,6.5,17.0,6.5,6.5,17.0,10.5,GB,0.0,0.0,none,,False,1.35,0.0,0.5
2025,JAX,ARI,,2.5,27.0,24.0,JAX,,12,-2.5,-3.0,-2.5,2.5,-3.0,-0.5,JAX,0.0,0.0,none,,False,1.45,0.0,0.5
2025,CLE,LV,,-2.5,24.0,10.0,CLE,,12,2.5,-14.0,3.0,3.0,-14.0,-16.5,CLE,0.5,0.5,home,0.0,False,1.45,0.725,0.533935
2025,ATL,NO,,-1.5,24.0,10.0,ATL,,12,1.5,-14.0,1.5,1.5,-14.0,-15.5,ATL,0.0,0.0,none,,False,0.4,0.0,0.5
2025,PHI,DAL,,3.5,21.0,24.0,DAL,,12,-3.5,3.0,-3.0,3.0,3.0,6.5,DAL,0.5,0.5,home,1.0,False,1.45,0.725,0.533935
2025,TB,LA,,-6.5,7.0,34.0,LA,,12,6.5,27.0,7.0,7.0,27.0,20.5,LA,0.5,0.5,home,1.0,False,1.35,0.675,0.5319050000000001
2025,CAR,SF,,-6.5,9.0,20.0,SF,,12,6.5,11.0,7.5,7.5,11.0,4.5,SF,1.0,1.0,home,1.0,False,0.82,0.82,0.537792
2025,GB,DET,,-2.5,31.0,24.0,GB,,13,2.5,-7.0,2.5,2.5,-7.0,-9.5,GB,0.0,0.0,none,,False,1.45,0.0,0.5
2025,KC,DAL,,3.5,28.0,31.0,DAL,,13,-3.5,3.0,-3.5,3.5,3.0,6.5,DAL,0.0,0.0,none,,False,1.0,0.0,0.5
2025,CIN,BAL,,-7.5,32.0,14.0,CIN,,13,7.5,-18.0,7.0,7.0,-18.0,-25.5,CIN,-0.5,0.5,away,1.0,False,1.35,0.675,0.5319050000000001
2025,CHI,PHI,,-7.5,24.0,15.0,CHI,,13,7.5,-9.0,7.0,7.0,-9.0,-16.5,CHI,-0.5,0.5,away,1.0,False,1.35,0.675,0.5319050000000001
2025,SF,CLE,,4.5,26.0,8.0,SF,,13,-4.5,-18.0,-5.5,5.5,-18.0,-13.5,SF,-1.0,1.0,away,1.0,False,1.0,1.0,0.5451
2025,ATL,NYJ,,2.5,24.0,27.0,NYJ,,13,-2.5,3.0,-3.0,3.0,3.0,5.5,NYJ,-0.5,0.5,away,0.0,False,1.45,0.725,0.533935
2025,HOU,IND,,-4.5,20.0,16.0,HOU,,13,4.5,-4.0,3.0,3.0,-4.0,-8.5,HOU,-1.5,1.5,away,1.0,False,1.45,2.175,0.584725
2025,NO,MIA,,-6.5,17.0,21.0,NO,,13,6.5,4.0,5.5,5.5,4.0,-2.5,NO,-1.0,1.0,away,1.0,False,1.0,1.0,0.5451
2025,JAX,TEN,,6.5,25.0,3.0,JAX,,13,-6.5,-22.0,-6.0,6.0,-22.0,-15.5,JAX,0.5,0.5,home,0.0,False,1.0,0.5,0.5248
2025,LA,CAR,,10.5,28.0,31.0,CAR,,13,-10.5,3.0,-10.0,10.0,3.0,13.5,CAR,0.5,0.5,home,1.0,False,0.82,0.41,0.520336
2025,ARI,TB,,-3.5,17.0,20.0,ARI,,13,3.5,3.0,4.5,4.5,3.0,-0.5,ARI,1.0,1.0,home,0.0,False,1.0,1.0,0.5451
2025,MIN,SEA,,-10.5,0.0,26.0,SEA,,13,10.5,26.0,12.5,12.5,26.0,15.5,SEA,2.0,2.0,home,1.0,False,0.7,1.4,0.55934
2025,LV,LAC,,-10.5,14.0,31.0,LAC,,13,10.5,17.0,10.0,10.0,17.0,6.5,LAC,-0.5,0.5,away,0.0,False,0.82,0.41,0.520336
2025,BUF,PIT,,3.5,23.0,7.0,BUF,,13,-3.5,-19.0,-3.0,3.0,-16.0,-12.5,BUF,0.5,0.5,home,0.0,False,1.45,0.725,0.533935
2025,DEN,WAS,,6.5,27.0,26.0,WAS,,13,-6.5,-1.0,-6.5,6.5,-1.0,5.5,WAS,0.0,0.0,none,,False,1.35,0.0,0.5
2025,NYG,NE,,-7.5,15.0,33.0,NE,,13,7.5,18.0,7.0,7.0,18.0,10.5,NE,-0.5,0.5,away,0.0,False,1.35,0.675,0.5319050000000001
2025,DAL,DET,,-2.5,30.0,44.0,DET,,14,2.5,14.0,3.5,3.5,14.0,11.5,DET,1.0,1.0,home,1.0,False,1.0,1.0,0.5451
2025,TEN,CLE,,-4.5,31.0,29.0,TEN,,14,4.5,-2.0,4.5,4.5,-2.0,-6.5,TEN,0.0,0.0,none,,False,1.0,0.0,0.5
2025,MIA,NYJ,,2.5,24.0,10.0,MIA,,14,-2.5,-24.0,-2.5,2.5,-14.0,-11.5,MIA,0.0,0.0,none,,False,1.45,0.0,0.5
2025,WAS,MIN,,-1.5,0.0,31.0,MIN,,14,1.5,31.0,-1.5,1.5,31.0,29.5,MIN,-3.0,3.0,away,0.0,False,0.4,1.2000000000000002,0.55222
2025,NO,TB,,-8.5,24.0,20.0,NO,,14,8.5,-4.0,7.5,7.5,-4.0,-12.5,NO,-1.0,1.0,away,1.0,False,0.82,0.82,0.537792
2025,PIT,BAL,,-6.5,27.0,22.0,PIT,,14,6.5,-5.0,5.5,5.5,-5.0,-11.5,PIT,-1.0,1.0,away,1.0,False,1.0,1.0,0.5451
2025,SEA,ATL,,7.5,37.0,9.0,SEA,,14,-7.5,-28.0,-7.0,7.0,-28.0,-20.5,SEA,0.5,0.5,home,0.0,False,1.35,0.675,0.5319050000000001
2025,IND,JAX,,1.5,19.0,36.0,JAX,,14,-1.5,17.0,-2.5,2.5,17.0,18.5,JAX,-1.0,1.0,away,0.0,False,1.45,1.45,0.56112
2025,CIN,BUF,,-6.5,34.0,39.0,CIN,,14,6.5,5.0,6.0,6.0,5.0,-1.5,CIN,-0.5,0.5,away,1.0,False,1.0,0.5,0.5248
2025,DEN,LV,,7.5,24.0,17.0,LV,,14,-7.5,-7.0,-8.5,8.5,-7.0,0.5,LV,-1.0,1.0,away,0.0,False,0.82,0.82,0.537792
2025,CHI,GB,,-6.5,21.0,28.0,GB,,14,6.5,7.0,6.5,6.5,7.0,0.5,GB,0.0,0.0,none,,False,1.35,0.0,0.5
2025,LA,ARI,,8.5,45.0,17.0,LA,,14,-8.5,-28.0,-9.5,9.5,-28.0,-19.5,LA,-1.0,1.0,away,1.0,False,0.82,0.82,0.537792
2025,HOU,KC,,-3.5,20.0,10.0,HOU,,14,3.5,-10.0,4.5,4.5,-10.0,-13.5,HOU,1.0,1.0,home,0.0,False,1.0,1.0,0.5451
2025,PHI,LAC,,2.5,19.0,22.0,LAC,,14,-2.5,3.0,-1.5,1.5,3.0,5.5,LAC,1.0,1.0,home,1.0,False,0.4,0.4,0.5198400000000001
2025,ATL,TB,,-4.5,29.0,28.0,ATL,Thurs 8:15,15,4.5,-1.0,6.0,6.0,-1.0,-5.5,ATL,1.5,1.5,home,0.0,False,1.0,1.5,0.5629
2025,CLE,CHI,,-7.5,3.0,31.0,CHI,Sun 1:00,15,7.5,28.0,7.5,7.5,28.0,20.5,CHI,0.0,0.0,none,,False,0.82,0.0,0.5
2025,BAL,CIN,,2.5,24.0,0.0,BAL,Sun 1:00,15,-2.5,-24.0,-2.5,2.5,-24.0,-21.5,BAL,0.0,0.0,none,,False,1.45,0.0,0.5
2025,NYJ,JAX,,-12.5,20.0,48.0,JAX,Sun 1:00,15,12.5,28.0,13.5,13.5,28.0,15.5,JAX,1.0,1.0,home,1.0,False,0.7,0.7,0.5329200000000001
2025,BUF,NE,,1.5,35.0,31.0,BUF,Sun 1:00,15,-1.5,-4.0,-2.5,2.5,-4.0,-2.5,BUF,-1.0,1.0,away,1.0,False,1.45,1.45,0.56112
2025,ARI,HOU,,-9.5,20.0,41.0,HOU,Sun 1:00,15,9.5,20.0,10.5,10.5,21.0,11.5,HOU,1.0,1.0,home,1.0,False,0.7,0.7,0.5329200000000001
2025,LV,PHI,,-11.5,0.0,31.0,PHI,Sun 1:00,15,11.5,31.0,12.5,12.5,31.0,19.5,PHI,1.0,1.0,home,1.0,False,0.7,0.7,0.5329200000000001
2025,LAC,KC,,-4.5,16.0,13.0,LAC,Sun 1:00,15,4.5,-3.0,5.5,5.5,-3.0,-7.5,LAC,1.0,1.0,home,0.0,False,1.0,1.0,0.5451
2025,WAS,NYG,,-2.5,29.0,21.0,WAS,Sun 1:00,15,2.5,-8.0,2.5,2.5,-8.0,-10.5,WAS,0.0,0.0,none,,False,1.45,0.0,0.5
2025,IND,SEA,,-13.5,16.0,18.0,IND,Sun 4:25,15,13.5,2.0,13.5,13.5,2.0,-11.5,IND,0.0,0.0,none,,False,0.7,0.0,0.5
2025,GB,DEN,,2.5,26.0,34.0,DEN,Sun 4:25,15,-2.5,8.0,-1.5,1.5,8.0,10.5,DEN,1.0,1.0,home,1.0,False,0.4,0.4,0.5198400000000001
2025,TEN,SF,,-12.5,24.0,37.0,SF,Sun 4:25,15,12.5,13.0,12.5,12.5,13.0,0.5,SF,0.0,0.0,none,,False,0.7,0.0,0.5
2025,DET,LA,,-5.5,34.0,41.0,LA,Sun 4:25,15,5.5,7.0,5.5,5.5,7.0,1.5,LA,0.0,0.0,none,,False,1.0,0.0,0.5
2025,CAR,NO,,2.5,17.0,20.0,NO,Sun 4:25,15,-2.5,3.0,-2.5,2.5,3.0,5.5,NO,0.0,0.0,none,,False,1.45,0.0,0.5
2025,MIN,DAL,,-5.5,34.0,26.0,MIN,Sunday Night,15,5.5,-8.0,5.5,5.5,-8.0,-13.5,MIN,0.0,0.0,none,,False,1.0,0.0,0.5
2025,MIA,PIT,,-2.5,15.0,28.0,PIT,Monday NIght,15,2.5,13.0,3.0,3.0,13.0,10.5,PIT,0.5,0.5,home,1.0,False,1.45,0.725,0.533935
2025,LA,SEA,,1.5,37.0,38.0,SEA,Thurs 8:15,16,-1.5,1.0,1.5,1.5,1.0,2.5,SEA,3.0,3.0,home,1.0,False,0.4,1.2000000000000002,0.55222
2025,PHI,WAS,,6.5,29.0,18.0,PHI,Saturday,16,-6.5,-11.0,-7.0,7.0,-11.0,-4.5,PHI,-0.5,0.5,away,1.0,False,1.35,0.675,0.5319050000000001
2025,GB,CHI,,1.5,16.0,22.0,CHI,Saturday,16,-1.5,6.0,1.5,1.5,6.0,7.5,CHI,3.0,3.0,home,1.0,False,0.4,1.2000000000000002,0.55222
2025,BUF,CLE,,9.5,23.0,20.0,CLE,Sun 1:00,16,-9.5,-3.0,-10.5,10.5,-3.0,6.5,CLE,-1.0,1.0,away,0.0,False,0.7,0.7,0.5329200000000001
2025,TB,CAR,,3.5,20.0,23.0,CAR,Sun 1:00,16,-3.5,3.0,-3.0,3.0,3.0,6.5,CAR,0.5,0.5,home,1.0,False,1.45,0.725,0.533935
2025,LAC,DAL,,-1.5,34.0,17.0,LAC,Sun 1:00,16,1.5,-17.0,1.5,1.5,-17.0,-18.5,LAC,0.0,0.0,none,,False,0.4,0.0,0.5
2025,KC,TEN,,3.5,9.0,26.0,TEN,Sun 1:00,16,-3.5,17.0,-3.5,3.5,17.0,20.5,TEN,0.0,0.0,none,,False,1.0,0.0,0.5
2025,MIN,NYG,,2.5,16.0,13.0,MIN,Sun 1:00,16,-2.5,-3.0,-2.5,2.5,-3.0,-0.5,MIN,0.0,0.0,none,,False,1.45,0.0,0.5
2025,NYJ,NO,,-4.5,6.0,29.0,NO,Sun 1:00,16,4.5,23.0,6.5,6.5,23.0,18.5,NO,2.0,2.0,home,1.0,False,1.35,2.7,0.60092
2025,CIN,MIA,,2.5,45.0,17.0,CIN,Sun 1:00,16,-2.5,-24.0,-3.5,3.5,-28.0,-25.5,CIN,-1.0,1.0,away,1.0,False,1.0,1.0,0.5451
2025,JAX,DEN,,-3.5,34.0,20.0,JAX,Sun 4:05,16,3.5,-14.0,3.5,3.5,-14.0,-17.5,JAX,0.0,0.0,none,,False,1.0,0.0,0.5
2025,ATL,ARI,,2.5,26.0,19.0,ATL,Sun 4:05,16,-2.5,-7.0,-2.5,2.5,-7.0,-4.5,ATL,0.0,0.0,none,,False,1.45,0.0,0.5
2025,PIT,DET,,-7.5,29.0,24.0,PIT,Sun 4:25,16,7.5,-5.0,7.5,7.5,-5.0,-12.5,PIT,0.0,0.0,none,,False,0.82,0.0,0.5
2025,LV,HOU,,-14.5,21.0,23.0,LV,Sun 4:25,16,14.5,2.0,14.5,14.5,2.0,-12.5,LV,0.0,0.0,none,,False,0.7,0.0,0.5
2025,NE,BAL,,-2.5,28.0,24.0,NE,Sunday Night,16,2.5,-4.0,3.5,3.5,-4.0,-6.5,NE,1.0,1.0,home,0.0,False,1.0,1.0,0.5451
2025,SF,IND,,6.5,48.0,27.0,SF,Monday NIght,16,-6.5,-21.0,-4.5,4.5,-21.0,-14.5,SF,2.0,2.0,home,0.0,False,1.0,2.0,0.5793
2025,DAL,WAS,,7.5,30.0,23.0,WAS,Thurs 1,17,-7.5,-7.0,-8.5,8.5,-7.0,0.5,WAS,-1.0,1.0,away,0.0,False,0.82,0.82,0.537792
2025,DET,MIN,,7.5,10.0,23.0,MIN,Thurs 4,17,-7.5,13.0,-7.0,7.0,13.0,20.5,MIN,0.5,0.5,home,1.0,False,1.35,0.675,0.5319050000000001
2025,DEN,KC,,13.5,20.0,13.0,KC,Thurs 8,17,-13.5,-7.0,-13.5,13.5,-7.0,6.5,KC,0.0,0.0,none,,False,0.7,0.0,0.5
2025,HOU,LAC,,-2.5,20.0,16.0,HOU,Saturday,17,2.5,-4.0,1.5,1.5,-4.0,-6.5,HOU,-1.0,1.0,away,1.0,False,0.4,0.4,0.5198400000000001
2025,BAL,GB,,-2.5,41.0,24.0,BAL,Saturday,17,2.5,-17.0,2.5,2.5,-17.0,-19.5,BAL,0.0,0.0,none,,False,1.45,0.0,0.5
2025,PIT,CLE,,3.5,6.0,13.0,CLE,Sun 1:00,17,-3.5,7.0,-4.5,4.5,7.0,10.5,CLE,-1.0,1.0,away,0.0,False,1.0,1.0,0.5451
2025,ARI,CIN,,-6.5,14.0,33.0,CIN,Sun 1:00,17,6.5,23.0,7.0,7.0,19.0,12.5,CIN,0.5,0.5,home,1.0,False,1.35,0.675,0.5319050000000001
2025,SEA,CAR,,6.5,27.0,10.0,SEA,Sun 1:00,17,-6.5,-17.0,-6.5,6.5,-17.0,-10.5,SEA,0.0,0.0,none,,False,1.35,0.0,0.5
2025,NE,NYJ,,13.5,42.0,10.0,NE,Sun 1:00,17,-13.5,-32.0,-12.5,12.5,-32.0,-18.5,NE,1.0,1.0,home,0.0,False,0.7,0.7,0.5329200000000001
2025,TB,MIA,,5.5,17.0,20.0,MIA,Sun 1:00,17,-5.5,3.0,-5.5,5.5,3.0,8.5,MIA,0.0,0.0,none,,False,1.0,0.0,0.5
2025,JAX,IND,,6.5,23.0,17.0,IND,Sun 1:00,17,-6.5,-6.0,-3.5,3.5,-6.0,0.5,IND,3.0,3.0,home,1.0,False,1.0,3.0,0.6101
2025,NO,TEN,,2.5,34.0,26.0,NO,Sun 1:00,17,-2.5,-8.0,-1.5,1.5,-8.0,-5.5,NO,1.0,1.0,home,0.0,False,0.4,0.4,0.5198400000000001
2025,NYG,LV,,-1.5,34.0,10.0,NYG,Sun 4:05,17,1.5,-24.0,-3.0,3.0,-24.0,-25.5,NYG,-4.5,4.5,away,1.0,False,1.45,6.5249999999999995,0.6101
2025,PHI,BUF,,-1.5,13.0,12.0,PHI,Sun 4:25,17,1.5,-1.0,3.0,3.0,-1.0,-2.5,PHI,1.5,1.5,home,0.0,False,1.45,2.175,0.584725
2025,CHI,SF,,-3.5,38.0,42.0,SF,Sunday Night,17,3.5,4.0,3.5,3.5,4.0,0.5,SF,0.0,0.0,none,,False,1.0,0.0,0.5
2025,LA,ATL,,7.5,24.0,27.0,ATL,Monday NIght,17,-7.5,3.0,-7.5,7.5,3.0,10.5,ATL,0.0,0.0,none,,False,0.82,0.0,0.5
2025,CAR,TB,,-2.5,14.0,16.0,CAR,Saturday 4,18,2.5,2.0,3.0,3.0,2.0,-0.5,CAR,0.5,0.5,home,0.0,False,1.45,0.725,0.533935
2025,SEA,SF,,1.5,13.0,3.0,SEA,Saturday 8,18,-1.5,-10.0,-2.5,2.5,-10.0,-8.5,SEA,-1.0,1.0,away,1.0,False,1.45,1.45,0.56112
2025,CLE,CIN,,-7.5,20.0,18.0,CLE,Sun 1:00,18,7.5,-2.0,9.5,9.5,-2.0,-9.5,CLE,2.0,2.0,home,0.0,False,0.82,1.64,0.567492
2025,TEN,JAX,,-12.5,7.0,41.0,JAX,Sun 1:00,18,12.5,34.0,12.5,12.5,34.0,21.5,JAX,0.0,0.0,none,,False,0.7,0.0,0.5
2025,IND,HOU,,-10.5,38.0,30.0,IND,Sun 1:00,18,10.5,8.0,9.5,9.5,-8.0,-18.5,IND,-1.0,1.0,away,1.0,False,0.82,0.82,0.537792
2025,DAL,NYG,,3.5,17.0,34.0,NYG,Sun 1:00,18,-3.5,17.0,-3.0,3.0,17.0,20.5,NYG,0.5,0.5,home,1.0,False,1.45,0.725,0.533935
2025,GB,MIN,,-6.5,3.0,16.0,MIN,Sun 1:00,18,6.5,13.0,12.5,12.5,13.0,6.5,MIN,6.0,6.0,home,1.0,False,0.7,4.199999999999999,0.6101
2025,NO,ATL,,-3.5,17.0,19.0,NO,Sun 1:00,18,3.5,2.0,4.5,4.5,2.0,-1.5,NO,1.0,1.0,home,0.0,False,1.0,1.0,0.5451
2025,NYJ,BUF,,-7.5,8.0,35.0,BUF,Sun 4:25,18,7.5,27.0,12.5,12.5,27.0,19.5,BUF,5.0,5.0,home,1.0,False,0.7,3.5,0.6101
2025,MIA,NE,,-10.5,10.0,38.0,NE,Sun 4:25,18,10.5,28.0,14.0,14.0,28.0,17.5,NE,3.5,3.5,home,1.0,False,0.7,2.4499999999999997,0.5932499999999999
2025,LAC,DEN,,-12.5,3.0,19.0,DEN,Sun 4:25,18,12.5,16.0,14.5,14.5,16.0,3.5,DEN,2.0,2.0,home,1.0,False,0.7,1.4,0.55934
2025,WAS,PHI,,-7.5,24.0,17.0,WAS,Sun 4:25,18,7.5,-7.0,3.0,3.0,-7.0,-14.5,WAS,-4.5,4.5,away,1.0,False,1.45,6.5249999999999995,0.6101
2025,DET,CHI,,-3.5,19.0,16.0,DET,Sun 4:25,18,3.5,-3.0,3.5,3.5,-3.0,-6.5,DET,0.0,0.0,none,,False,1.0,0.0,0.5
2025,KC,LV,,5.5,12.0,14.0,LV,Sun 4:25,18,-5.5,2.0,-3.5,3.5,2.0,7.5,LV,2.0,2.0,home,1.0,False,1.0,2.0,0.5793
2025,ARI,LA,,-7.5,20.0,37.0,LA,Sun 4:25,18,7.5,17.0,14.5,14.5,17.0,9.5,LA,7.0,7.0,home,1.0,False,0.7,4.8999999999999995,0.6101
2025,BAL,PIT,,3.5,24.0,26.0,PIT,Sunday Night,18,-3.5,2.0,-4.5,4.5,2.0,5.5,PIT,-1.0,1.0,away,0.0,False,1.0,1.0,0.5451
