week,away,home,my_line,mkt_line
1,NE,SEA,-2.5,-3.0
1,SF,LAR,-3.5,-3.5
1,CHI,CAR,3.5,3.0
1,TB,CIN,-3.5,-3.5
1,NO,DET,-6.5,-7.0
1,BUF,HOU,1.5,1.5
1,BAL,IND,3.5,3.0
1,CLE,JAX,-8.5,-8.5
1,ATL,PIT,-6.5,-6.5
1,NYJ,TEN,-1.5,-1.5
1,ARI,LAC,-8.5,-8.5
1,MIA,LV,-3.5,-3.0
1,GB,MIN,-1.5,-1.5
1,WAS,PHI,-6.5,-6.0
1,DAL,NYG,3.5,3.0
1,DEN,KC,-2.5,-2.5
2,DET,BUF,-5.5,-5.5
2,CAR,ATL,2.5,2.5
2,NO,BAL,-7.5,-8.5
2,MIN,CHI,-5.5,-4.5
2,CIN,HOU,-2.5,-3.0
2,PIT,NE,-5.5,-4.5
2,GB,NYJ,4.5,3.5
2,CLE,TB,-8.5,-8.5
2,PHI,TEN,7.5,7.0
2,JAX,DEN,-2.5,-2.5
2,LV,LAC,-6.5,-6.5
2,SEA,ARI,3.5,3.5
2,WAS,DAL,-4.5,-3.5
2,MIA,SF,-13.5,-12.5
2,IND,KC,-6.5,-6.0
2,NYG,LAR,-7.5,-6.5
3,KC,MIA,11.5,10.5
3,BAL,DAL,2.5,3.5
3,CIN,PIT,3.5,3.5
3,TEN,NYG,-3.5,-2.5
3,LAR,DEN,2.5,2.5
3,SEA,WAS,7.5,7.5
3,HOU,IND,2.5,1.5
3,CAR,CLE,2.5,2.5
3,NE,JAX,-3.5,-3.0
3,ARI,SF,-8.5,-8.5
3,LV,NO,-3.5,-3.0
3,NYJ,DET,-6.5,-6.5
3,LAC,BUF,-7.5,-7.0
3,MIN,TB,1.5,1.5
