fetched_at,season,week,gameday,away,home,kind,team,strike,yes_bid,yes_ask,last,volume,open_interest,ticker,close_time
2026-10-03T01:34:36Z,2026,4,2026-10-05,ATL,NO,win,NO,,0.55,0.56,0.56,62953.6,58290.24,KXNFLGAME-26OCT05ATLNO-NO,2026-10-08T00:15:00Z
2026-10-03T01:34:36Z,2026,4,2026-10-05,ATL,NO,win,ATL,,0.44,0.46,0.46,113958.52,97583.68,KXNFLGAME-26OCT05ATLNO-ATL,2026-10-08T00:15:00Z
2026-10-03T01:34:36Z,2026,4,2026-10-04,DET,CAR,win,DET,,0.64,0.65,0.65,49820.61,45190.41,KXNFLGAME-26OCT04DETCAR-DET,2026-10-07T00:20:00Z
2026-10-03T01:34:36Z,2026,4,2026-10-04,DET,CAR,win,CAR,,0.35,0.36,0.36,47228.28,38846.57,KXNFLGAME-26OCT04DETCAR-CAR,2026-10-07T00:20:00Z
2026-10-03T01:34:36Z,2026,4,2026-10-04,DEN,SF,win,SF,,0.56,0.57,0.57,342132.14,311771.54,KXNFLGAME-26OCT04DENSF-SF,2026-10-06T20:25:00Z
2026-10-03T01:34:36Z,2026,4,2026-10-04,DEN,SF,win,DEN,,0.43,0.44,0.44,229847.39,204087.82,KXNFLGAME-26OCT04DENSF-DEN,2026-10-06T20:25:00Z
2026-10-03T01:34:36Z,2026,4,2026-10-04,LAC,SEA,win,SEA,,0.75,0.76,0.75,60557.5,53188.93,KXNFLGAME-26OCT04LACSEA-SEA,2026-10-06T20:25:00Z
2026-10-03T01:34:36Z,2026,4,2026-10-04,LAC,SEA,win,LAC,,0.24,0.25,0.25,101842.45,97180.91,KXNFLGAME-26OCT04LACSEA-LAC,2026-10-06T20:25:00Z
2026-10-03T01:34:36Z,2026,4,2026-10-04,KC,LV,win,LV,,0.34,0.35,0.35,1340063.75,1145670.21,KXNFLGAME-26OCT04KCLV-LV,2026-10-06T20:25:00Z
2026-10-03T01:34:36Z,2026,4,2026-10-04,KC,LV,win,KC,,0.65,0.66,0.66,569694.31,428669.96,KXNFLGAME-26OCT04KCLV-KC,2026-10-06T20:25:00Z
2026-10-03T01:34:36Z,2026,4,2026-10-04,MIA,MIN,win,MIN,,0.83,0.84,0.84,112202.45,97436.03,KXNFLGAME-26OCT04MIAMIN-MIN,2026-10-06T20:05:00Z
2026-10-03T01:34:36Z,2026,4,2026-10-04,MIA,MIN,win,MIA,,0.16,0.17,0.17,199035.13,186086.61,KXNFLGAME-26OCT04MIAMIN-MIA,2026-10-06T20:05:00Z
2026-10-03T01:34:36Z,2026,4,2026-10-04,JAX,CIN,win,JAX,,0.42,0.43,0.43,139783.5,129366.2,KXNFLGAME-26OCT04JACCIN-JAC,2026-10-06T17:00:00Z
2026-10-03T01:34:36Z,2026,4,2026-10-04,JAX,CIN,win,CIN,,0.57,0.58,0.57,72582.67,63942.76,KXNFLGAME-26OCT04JACCIN-CIN,2026-10-06T17:00:00Z
2026-10-03T01:34:36Z,2026,4,2026-10-04,TEN,BAL,win,TEN,,0.14,0.15,0.15,245405.11,214386.78,KXNFLGAME-26OCT04TENBAL-TEN,2026-10-06T17:00:00Z
2026-10-03T01:34:36Z,2026,4,2026-10-04,TEN,BAL,win,BAL,,0.84,0.85,0.85,241608.35,190940.63,KXNFLGAME-26OCT04TENBAL-BAL,2026-10-06T17:00:00Z
2026-10-03T01:34:36Z,2026,4,2026-10-04,GB,TB,win,TB,,0.37,0.38,0.38,127193.5,101086.41,KXNFLGAME-26OCT04GBTB-TB,2026-10-06T17:00:00Z
2026-10-03T01:34:36Z,2026,4,2026-10-04,GB,TB,win,GB,,0.62,0.63,0.63,155644.55,132806.54,KXNFLGAME-26OCT04GBTB-GB,2026-10-06T17:00:00Z
2026-10-03T01:34:36Z,2026,4,2026-10-04,LAR,PHI,win,PHI,,0.36,0.37,0.37,206380.58,163921.58,KXNFLGAME-26OCT04LARPHI-PHI,2026-10-06T17:00:00Z
2026-10-03T01:34:36Z,2026,4,2026-10-04,LAR,PHI,win,LAR,,0.63,0.64,0.64,298684.43,275509.72,KXNFLGAME-26OCT04LARPHI-LAR,2026-10-06T17:00:00Z
2026-10-03T01:34:36Z,2026,4,2026-10-04,DAL,HOU,win,HOU,,0.59,0.6,0.6,135230.62,115444.57,KXNFLGAME-26OCT04DALHOU-HOU,2026-10-06T17:00:00Z
2026-10-03T01:34:36Z,2026,4,2026-10-04,DAL,HOU,win,DAL,,0.41,0.42,0.42,789583.2,725367.53,KXNFLGAME-26OCT04DALHOU-DAL,2026-10-06T17:00:00Z
2026-10-03T01:34:36Z,2026,4,2026-10-04,NYJ,CHI,win,NYJ,,0.37,0.38,0.38,50482.45,42607.12,KXNFLGAME-26OCT04NYJCHI-NYJ,2026-10-06T17:00:00Z
2026-10-03T01:34:36Z,2026,4,2026-10-04,NYJ,CHI,win,CHI,,0.62,0.63,0.63,97776.58,89888.73,KXNFLGAME-26OCT04NYJCHI-CHI,2026-10-06T17:00:00Z
2026-10-03T01:34:36Z,2026,4,2026-10-04,NE,BUF,win,NE,,0.25,0.26,0.26,174003.04,143824.33,KXNFLGAME-26OCT04NEBUF-NE,2026-10-06T17:00:00Z
2026-10-03T01:34:36Z,2026,4,2026-10-04,NE,BUF,win,BUF,,0.74,0.75,0.75,500567.76,468524.43,KXNFLGAME-26OCT04NEBUF-BUF,2026-10-06T17:00:00Z
2026-10-03T01:34:36Z,2026,4,2026-10-04,ARI,NYG,win,NYG,,0.43,0.44,0.44,92074.21,85148.77,KXNFLGAME-26OCT04ARINYG-NYG,2026-10-06T17:00:00Z
2026-10-03T01:34:36Z,2026,4,2026-10-04,ARI,NYG,win,ARI,,0.56,0.57,0.57,151283.46,94000.66,KXNFLGAME-26OCT04ARINYG-ARI,2026-10-06T17:00:00Z
2026-10-03T01:34:36Z,2026,4,2026-10-04,IND,WAS,win,WAS,,0.34,0.35,0.34,285433.78,244307.58,KXNFLGAME-26OCT04INDWAS-WAS,2026-10-06T13:30:00Z
2026-10-03T01:34:36Z,2026,4,2026-10-04,IND,WAS,win,IND,,0.65,0.66,0.66,115334.75,99945.04,KXNFLGAME-26OCT04INDWAS-IND,2026-10-06T13:30:00Z
2026-10-03T01:34:36Z,2026,4,2026-10-05,ATL,NO,spread,NO,7.5,0.27,0.28,0.28,288.54,288.54,KXNFLSPREAD-26OCT05ATLNO-NO8,2026-10-08T00:15:00Z
2026-10-03T01:34:36Z,2026,4,2026-10-05,ATL,NO,spread,NO,6.5,0.32,0.33,0.34,160.61,160.61,KXNFLSPREAD-26OCT05ATLNO-NO7,2026-10-08T00:15:00Z
2026-10-03T01:34:36Z,2026,4,2026-10-05,ATL,NO,spread,NO,5.5,0.36,0.37,0.36,510.03,497.42,KXNFLSPREAD-26OCT05ATLNO-NO6,2026-10-08T00:15:00Z
2026-10-03T01:34:36Z,2026,4,2026-10-05,ATL,NO,spread,NO,4.5,0.37,0.38,0.39,95.97,75.97,KXNFLSPREAD-26OCT05ATLNO-NO5,2026-10-08T00:15:00Z
2026-10-03T01:34:36Z,2026,4,2026-10-05,ATL,NO,spread,NO,3.5,0.39,0.4,0.41,3718.96,3465.12,KXNFLSPREAD-26OCT05ATLNO-NO4,2026-10-08T00:15:00Z
2026-10-03T01:34:36Z,2026,4,2026-10-05,ATL,NO,spread,NO,2.5,0.5,0.51,0.51,20324.2,18109.01,KXNFLSPREAD-26OCT05ATLNO-NO3,2026-10-08T00:15:00Z
2026-10-03T01:34:36Z,2026,4,2026-10-05,ATL,NO,spread,NO,20.5,0.07,0.09,0.0,0.0,0.0,KXNFLSPREAD-26OCT05ATLNO-NO21,2026-10-08T00:15:00Z
2026-10-03T01:34:36Z,2026,4,2026-10-05,ATL,NO,spread,NO,1.5,0.51,0.53,0.52,104.01,104.01,KXNFLSPREAD-26OCT05ATLNO-NO2,2026-10-08T00:15:00Z
2026-10-03T01:34:36Z,2026,4,2026-10-05,ATL,NO,spread,NO,17.5,0.1,0.12,0.0,0.0,0.0,KXNFLSPREAD-26OCT05ATLNO-NO18,2026-10-08T00:15:00Z
2026-10-03T01:34:36Z,2026,4,2026-10-05,ATL,NO,spread,NO,16.5,0.12,0.14,0.0,0.0,0.0,KXNFLSPREAD-26OCT05ATLNO-NO17,2026-10-08T00:15:00Z
2026-10-03T01:34:36Z,2026,4,2026-10-05,ATL,NO,spread,NO,14.5,0.14,0.16,0.0,0.0,0.0,KXNFLSPREAD-26OCT05ATLNO-NO15,2026-10-08T00:15:00Z
2026-10-03T01:34:36Z,2026,4,2026-10-05,ATL,NO,spread,NO,13.5,0.17,0.18,0.18,118.71,118.71,KXNFLSPREAD-26OCT05ATLNO-NO14,2026-10-08T00:15:00Z
2026-10-03T01:34:36Z,2026,4,2026-10-05,ATL,NO,spread,NO,10.5,0.22,0.23,0.0,0.0,0.0,KXNFLSPREAD-26OCT05ATLNO-NO11,2026-10-08T00:15:00Z
2026-10-03T01:34:36Z,2026,4,2026-10-05,ATL,NO,spread,NO,9.5,0.23,0.25,0.25,214.23,189.23,KXNFLSPREAD-26OCT05ATLNO-NO10,2026-10-08T00:15:00Z
2026-10-03T01:34:36Z,2026,4,2026-10-05,ATL,NO,spread,ATL,7.5,0.19,0.2,0.18,203.6,155.6,KXNFLSPREAD-26OCT05ATLNO-ATL8,2026-10-08T00:15:00Z
2026-10-03T01:34:36Z,2026,4,2026-10-05,ATL,NO,spread,ATL,6.5,0.23,0.24,0.23,520.22,495.22,KXNFLSPREAD-26OCT05ATLNO-ATL7,2026-10-08T00:15:00Z
2026-10-03T01:34:36Z,2026,4,2026-10-05,ATL,NO,spread,ATL,5.5,0.26,0.27,0.27,191.16,191.16,KXNFLSPREAD-26OCT05ATLNO-ATL6,2026-10-08T00:15:00Z
2026-10-03T01:34:36Z,2026,4,2026-10-05,ATL,NO,spread,ATL,4.5,0.28,0.29,0.27,49.54,49.54,KXNFLSPREAD-26OCT05ATLNO-ATL5,2026-10-08T00:15:00Z
2026-10-03T01:34:36Z,2026,4,2026-10-05,ATL,NO,spread,ATL,3.5,0.31,0.32,0.0,0.0,0.0,KXNFLSPREAD-26OCT05ATLNO-ATL4,2026-10-08T00:15:00Z
2026-10-03T01:34:36Z,2026,4,2026-10-05,ATL,NO,spread,ATL,2.5,0.39,0.4,0.4,652.19,652.19,KXNFLSPREAD-26OCT05ATLNO-ATL3,2026-10-08T00:15:00Z
2026-10-03T01:34:36Z,2026,4,2026-10-05,ATL,NO,spread,ATL,1.5,0.42,0.43,0.42,69.57,69.57,KXNFLSPREAD-26OCT05ATLNO-ATL2,2026-10-08T00:15:00Z
2026-10-03T01:34:36Z,2026,4,2026-10-05,ATL,NO,spread,ATL,14.5,0.08,0.1,0.0,0.0,0.0,KXNFLSPREAD-26OCT05ATLNO-ATL15,2026-10-08T00:15:00Z
2026-10-03T01:34:36Z,2026,4,2026-10-05,ATL,NO,spread,ATL,13.5,0.11,0.13,0.12,398.57,398.57,KXNFLSPREAD-26OCT05ATLNO-ATL14,2026-10-08T00:15:00Z
2026-10-03T01:34:36Z,2026,4,2026-10-05,ATL,NO,spread,ATL,10.5,0.14,0.15,0.0,0.0,0.0,KXNFLSPREAD-26OCT05ATLNO-ATL11,2026-10-08T00:15:00Z
2026-10-03T01:34:36Z,2026,4,2026-10-05,ATL,NO,spread,ATL,9.5,0.16,0.17,0.16,7.0,7.0,KXNFLSPREAD-26OCT05ATLNO-ATL10,2026-10-08T00:15:00Z
2026-10-03T01:34:36Z,2026,4,2026-10-04,DEN,SF,spread,SF,7.5,0.28,0.29,0.29,7210.52,7027.03,KXNFLSPREAD-26OCT04DENSF-SF8,2026-10-06T20:25:00Z
2026-10-03T01:34:36Z,2026,4,2026-10-04,DEN,SF,spread,SF,6.5,0.34,0.35,0.35,9505.63,7622.82,KXNFLSPREAD-26OCT04DENSF-SF7,2026-10-06T20:25:00Z
2026-10-03T01:34:36Z,2026,4,2026-10-04,DEN,SF,spread,SF,5.5,0.37,0.38,0.38,1634.12,1348.01,KXNFLSPREAD-26OCT04DENSF-SF6,2026-10-06T20:25:00Z
2026-10-03T01:34:36Z,2026,4,2026-10-04,DEN,SF,spread,SF,4.5,0.39,0.4,0.39,28068.31,26983.31,KXNFLSPREAD-26OCT04DENSF-SF5,2026-10-06T20:25:00Z
2026-10-03T01:34:36Z,2026,4,2026-10-04,DEN,SF,spread,SF,3.5,0.42,0.43,0.42,82414.19,80956.53,KXNFLSPREAD-26OCT04DENSF-SF4,2026-10-06T20:25:00Z
2026-10-03T01:34:36Z,2026,4,2026-10-04,DEN,SF,spread,SF,2.5,0.51,0.52,0.51,165639.49,155160.81,KXNFLSPREAD-26OCT04DENSF-SF3,2026-10-06T20:25:00Z
2026-10-03T01:34:36Z,2026,4,2026-10-04,DEN,SF,spread,SF,20.5,0.08,0.09,0.09,146.93,136.93,KXNFLSPREAD-26OCT04DENSF-SF21,2026-10-06T20:25:00Z
2026-10-03T01:34:36Z,2026,4,2026-10-04,DEN,SF,spread,SF,1.5,0.53,0.54,0.54,1028.77,939.27,KXNFLSPREAD-26OCT04DENSF-SF2,2026-10-06T20:25:00Z
2026-10-03T01:34:36Z,2026,4,2026-10-04,DEN,SF,spread,SF,17.5,0.11,0.12,0.12,584.49,584.49,KXNFLSPREAD-26OCT04DENSF-SF18,2026-10-06T20:25:00Z
2026-10-03T01:34:36Z,2026,4,2026-10-04,DEN,SF,spread,SF,16.5,0.12,0.14,0.12,73.0,13.0,KXNFLSPREAD-26OCT04DENSF-SF17,2026-10-06T20:25:00Z
2026-10-03T01:34:36Z,2026,4,2026-10-04,DEN,SF,spread,SF,14.5,0.14,0.16,0.15,1999.71,1442.0,KXNFLSPREAD-26OCT04DENSF-SF15,2026-10-06T20:25:00Z
2026-10-03T01:34:36Z,2026,4,2026-10-04,DEN,SF,spread,SF,13.5,0.17,0.18,0.18,2109.74,1748.06,KXNFLSPREAD-26OCT04DENSF-SF14,2026-10-06T20:25:00Z
2026-10-03T01:34:36Z,2026,4,2026-10-04,DEN,SF,spread,SF,10.5,0.21,0.22,0.22,9652.69,8848.41,KXNFLSPREAD-26OCT04DENSF-SF11,2026-10-06T20:25:00Z
2026-10-03T01:34:36Z,2026,4,2026-10-04,DEN,SF,spread,SF,9.5,0.24,0.25,0.25,8785.14,8387.34,KXNFLSPREAD-26OCT04DENSF-SF10,2026-10-06T20:25:00Z
2026-10-03T01:34:36Z,2026,4,2026-10-04,DEN,SF,spread,DEN,7.5,0.17,0.18,0.18,1255.71,1049.71,KXNFLSPREAD-26OCT04DENSF-DEN8,2026-10-06T20:25:00Z
2026-10-03T01:34:36Z,2026,4,2026-10-04,DEN,SF,spread,DEN,6.5,0.21,0.22,0.22,2037.34,1938.72,KXNFLSPREAD-26OCT04DENSF-DEN7,2026-10-06T20:25:00Z
2026-10-03T01:34:36Z,2026,4,2026-10-04,DEN,SF,spread,DEN,5.5,0.24,0.25,0.25,2594.93,2518.28,KXNFLSPREAD-26OCT04DENSF-DEN6,2026-10-06T20:25:00Z
2026-10-03T01:34:36Z,2026,4,2026-10-04,DEN,SF,spread,DEN,4.5,0.25,0.26,0.26,7732.72,2938.52,KXNFLSPREAD-26OCT04DENSF-DEN5,2026-10-06T20:25:00Z
2026-10-03T01:34:36Z,2026,4,2026-10-04,DEN,SF,spread,DEN,3.5,0.3,0.31,0.31,3797.01,3795.01,KXNFLSPREAD-26OCT04DENSF-DEN4,2026-10-06T20:25:00Z
2026-10-03T01:34:36Z,2026,4,2026-10-04,DEN,SF,spread,DEN,2.5,0.36,0.37,0.38,1856.4,1533.36,KXNFLSPREAD-26OCT04DENSF-DEN3,2026-10-06T20:25:00Z
2026-10-03T01:34:36Z,2026,4,2026-10-04,DEN,SF,spread,DEN,1.5,0.39,0.4,0.41,2209.07,2070.07,KXNFLSPREAD-26OCT04DENSF-DEN2,2026-10-06T20:25:00Z
2026-10-03T01:34:36Z,2026,4,2026-10-04,DEN,SF,spread,DEN,14.5,0.08,0.09,0.08,115.8,105.18,KXNFLSPREAD-26OCT04DENSF-DEN15,2026-10-06T20:25:00Z
2026-10-03T01:34:36Z,2026,4,2026-10-04,DEN,SF,spread,DEN,13.5,0.09,0.11,0.09,51.0,51.0,KXNFLSPREAD-26OCT04DENSF-DEN14,2026-10-06T20:25:00Z
2026-10-03T01:34:36Z,2026,4,2026-10-04,DEN,SF,spread,DEN,10.5,0.13,0.14,0.14,113.05,106.05,KXNFLSPREAD-26OCT04DENSF-DEN11,2026-10-06T20:25:00Z
2026-10-03T01:34:36Z,2026,4,2026-10-04,DEN,SF,spread,DEN,9.5,0.15,0.16,0.13,32.0,32.0,KXNFLSPREAD-26OCT04DENSF-DEN10,2026-10-06T20:25:00Z
2026-10-03T01:34:36Z,2026,4,2026-10-04,DET,CAR,spread,DET,7.5,0.36,0.37,0.37,2350.49,2319.82,KXNFLSPREAD-26OCT04DETCAR-DET8,2026-10-07T00:20:00Z
2026-10-03T01:34:36Z,2026,4,2026-10-04,DET,CAR,spread,DET,6.5,0.41,0.42,0.42,2257.09,2251.09,KXNFLSPREAD-26OCT04DETCAR-DET7,2026-10-07T00:20:00Z
2026-10-03T01:34:36Z,2026,4,2026-10-04,DET,CAR,spread,DET,5.5,0.45,0.46,0.46,1044.28,1001.62,KXNFLSPREAD-26OCT04DETCAR-DET6,2026-10-07T00:20:00Z
2026-10-03T01:34:36Z,2026,4,2026-10-04,DET,CAR,spread,DET,4.5,0.47,0.48,0.47,2453.22,2208.12,KXNFLSPREAD-26OCT04DETCAR-DET5,2026-10-07T00:20:00Z
2026-10-03T01:34:36Z,2026,4,2026-10-04,DET,CAR,spread,DET,3.5,0.51,0.52,0.5,34116.04,27964.37,KXNFLSPREAD-26OCT04DETCAR-DET4,2026-10-07T00:20:00Z
2026-10-03T01:34:36Z,2026,4,2026-10-04,DET,CAR,spread,DET,2.5,0.59,0.6,0.61,9523.58,8176.45,KXNFLSPREAD-26OCT04DETCAR-DET3,2026-10-07T00:20:00Z
2026-10-03T01:34:36Z,2026,4,2026-10-04,DET,CAR,spread,DET,20.5,0.11,0.12,0.12,49.24,49.24,KXNFLSPREAD-26OCT04DETCAR-DET21,2026-10-07T00:20:00Z
2026-10-03T01:34:36Z,2026,4,2026-10-04,DET,CAR,spread,DET,1.5,0.61,0.63,0.61,185.67,185.67,KXNFLSPREAD-26OCT04DETCAR-DET2,2026-10-07T00:20:00Z
2026-10-03T01:34:36Z,2026,4,2026-10-04,DET,CAR,spread,DET,17.5,0.15,0.16,0.11,1.0,1.0,KXNFLSPREAD-26OCT04DETCAR-DET18,2026-10-07T00:20:00Z
2026-10-03T01:34:36Z,2026,4,2026-10-04,DET,CAR,spread,DET,16.5,0.17,0.18,0.18,7010.73,5560.73,KXNFLSPREAD-26OCT04DETCAR-DET17,2026-10-07T00:20:00Z
2026-10-03T01:34:36Z,2026,4,2026-10-04,DET,CAR,spread,DET,14.5,0.19,0.2,0.2,2541.07,2500.61,KXNFLSPREAD-26OCT04DETCAR-DET15,2026-10-07T00:20:00Z
2026-10-03T01:34:36Z,2026,4,2026-10-04,DET,CAR,spread,DET,13.5,0.23,0.24,0.24,1150.01,1150.01,KXNFLSPREAD-26OCT04DETCAR-DET14,2026-10-07T00:20:00Z
2026-10-03T01:34:36Z,2026,4,2026-10-04,DET,CAR,spread,DET,10.5,0.28,0.29,0.29,452.04,452.04,KXNFLSPREAD-26OCT04DETCAR-DET11,2026-10-07T00:20:00Z
2026-10-03T01:34:36Z,2026,4,2026-10-04,DET,CAR,spread,DET,9.5,0.31,0.32,0.33,86.36,86.36,KXNFLSPREAD-26OCT04DETCAR-DET10,2026-10-07T00:20:00Z
2026-10-03T01:34:36Z,2026,4,2026-10-04,DET,CAR,spread,CAR,7.5,0.13,0.14,0.14,5266.11,3095.11,KXNFLSPREAD-26OCT04DETCAR-CAR8,2026-10-07T00:20:00Z
2026-10-03T01:34:36Z,2026,4,2026-10-04,DET,CAR,spread,CAR,6.5,0.18,0.19,0.19,7253.49,4608.73,KXNFLSPREAD-26OCT04DETCAR-CAR7,2026-10-07T00:20:00Z
2026-10-03T01:34:36Z,2026,4,2026-10-04,DET,CAR,spread,CAR,5.5,0.19,0.2,0.21,4485.58,4395.58,KXNFLSPREAD-26OCT04DETCAR-CAR6,2026-10-07T00:20:00Z
2026-10-03T01:34:36Z,2026,4,2026-10-04,DET,CAR,spread,CAR,4.5,0.21,0.22,0.23,886.0,736.0,KXNFLSPREAD-26OCT04DETCAR-CAR5,2026-10-07T00:20:00Z
2026-10-03T01:34:36Z,2026,4,2026-10-04,DET,CAR,spread,CAR,3.5,0.23,0.24,0.24,23758.83,23297.68,KXNFLSPREAD-26OCT04DETCAR-CAR4,2026-10-07T00:20:00Z
2026-10-03T01:34:36Z,2026,4,2026-10-04,DET,CAR,spread,CAR,2.5,0.3,0.31,0.32,458.12,458.12,KXNFLSPREAD-26OCT04DETCAR-CAR3,2026-10-07T00:20:00Z
2026-10-03T01:34:36Z,2026,4,2026-10-04,DET,CAR,spread,CAR,1.5,0.33,0.34,0.33,1516.18,1410.4,KXNFLSPREAD-26OCT04DETCAR-CAR2,2026-10-07T00:20:00Z
2026-10-03T01:34:36Z,2026,4,2026-10-04,DET,CAR,spread,CAR,14.5,0.06,0.07,0.07,365.0,365.0,KXNFLSPREAD-26OCT04DETCAR-CAR15,2026-10-07T00:20:00Z
2026-10-03T01:34:36Z,2026,4,2026-10-04,DET,CAR,spread,CAR,13.5,0.08,0.09,0.1,124.4,99.4,KXNFLSPREAD-26OCT04DETCAR-CAR14,2026-10-07T00:20:00Z
2026-10-03T01:34:36Z,2026,4,2026-10-04,DET,CAR,spread,CAR,10.5,0.1,0.12,0.1,2854.01,2854.01,KXNFLSPREAD-26OCT04DETCAR-CAR11,2026-10-07T00:20:00Z
2026-10-03T01:34:36Z,2026,4,2026-10-04,DET,CAR,spread,CAR,9.5,0.11,0.12,0.13,3096.16,2543.5,KXNFLSPREAD-26OCT04DETCAR-CAR10,2026-10-07T00:20:00Z
2026-10-03T01:34:36Z,2026,4,2026-10-04,KC,LV,spread,LV,7.5,0.13,0.14,0.14,896.17,857.26,KXNFLSPREAD-26OCT04KCLV-LV8,2026-10-06T20:25:00Z
2026-10-03T01:34:36Z,2026,4,2026-10-04,KC,LV,spread,LV,6.5,0.16,0.17,0.17,9504.11,9220.16,KXNFLSPREAD-26OCT04KCLV-LV7,2026-10-06T20:25:00Z
2026-10-03T01:34:36Z,2026,4,2026-10-04,KC,LV,spread,LV,5.5,0.18,0.2,0.2,2393.1,2318.1,KXNFLSPREAD-26OCT04KCLV-LV6,2026-10-06T20:25:00Z
2026-10-03T01:34:36Z,2026,4,2026-10-04,KC,LV,spread,LV,4.5,0.2,0.21,0.2,2096.83,1019.77,KXNFLSPREAD-26OCT04KCLV-LV5,2026-10-06T20:25:00Z
2026-10-03T01:34:36Z,2026,4,2026-10-04,KC,LV,spread,LV,3.5,0.22,0.23,0.23,7287.36,6192.67,KXNFLSPREAD-26OCT04KCLV-LV4,2026-10-06T20:25:00Z
2026-10-03T01:34:36Z,2026,4,2026-10-04,KC,LV,spread,LV,2.5,0.29,0.3,0.3,7747.94,7537.54,KXNFLSPREAD-26OCT04KCLV-LV3,2026-10-06T20:25:00Z
2026-10-03T01:34:36Z,2026,4,2026-10-04,KC,LV,spread,LV,1.5,0.3,0.31,0.31,2373.96,2097.97,KXNFLSPREAD-26OCT04KCLV-LV2,2026-10-06T20:25:00Z
2026-10-03T01:34:36Z,2026,4,2026-10-04,KC,LV,spread,LV,14.5,0.06,0.07,0.07,3459.4,2039.33,KXNFLSPREAD-26OCT04KCLV-LV15,2026-10-06T20:25:00Z
2026-10-03T01:34:36Z,2026,4,2026-10-04,KC,LV,spread,LV,13.5,0.07,0.08,0.08,1721.16,1425.92,KXNFLSPREAD-26OCT04KCLV-LV14,2026-10-06T20:25:00Z
2026-10-03T01:34:36Z,2026,4,2026-10-04,KC,LV,spread,LV,10.5,0.09,0.1,0.1,1098.11,1098.11,KXNFLSPREAD-26OCT04KCLV-LV11,2026-10-06T20:25:00Z
2026-10-03T01:34:36Z,2026,4,2026-10-04,KC,LV,spread,LV,9.5,0.1,0.11,0.11,968.11,923.11,KXNFLSPREAD-26OCT04KCLV-LV10,2026-10-06T20:25:00Z
2026-10-03T01:34:36Z,2026,4,2026-10-04,KC,LV,spread,KC,7.5,0.37,0.38,0.38,1659.33,1297.9,KXNFLSPREAD-26OCT04KCLV-KC8,2026-10-06T20:25:00Z
2026-10-03T01:34:36Z,2026,4,2026-10-04,KC,LV,spread,KC,6.5,0.42,0.43,0.43,18289.66,14440.86,KXNFLSPREAD-26OCT04KCLV-KC7,2026-10-06T20:25:00Z
2026-10-03T01:34:36Z,2026,4,2026-10-04,KC,LV,spread,KC,5.5,0.47,0.48,0.48,15066.3,13997.42,KXNFLSPREAD-26OCT04KCLV-KC6,2026-10-06T20:25:00Z
2026-10-03T01:34:36Z,2026,4,2026-10-04,KC,LV,spread,KC,4.5,0.49,0.5,0.5,84894.28,60515.04,KXNFLSPREAD-26OCT04KCLV-KC5,2026-10-06T20:25:00Z
2026-10-03T01:34:36Z,2026,4,2026-10-04,KC,LV,spread,KC,3.5,0.52,0.53,0.53,9041.36,8529.43,KXNFLSPREAD-26OCT04KCLV-KC4,2026-10-06T20:25:00Z
2026-10-03T01:34:36Z,2026,4,2026-10-04,KC,LV,spread,KC,2.5,0.61,0.62,0.62,3600.1,3545.31,KXNFLSPREAD-26OCT04KCLV-KC3,2026-10-06T20:25:00Z
2026-10-03T01:34:36Z,2026,4,2026-10-04,KC,LV,spread,KC,20.5,0.12,0.13,0.13,897.71,524.14,KXNFLSPREAD-26OCT04KCLV-KC21,2026-10-06T20:25:00Z
2026-10-03T01:34:36Z,2026,4,2026-10-04,KC,LV,spread,KC,1.5,0.63,0.64,0.63,2665.42,2540.42,KXNFLSPREAD-26OCT04KCLV-KC2,2026-10-06T20:25:00Z
2026-10-03T01:34:36Z,2026,4,2026-10-04,KC,LV,spread,KC,17.5,0.16,0.17,0.17,13099.78,9117.66,KXNFLSPREAD-26OCT04KCLV-KC18,2026-10-06T20:25:00Z
2026-10-03T01:34:36Z,2026,4,2026-10-04,KC,LV,spread,KC,16.5,0.17,0.18,0.18,449.58,436.83,KXNFLSPREAD-26OCT04KCLV-KC17,2026-10-06T20:25:00Z
2026-10-03T01:34:36Z,2026,4,2026-10-04,KC,LV,spread,KC,14.5,0.2,0.21,0.21,561.57,560.57,KXNFLSPREAD-26OCT04KCLV-KC15,2026-10-06T20:25:00Z
2026-10-03T01:34:36Z,2026,4,2026-10-04,KC,LV,spread,KC,13.5,0.24,0.25,0.25,9068.98,6528.64,KXNFLSPREAD-26OCT04KCLV-KC14,2026-10-06T20:25:00Z
2026-10-03T01:34:36Z,2026,4,2026-10-04,KC,LV,spread,KC,10.5,0.29,0.3,0.3,33588.97,18354.34,KXNFLSPREAD-26OCT04KCLV-KC11,2026-10-06T20:25:00Z
2026-10-03T01:34:36Z,2026,4,2026-10-04,KC,LV,spread,KC,9.5,0.33,0.34,0.34,13761.19,6675.26,KXNFLSPREAD-26OCT04KCLV-KC10,2026-10-06T20:25:00Z
2026-10-03T01:34:36Z,2026,4,2026-10-04,MIA,MIN,spread,MIN,7.5,0.57,0.58,0.57,8003.1,7732.17,KXNFLSPREAD-26OCT04MIAMIN-MIN8,2026-10-06T20:05:00Z
2026-10-03T01:34:36Z,2026,4,2026-10-04,MIA,MIN,spread,MIN,6.5,0.63,0.64,0.64,16066.72,15780.3,KXNFLSPREAD-26OCT04MIAMIN-MIN7,2026-10-06T20:05:00Z
2026-10-03T01:34:36Z,2026,4,2026-10-04,MIA,MIN,spread,MIN,5.5,0.68,0.69,0.68,10190.09,6983.06,KXNFLSPREAD-26OCT04MIAMIN-MIN6,2026-10-06T20:05:00Z
2026-10-03T01:34:36Z,2026,4,2026-10-04,MIA,MIN,spread,MIN,4.5,0.7,0.71,0.71,14037.13,13838.96,KXNFLSPREAD-26OCT04MIAMIN-MIN5,2026-10-06T20:05:00Z
2026-10-03T01:34:36Z,2026,4,2026-10-04,MIA,MIN,spread,MIN,3.5,0.73,0.74,0.74,109938.53,103099.27,KXNFLSPREAD-26OCT04MIAMIN-MIN4,2026-10-06T20:05:00Z
2026-10-03T01:34:36Z,2026,4,2026-10-04,MIA,MIN,spread,MIN,30.5,0.07,0.08,0.08,19212.37,19017.14,KXNFLSPREAD-26OCT04MIAMIN-MIN31,2026-10-06T20:05:00Z
2026-10-03T01:34:36Z,2026,4,2026-10-04,MIA,MIN,spread,MIN,2.5,0.79,0.8,0.8,2695.64,2195.64,KXNFLSPREAD-26OCT04MIAMIN-MIN3,2026-10-06T20:05:00Z
2026-10-03T01:34:36Z,2026,4,2026-10-04,MIA,MIN,spread,MIN,27.5,0.09,0.11,0.11,23784.04,22979.04,KXNFLSPREAD-26OCT04MIAMIN-MIN28,2026-10-06T20:05:00Z
2026-10-03T01:34:36Z,2026,4,2026-10-04,MIA,MIN,spread,MIN,23.5,0.14,0.16,0.17,67441.8,56137.06,KXNFLSPREAD-26OCT04MIAMIN-MIN24,2026-10-06T20:05:00Z
2026-10-03T01:34:36Z,2026,4,2026-10-04,MIA,MIN,spread,MIN,20.5,0.22,0.23,0.23,26872.13,10730.94,KXNFLSPREAD-26OCT04MIAMIN-MIN21,2026-10-06T20:05:00Z
2026-10-03T01:34:36Z,2026,4,2026-10-04,MIA,MIN,spread,MIN,1.5,0.81,0.82,0.81,395.64,174.0,KXNFLSPREAD-26OCT04MIAMIN-MIN2,2026-10-06T20:05:00Z
2026-10-03T01:34:36Z,2026,4,2026-10-04,MIA,MIN,spread,MIN,17.5,0.27,0.28,0.3,11747.84,7027.32,KXNFLSPREAD-26OCT04MIAMIN-MIN18,2026-10-06T20:05:00Z
2026-10-03T01:34:36Z,2026,4,2026-10-04,MIA,MIN,spread,MIN,16.5,0.32,0.33,0.34,7664.14,2724.55,KXNFLSPREAD-26OCT04MIAMIN-MIN17,2026-10-06T20:05:00Z
2026-10-03T01:34:36Z,2026,4,2026-10-04,MIA,MIN,spread,MIN,14.5,0.37,0.38,0.37,3063.48,2553.87,KXNFLSPREAD-26OCT04MIAMIN-MIN15,2026-10-06T20:05:00Z
2026-10-03T01:34:36Z,2026,4,2026-10-04,MIA,MIN,spread,MIN,13.5,0.41,0.42,0.41,8254.18,7251.82,KXNFLSPREAD-26OCT04MIAMIN-MIN14,2026-10-06T20:05:00Z
2026-10-03T01:34:36Z,2026,4,2026-10-04,MIA,MIN,spread,MIN,10.5,0.48,0.49,0.49,49951.97,46568.14,KXNFLSPREAD-26OCT04MIAMIN-MIN11,2026-10-06T20:05:00Z
2026-10-03T01:34:36Z,2026,4,2026-10-04,MIA,MIN,spread,MIN,9.5,0.52,0.53,0.53,14231.99,11174.77,KXNFLSPREAD-26OCT04MIAMIN-MIN10,2026-10-06T20:05:00Z
2026-10-03T01:34:36Z,2026,4,2026-10-04,MIA,MIN,spread,MIA,7.5,0.05,0.06,0.06,4158.35,4155.32,KXNFLSPREAD-26OCT04MIAMIN-MIA8,2026-10-06T20:05:00Z
2026-10-03T01:34:36Z,2026,4,2026-10-04,MIA,MIN,spread,MIA,6.5,0.07,0.08,0.08,3162.83,3162.83,KXNFLSPREAD-26OCT04MIAMIN-MIA7,2026-10-06T20:05:00Z
2026-10-03T01:34:36Z,2026,4,2026-10-04,MIA,MIN,spread,MIA,5.5,0.08,0.09,0.09,281.42,256.42,KXNFLSPREAD-26OCT04MIAMIN-MIA6,2026-10-06T20:05:00Z
2026-10-03T01:34:36Z,2026,4,2026-10-04,MIA,MIN,spread,MIA,4.5,0.09,0.1,0.0,0.0,0.0,KXNFLSPREAD-26OCT04MIAMIN-MIA5,2026-10-06T20:05:00Z
2026-10-03T01:34:36Z,2026,4,2026-10-04,MIA,MIN,spread,MIA,3.5,0.1,0.11,0.11,174.74,149.74,KXNFLSPREAD-26OCT04MIAMIN-MIA4,2026-10-06T20:05:00Z
2026-10-03T01:34:36Z,2026,4,2026-10-04,MIA,MIN,spread,MIA,2.5,0.14,0.15,0.15,94.85,94.85,KXNFLSPREAD-26OCT04MIAMIN-MIA3,2026-10-06T20:05:00Z
2026-10-03T01:34:36Z,2026,4,2026-10-04,MIA,MIN,spread,MIA,1.5,0.15,0.16,0.16,2887.3,2864.02,KXNFLSPREAD-26OCT04MIAMIN-MIA2,2026-10-06T20:05:00Z
2026-10-03T01:34:36Z,2026,4,2026-10-04,MIA,MIN,spread,MIA,10.5,0.04,0.05,0.04,215.63,190.63,KXNFLSPREAD-26OCT04MIAMIN-MIA11,2026-10-06T20:05:00Z
2026-10-03T01:34:36Z,2026,4,2026-10-04,MIA,MIN,spread,MIA,9.5,0.05,0.06,0.06,138.23,137.23,KXNFLSPREAD-26OCT04MIAMIN-MIA10,2026-10-06T20:05:00Z
2026-10-03T01:34:36Z,2026,4,2026-10-04,TEN,BAL,spread,TEN,7.5,0.04,0.05,0.05,1530.28,1501.9,KXNFLSPREAD-26OCT04TENBAL-TEN8,2026-10-06T17:00:00Z
2026-10-03T01:34:36Z,2026,4,2026-10-04,TEN,BAL,spread,TEN,6.5,0.06,0.07,0.05,18.63,18.63,KXNFLSPREAD-26OCT04TENBAL-TEN7,2026-10-06T17:00:00Z
2026-10-03T01:34:36Z,2026,4,2026-10-04,TEN,BAL,spread,TEN,5.5,0.07,0.08,0.0,0.0,0.0,KXNFLSPREAD-26OCT04TENBAL-TEN6,2026-10-06T17:00:00Z
2026-10-03T01:34:36Z,2026,4,2026-10-04,TEN,BAL,spread,TEN,4.5,0.08,0.09,0.08,3225.0,3109.0,KXNFLSPREAD-26OCT04TENBAL-TEN5,2026-10-06T17:00:00Z
2026-10-03T01:34:36Z,2026,4,2026-10-04,TEN,BAL,spread,TEN,3.5,0.09,0.1,0.11,109.21,109.21,KXNFLSPREAD-26OCT04TENBAL-TEN4,2026-10-06T17:00:00Z
2026-10-03T01:34:36Z,2026,4,2026-10-04,TEN,BAL,spread,TEN,2.5,0.11,0.12,0.11,149.08,149.08,KXNFLSPREAD-26OCT04TENBAL-TEN3,2026-10-06T17:00:00Z
2026-10-03T01:34:36Z,2026,4,2026-10-04,TEN,BAL,spread,TEN,1.5,0.13,0.14,0.14,4610.15,4485.45,KXNFLSPREAD-26OCT04TENBAL-TEN2,2026-10-06T17:00:00Z
2026-10-03T01:34:36Z,2026,4,2026-10-04,TEN,BAL,spread,TEN,10.5,0.02,0.03,0.03,262.93,259.19,KXNFLSPREAD-26OCT04TENBAL-TEN11,2026-10-06T17:00:00Z
2026-10-03T01:34:36Z,2026,4,2026-10-04,TEN,BAL,spread,TEN,9.5,0.02,0.04,0.04,544.97,353.26,KXNFLSPREAD-26OCT04TENBAL-TEN10,2026-10-06T17:00:00Z
2026-10-03T01:34:36Z,2026,4,2026-10-04,TEN,BAL,spread,BAL,7.5,0.61,0.62,0.62,3414.7,3390.34,KXNFLSPREAD-26OCT04TENBAL-BAL8,2026-10-06T17:00:00Z
2026-10-03T01:34:36Z,2026,4,2026-10-04,TEN,BAL,spread,BAL,6.5,0.67,0.68,0.68,14303.67,12410.46,KXNFLSPREAD-26OCT04TENBAL-BAL7,2026-10-06T17:00:00Z
2026-10-03T01:34:36Z,2026,4,2026-10-04,TEN,BAL,spread,BAL,5.5,0.69,0.7,0.7,6575.81,6337.44,KXNFLSPREAD-26OCT04TENBAL-BAL6,2026-10-06T17:00:00Z
2026-10-03T01:34:36Z,2026,4,2026-10-04,TEN,BAL,spread,BAL,4.5,0.72,0.73,0.73,2677.11,2482.97,KXNFLSPREAD-26OCT04TENBAL-BAL5,2026-10-06T17:00:00Z
2026-10-03T01:34:36Z,2026,4,2026-10-04,TEN,BAL,spread,BAL,3.5,0.74,0.75,0.75,2891.62,2891.62,KXNFLSPREAD-26OCT04TENBAL-BAL4,2026-10-06T17:00:00Z
2026-10-03T01:34:36Z,2026,4,2026-10-04,TEN,BAL,spread,BAL,30.5,0.08,0.09,0.08,408.83,355.46,KXNFLSPREAD-26OCT04TENBAL-BAL31,2026-10-06T17:00:00Z
2026-10-03T01:34:36Z,2026,4,2026-10-04,TEN,BAL,spread,BAL,2.5,0.81,0.82,0.81,21229.24,20942.05,KXNFLSPREAD-26OCT04TENBAL-BAL3,2026-10-06T17:00:00Z
2026-10-03T01:34:36Z,2026,4,2026-10-04,TEN,BAL,spread,BAL,27.5,0.12,0.13,0.13,514.02,411.02,KXNFLSPREAD-26OCT04TENBAL-BAL28,2026-10-06T17:00:00Z
2026-10-03T01:34:36Z,2026,4,2026-10-04,TEN,BAL,spread,BAL,23.5,0.19,0.2,0.2,2803.27,2297.15,KXNFLSPREAD-26OCT04TENBAL-BAL24,2026-10-06T17:00:00Z
2026-10-03T01:34:36Z,2026,4,2026-10-04,TEN,BAL,spread,BAL,20.5,0.25,0.26,0.26,9465.72,6184.03,KXNFLSPREAD-26OCT04TENBAL-BAL21,2026-10-06T17:00:00Z
2026-10-03T01:34:36Z,2026,4,2026-10-04,TEN,BAL,spread,BAL,1.5,0.83,0.84,0.84,6506.23,3907.53,KXNFLSPREAD-26OCT04TENBAL-BAL2,2026-10-06T17:00:00Z
2026-10-03T01:34:36Z,2026,4,2026-10-04,TEN,BAL,spread,BAL,17.5,0.31,0.32,0.32,18499.63,14662.59,KXNFLSPREAD-26OCT04TENBAL-BAL18,2026-10-06T17:00:00Z
2026-10-03T01:34:36Z,2026,4,2026-10-04,TEN,BAL,spread,BAL,16.5,0.36,0.37,0.37,22851.18,18004.29,KXNFLSPREAD-26OCT04TENBAL-BAL17,2026-10-06T17:00:00Z
2026-10-03T01:34:36Z,2026,4,2026-10-04,TEN,BAL,spread,BAL,14.5,0.39,0.4,0.39,574.85,356.73,KXNFLSPREAD-26OCT04TENBAL-BAL15,2026-10-06T17:00:00Z
2026-10-03T01:34:36Z,2026,4,2026-10-04,TEN,BAL,spread,BAL,13.5,0.44,0.45,0.45,2681.64,1890.98,KXNFLSPREAD-26OCT04TENBAL-BAL14,2026-10-06T17:00:00Z
2026-10-03T01:34:36Z,2026,4,2026-10-04,TEN,BAL,spread,BAL,11.5,0.49,0.5,0.5,32675.0,23427.12,KXNFLSPREAD-26OCT04TENBAL-BAL12,2026-10-06T17:00:00Z
2026-10-03T01:34:36Z,2026,4,2026-10-04,TEN,BAL,spread,BAL,10.5,0.52,0.53,0.52,3069.94,2607.82,KXNFLSPREAD-26OCT04TENBAL-BAL11,2026-10-06T17:00:00Z
2026-10-03T01:34:36Z,2026,4,2026-10-04,TEN,BAL,spread,BAL,9.5,0.57,0.58,0.58,3238.35,3020.46,KXNFLSPREAD-26OCT04TENBAL-BAL10,2026-10-06T17:00:00Z
2026-10-03T01:34:36Z,2026,4,2026-10-04,DAL,HOU,spread,HOU,7.5,0.3,0.31,0.3,956.16,956.16,KXNFLSPREAD-26OCT04DALHOU-HOU8,2026-10-06T17:00:00Z
2026-10-03T01:34:36Z,2026,4,2026-10-04,DAL,HOU,spread,HOU,6.5,0.35,0.37,0.36,3806.32,377.77,KXNFLSPREAD-26OCT04DALHOU-HOU7,2026-10-06T17:00:00Z
2026-10-03T01:34:36Z,2026,4,2026-10-04,DAL,HOU,spread,HOU,5.5,0.4,0.41,0.41,1584.39,1560.39,KXNFLSPREAD-26OCT04DALHOU-HOU6,2026-10-06T17:00:00Z
2026-10-03T01:34:36Z,2026,4,2026-10-04,DAL,HOU,spread,HOU,4.5,0.41,0.42,0.43,1832.41,1639.46,KXNFLSPREAD-26OCT04DALHOU-HOU5,2026-10-06T17:00:00Z
2026-10-03T01:34:36Z,2026,4,2026-10-04,DAL,HOU,spread,HOU,3.5,0.44,0.45,0.44,23066.66,22633.3,KXNFLSPREAD-26OCT04DALHOU-HOU4,2026-10-06T17:00:00Z
2026-10-03T01:34:36Z,2026,4,2026-10-04,DAL,HOU,spread,HOU,2.5,0.53,0.54,0.53,39861.32,27931.33,KXNFLSPREAD-26OCT04DALHOU-HOU3,2026-10-06T17:00:00Z
2026-10-03T01:34:36Z,2026,4,2026-10-04,DAL,HOU,spread,HOU,20.5,0.08,0.09,0.1,711.81,711.81,KXNFLSPREAD-26OCT04DALHOU-HOU21,2026-10-06T17:00:00Z
2026-10-03T01:34:36Z,2026,4,2026-10-04,DAL,HOU,spread,HOU,1.5,0.55,0.56,0.57,764.76,701.75,KXNFLSPREAD-26OCT04DALHOU-HOU2,2026-10-06T17:00:00Z
2026-10-03T01:34:36Z,2026,4,2026-10-04,DAL,HOU,spread,HOU,17.5,0.12,0.13,0.11,10135.4,6990.89,KXNFLSPREAD-26OCT04DALHOU-HOU18,2026-10-06T17:00:00Z
2026-10-03T01:34:36Z,2026,4,2026-10-04,DAL,HOU,spread,HOU,16.5,0.14,0.16,0.14,53.35,36.35,KXNFLSPREAD-26OCT04DALHOU-HOU17,2026-10-06T17:00:00Z
2026-10-03T01:34:36Z,2026,4,2026-10-04,DAL,HOU,spread,HOU,14.5,0.17,0.18,0.19,3531.27,2523.97,KXNFLSPREAD-26OCT04DALHOU-HOU15,2026-10-06T17:00:00Z
2026-10-03T01:34:36Z,2026,4,2026-10-04,DAL,HOU,spread,HOU,13.5,0.18,0.19,0.19,9700.44,4531.07,KXNFLSPREAD-26OCT04DALHOU-HOU14,2026-10-06T17:00:00Z
2026-10-03T01:34:36Z,2026,4,2026-10-04,DAL,HOU,spread,HOU,10.5,0.24,0.25,0.24,1881.96,1856.96,KXNFLSPREAD-26OCT04DALHOU-HOU11,2026-10-06T17:00:00Z
2026-10-03T01:34:36Z,2026,4,2026-10-04,DAL,HOU,spread,HOU,9.5,0.28,0.29,0.27,4078.0,4031.0,KXNFLSPREAD-26OCT04DALHOU-HOU10,2026-10-06T17:00:00Z
2026-10-03T01:34:36Z,2026,4,2026-10-04,DAL,HOU,spread,DAL,7.5,0.18,0.19,0.19,821.86,796.86,KXNFLSPREAD-26OCT04DALHOU-DAL8,2026-10-06T17:00:00Z
2026-10-03T01:34:36Z,2026,4,2026-10-04,DAL,HOU,spread,DAL,6.5,0.23,0.24,0.24,11944.78,11418.78,KXNFLSPREAD-26OCT04DALHOU-DAL7,2026-10-06T17:00:00Z
2026-10-03T01:34:36Z,2026,4,2026-10-04,DAL,HOU,spread,DAL,5.5,0.25,0.26,0.25,682.36,626.25,KXNFLSPREAD-26OCT04DALHOU-DAL6,2026-10-06T17:00:00Z
2026-10-03T01:34:36Z,2026,4,2026-10-04,DAL,HOU,spread,DAL,4.5,0.26,0.27,0.27,3019.92,2760.56,KXNFLSPREAD-26OCT04DALHOU-DAL5,2026-10-06T17:00:00Z
2026-10-03T01:34:36Z,2026,4,2026-10-04,DAL,HOU,spread,DAL,3.5,0.29,0.3,0.29,1271.0,1246.0,KXNFLSPREAD-26OCT04DALHOU-DAL4,2026-10-06T17:00:00Z
2026-10-03T01:34:36Z,2026,4,2026-10-04,DAL,HOU,spread,DAL,2.5,0.36,0.37,0.38,7031.63,6906.63,KXNFLSPREAD-26OCT04DALHOU-DAL3,2026-10-06T17:00:00Z
2026-10-03T01:34:36Z,2026,4,2026-10-04,DAL,HOU,spread,DAL,1.5,0.38,0.39,0.39,2236.94,1888.59,KXNFLSPREAD-26OCT04DALHOU-DAL2,2026-10-06T17:00:00Z
2026-10-03T01:34:36Z,2026,4,2026-10-04,DAL,HOU,spread,DAL,14.5,0.09,0.1,0.1,52099.72,51971.8,KXNFLSPREAD-26OCT04DALHOU-DAL15,2026-10-06T17:00:00Z
2026-10-03T01:34:36Z,2026,4,2026-10-04,DAL,HOU,spread,DAL,13.5,0.1,0.11,0.11,1934.41,1909.41,KXNFLSPREAD-26OCT04DALHOU-DAL14,2026-10-06T17:00:00Z
2026-10-03T01:34:36Z,2026,4,2026-10-04,DAL,HOU,spread,DAL,10.5,0.12,0.14,0.12,914.13,664.85,KXNFLSPREAD-26OCT04DALHOU-DAL11,2026-10-06T17:00:00Z
2026-10-03T01:34:36Z,2026,4,2026-10-04,DAL,HOU,spread,DAL,9.5,0.15,0.16,0.15,1410.6,1268.84,KXNFLSPREAD-26OCT04DALHOU-DAL10,2026-10-06T17:00:00Z
2026-10-03T01:34:36Z,2026,4,2026-10-04,LAC,SEA,spread,SEA,7.5,0.47,0.48,0.48,26951.25,24266.29,KXNFLSPREAD-26OCT04LACSEA-SEA8,2026-10-06T20:25:00Z
2026-10-03T01:34:36Z,2026,4,2026-10-04,LAC,SEA,spread,SEA,6.5,0.54,0.55,0.54,21155.43,20793.43,KXNFLSPREAD-26OCT04LACSEA-SEA7,2026-10-06T20:25:00Z
2026-10-03T01:34:36Z,2026,4,2026-10-04,LAC,SEA,spread,SEA,5.5,0.58,0.59,0.58,3272.67,3245.82,KXNFLSPREAD-26OCT04LACSEA-SEA6,2026-10-06T20:25:00Z
2026-10-03T01:34:36Z,2026,4,2026-10-04,LAC,SEA,spread,SEA,4.5,0.6,0.62,0.62,166.05,164.05,KXNFLSPREAD-26OCT04LACSEA-SEA5,2026-10-06T20:25:00Z
2026-10-03T01:34:36Z,2026,4,2026-10-04,LAC,SEA,spread,SEA,3.5,0.63,0.64,0.64,35157.35,35035.54,KXNFLSPREAD-26OCT04LACSEA-SEA4,2026-10-06T20:25:00Z
2026-10-03T01:34:36Z,2026,4,2026-10-04,LAC,SEA,spread,SEA,2.5,0.71,0.72,0.72,1010.25,485.25,KXNFLSPREAD-26OCT04LACSEA-SEA3,2026-10-06T20:25:00Z
2026-10-03T01:34:36Z,2026,4,2026-10-04,LAC,SEA,spread,SEA,27.5,0.06,0.08,0.0,0.0,0.0,KXNFLSPREAD-26OCT04LACSEA-SEA28,2026-10-06T20:25:00Z
2026-10-03T01:34:36Z,2026,4,2026-10-04,LAC,SEA,spread,SEA,23.5,0.11,0.12,0.13,2106.25,2104.25,KXNFLSPREAD-26OCT04LACSEA-SEA24,2026-10-06T20:25:00Z
2026-10-03T01:34:36Z,2026,4,2026-10-04,LAC,SEA,spread,SEA,20.5,0.16,0.17,0.17,1099.51,1073.51,KXNFLSPREAD-26OCT04LACSEA-SEA21,2026-10-06T20:25:00Z
2026-10-03T01:34:36Z,2026,4,2026-10-04,LAC,SEA,spread,SEA,1.5,0.72,0.74,0.73,1206.72,1206.72,KXNFLSPREAD-26OCT04LACSEA-SEA2,2026-10-06T20:25:00Z
2026-10-03T01:34:36Z,2026,4,2026-10-04,LAC,SEA,spread,SEA,17.5,0.21,0.22,0.22,337.76,167.14,KXNFLSPREAD-26OCT04LACSEA-SEA18,2026-10-06T20:25:00Z
2026-10-03T01:34:36Z,2026,4,2026-10-04,LAC,SEA,spread,SEA,16.5,0.24,0.25,0.25,25448.46,24650.64,KXNFLSPREAD-26OCT04LACSEA-SEA17,2026-10-06T20:25:00Z
2026-10-03T01:34:36Z,2026,4,2026-10-04,LAC,SEA,spread,SEA,14.5,0.27,0.28,0.27,9942.08,9557.49,KXNFLSPREAD-26OCT04LACSEA-SEA15,2026-10-06T20:25:00Z
2026-10-03T01:34:36Z,2026,4,2026-10-04,LAC,SEA,spread,SEA,13.5,0.31,0.32,0.32,1264.43,1065.6,KXNFLSPREAD-26OCT04LACSEA-SEA14,2026-10-06T20:25:00Z
2026-10-03T01:34:36Z,2026,4,2026-10-04,LAC,SEA,spread,SEA,10.5,0.38,0.39,0.39,9861.95,8426.98,KXNFLSPREAD-26OCT04LACSEA-SEA11,2026-10-06T20:25:00Z
2026-10-03T01:34:36Z,2026,4,2026-10-04,LAC,SEA,spread,SEA,9.5,0.43,0.44,0.44,8950.28,8489.02,KXNFLSPREAD-26OCT04LACSEA-SEA10,2026-10-06T20:25:00Z
2026-10-03T01:34:36Z,2026,4,2026-10-04,LAC,SEA,spread,LAC,7.5,0.08,0.09,0.08,18965.08,18856.0,KXNFLSPREAD-26OCT04LACSEA-LAC8,2026-10-06T20:25:00Z
2026-10-03T01:34:36Z,2026,4,2026-10-04,LAC,SEA,spread,LAC,6.5,0.11,0.12,0.12,19520.13,19317.13,KXNFLSPREAD-26OCT04LACSEA-LAC7,2026-10-06T20:25:00Z
2026-10-03T01:34:36Z,2026,4,2026-10-04,LAC,SEA,spread,LAC,5.5,0.13,0.14,0.14,418.8,403.8,KXNFLSPREAD-26OCT04LACSEA-LAC6,2026-10-06T20:25:00Z
2026-10-03T01:34:36Z,2026,4,2026-10-04,LAC,SEA,spread,LAC,4.5,0.14,0.15,0.15,16407.24,16260.24,KXNFLSPREAD-26OCT04LACSEA-LAC5,2026-10-06T20:25:00Z
2026-10-03T01:34:36Z,2026,4,2026-10-04,LAC,SEA,spread,LAC,3.5,0.16,0.17,0.17,1450.36,1095.22,KXNFLSPREAD-26OCT04LACSEA-LAC4,2026-10-06T20:25:00Z
2026-10-03T01:34:36Z,2026,4,2026-10-04,LAC,SEA,spread,LAC,2.5,0.2,0.21,0.21,5452.61,5303.73,KXNFLSPREAD-26OCT04LACSEA-LAC3,2026-10-06T20:25:00Z
2026-10-03T01:34:36Z,2026,4,2026-10-04,LAC,SEA,spread,LAC,1.5,0.21,0.23,0.22,7602.49,7337.38,KXNFLSPREAD-26OCT04LACSEA-LAC2,2026-10-06T20:25:00Z
2026-10-03T01:34:36Z,2026,4,2026-10-04,LAC,SEA,spread,LAC,14.5,0.03,0.04,0.0,0.0,0.0,KXNFLSPREAD-26OCT04LACSEA-LAC15,2026-10-06T20:25:00Z
2026-10-03T01:34:36Z,2026,4,2026-10-04,LAC,SEA,spread,LAC,13.5,0.03,0.04,0.07,42.0,42.0,KXNFLSPREAD-26OCT04LACSEA-LAC14,2026-10-06T20:25:00Z
2026-10-03T01:34:36Z,2026,4,2026-10-04,LAC,SEA,spread,LAC,10.5,0.05,0.07,0.07,113.23,109.23,KXNFLSPREAD-26OCT04LACSEA-LAC11,2026-10-06T20:25:00Z
2026-10-03T01:34:36Z,2026,4,2026-10-04,LAC,SEA,spread,LAC,9.5,0.06,0.08,0.07,820.18,767.0,KXNFLSPREAD-26OCT04LACSEA-LAC10,2026-10-06T20:25:00Z
2026-10-03T01:34:36Z,2026,4,2026-10-04,ARI,NYG,spread,NYG,7.5,0.19,0.2,0.19,4699.11,4656.19,KXNFLSPREAD-26OCT04ARINYG-NYG8,2026-10-06T17:00:00Z
2026-10-03T01:34:36Z,2026,4,2026-10-04,ARI,NYG,spread,NYG,6.5,0.24,0.25,0.25,28323.47,28067.48,KXNFLSPREAD-26OCT04ARINYG-NYG7,2026-10-06T17:00:00Z
2026-10-03T01:34:36Z,2026,4,2026-10-04,ARI,NYG,spread,NYG,5.5,0.26,0.27,0.31,27713.95,27535.75,KXNFLSPREAD-26OCT04ARINYG-NYG6,2026-10-06T17:00:00Z
2026-10-03T01:34:36Z,2026,4,2026-10-04,ARI,NYG,spread,NYG,4.5,0.28,0.29,0.33,7804.15,4262.34,KXNFLSPREAD-26OCT04ARINYG-NYG5,2026-10-06T17:00:00Z
2026-10-03T01:34:36Z,2026,4,2026-10-04,ARI,NYG,spread,NYG,3.5,0.3,0.31,0.32,6265.65,6251.65,KXNFLSPREAD-26OCT04ARINYG-NYG4,2026-10-06T17:00:00Z
2026-10-03T01:34:36Z,2026,4,2026-10-04,ARI,NYG,spread,NYG,2.5,0.37,0.39,0.39,450.52,446.56,KXNFLSPREAD-26OCT04ARINYG-NYG3,2026-10-06T17:00:00Z
2026-10-03T01:34:36Z,2026,4,2026-10-04,ARI,NYG,spread,NYG,20.5,0.04,0.05,0.06,856.62,856.62,KXNFLSPREAD-26OCT04ARINYG-NYG21,2026-10-06T17:00:00Z
2026-10-03T01:34:36Z,2026,4,2026-10-04,ARI,NYG,spread,NYG,1.5,0.4,0.41,0.41,4885.56,1027.04,KXNFLSPREAD-26OCT04ARINYG-NYG2,2026-10-06T17:00:00Z
2026-10-03T01:34:36Z,2026,4,2026-10-04,ARI,NYG,spread,NYG,17.5,0.06,0.07,0.08,500.0,500.0,KXNFLSPREAD-26OCT04ARINYG-NYG18,2026-10-06T17:00:00Z
2026-10-03T01:34:36Z,2026,4,2026-10-04,ARI,NYG,spread,NYG,16.5,0.07,0.09,0.1,6.38,6.38,KXNFLSPREAD-26OCT04ARINYG-NYG17,2026-10-06T17:00:00Z
2026-10-03T01:34:36Z,2026,4,2026-10-04,ARI,NYG,spread,NYG,14.5,0.09,0.11,0.12,1893.53,1893.53,KXNFLSPREAD-26OCT04ARINYG-NYG15,2026-10-06T17:00:00Z
2026-10-03T01:34:36Z,2026,4,2026-10-04,ARI,NYG,spread,NYG,13.5,0.11,0.12,0.12,2997.95,1922.95,KXNFLSPREAD-26OCT04ARINYG-NYG14,2026-10-06T17:00:00Z
2026-10-03T01:34:36Z,2026,4,2026-10-04,ARI,NYG,spread,NYG,10.5,0.14,0.15,0.18,4635.17,3597.34,KXNFLSPREAD-26OCT04ARINYG-NYG11,2026-10-06T17:00:00Z
2026-10-03T01:34:36Z,2026,4,2026-10-04,ARI,NYG,spread,NYG,9.5,0.17,0.18,0.18,4520.3,4307.3,KXNFLSPREAD-26OCT04ARINYG-NYG10,2026-10-06T17:00:00Z
2026-10-03T01:34:36Z,2026,4,2026-10-04,ARI,NYG,spread,ARI,7.5,0.27,0.28,0.28,18986.89,18361.89,KXNFLSPREAD-26OCT04ARINYG-ARI8,2026-10-06T17:00:00Z
2026-10-03T01:34:36Z,2026,4,2026-10-04,ARI,NYG,spread,ARI,6.5,0.33,0.34,0.34,4370.2,3004.2,KXNFLSPREAD-26OCT04ARINYG-ARI7,2026-10-06T17:00:00Z
2026-10-03T01:34:36Z,2026,4,2026-10-04,ARI,NYG,spread,ARI,5.5,0.37,0.38,0.38,7003.26,6604.7,KXNFLSPREAD-26OCT04ARINYG-ARI6,2026-10-06T17:00:00Z
2026-10-03T01:34:36Z,2026,4,2026-10-04,ARI,NYG,spread,ARI,4.5,0.39,0.4,0.4,27079.24,23298.41,KXNFLSPREAD-26OCT04ARINYG-ARI5,2026-10-06T17:00:00Z
2026-10-03T01:34:36Z,2026,4,2026-10-04,ARI,NYG,spread,ARI,3.5,0.43,0.44,0.43,6209.8,5191.89,KXNFLSPREAD-26OCT04ARINYG-ARI4,2026-10-06T17:00:00Z
2026-10-03T01:34:36Z,2026,4,2026-10-04,ARI,NYG,spread,ARI,2.5,0.5,0.51,0.51,48196.64,43357.05,KXNFLSPREAD-26OCT04ARINYG-ARI3,2026-10-06T17:00:00Z
2026-10-03T01:34:36Z,2026,4,2026-10-04,ARI,NYG,spread,ARI,1.5,0.53,0.54,0.54,16194.6,12246.73,KXNFLSPREAD-26OCT04ARINYG-ARI2,2026-10-06T17:00:00Z
2026-10-03T01:34:36Z,2026,4,2026-10-04,ARI,NYG,spread,ARI,14.5,0.14,0.15,0.14,16850.36,16412.62,KXNFLSPREAD-26OCT04ARINYG-ARI15,2026-10-06T17:00:00Z
2026-10-03T01:34:36Z,2026,4,2026-10-04,ARI,NYG,spread,ARI,13.5,0.17,0.18,0.15,930.19,875.19,KXNFLSPREAD-26OCT04ARINYG-ARI14,2026-10-06T17:00:00Z
2026-10-03T01:34:36Z,2026,4,2026-10-04,ARI,NYG,spread,ARI,10.5,0.21,0.22,0.21,26850.14,23045.46,KXNFLSPREAD-26OCT04ARINYG-ARI11,2026-10-06T17:00:00Z
2026-10-03T01:34:36Z,2026,4,2026-10-04,ARI,NYG,spread,ARI,9.5,0.24,0.25,0.25,16430.26,4905.13,KXNFLSPREAD-26OCT04ARINYG-ARI10,2026-10-06T17:00:00Z
2026-10-03T01:34:36Z,2026,4,2026-10-04,LAR,PHI,spread,PHI,7.5,0.14,0.15,0.15,13540.0,13508.71,KXNFLSPREAD-26OCT04LARPHI-PHI8,2026-10-06T17:00:00Z
2026-10-03T01:34:36Z,2026,4,2026-10-04,LAR,PHI,spread,PHI,6.5,0.18,0.19,0.22,2516.13,2493.13,KXNFLSPREAD-26OCT04LARPHI-PHI7,2026-10-06T17:00:00Z
2026-10-03T01:34:36Z,2026,4,2026-10-04,LAR,PHI,spread,PHI,5.5,0.2,0.21,0.21,3386.81,3324.36,KXNFLSPREAD-26OCT04LARPHI-PHI6,2026-10-06T17:00:00Z
2026-10-03T01:34:36Z,2026,4,2026-10-04,LAR,PHI,spread,PHI,4.5,0.22,0.23,0.23,32142.29,26059.99,KXNFLSPREAD-26OCT04LARPHI-PHI5,2026-10-06T17:00:00Z
2026-10-03T01:34:36Z,2026,4,2026-10-04,LAR,PHI,spread,PHI,3.5,0.25,0.26,0.26,39604.2,27005.75,KXNFLSPREAD-26OCT04LARPHI-PHI4,2026-10-06T17:00:00Z
2026-10-03T01:34:36Z,2026,4,2026-10-04,LAR,PHI,spread,PHI,2.5,0.32,0.33,0.33,17264.89,5412.94,KXNFLSPREAD-26OCT04LARPHI-PHI3,2026-10-06T17:00:00Z
2026-10-03T01:34:36Z,2026,4,2026-10-04,LAR,PHI,spread,PHI,1.5,0.34,0.35,0.35,5401.6,5018.6,KXNFLSPREAD-26OCT04LARPHI-PHI2,2026-10-06T17:00:00Z
2026-10-03T01:34:36Z,2026,4,2026-10-04,LAR,PHI,spread,PHI,14.5,0.06,0.07,0.07,11.58,11.58,KXNFLSPREAD-26OCT04LARPHI-PHI15,2026-10-06T17:00:00Z
2026-10-03T01:34:36Z,2026,4,2026-10-04,LAR,PHI,spread,PHI,13.5,0.09,0.1,0.1,364.91,364.91,KXNFLSPREAD-26OCT04LARPHI-PHI14,2026-10-06T17:00:00Z
2026-10-03T01:34:36Z,2026,4,2026-10-04,LAR,PHI,spread,PHI,10.5,0.1,0.11,0.11,1093.06,1057.21,KXNFLSPREAD-26OCT04LARPHI-PHI11,2026-10-06T17:00:00Z
2026-10-03T01:34:36Z,2026,4,2026-10-04,LAR,PHI,spread,PHI,9.5,0.11,0.12,0.12,5920.04,5768.04,KXNFLSPREAD-26OCT04LARPHI-PHI10,2026-10-06T17:00:00Z
2026-10-03T01:34:36Z,2026,4,2026-10-04,LAR,PHI,spread,LAR,7.5,0.34,0.35,0.34,34619.06,22015.79,KXNFLSPREAD-26OCT04LARPHI-LAR8,2026-10-06T17:00:00Z
2026-10-03T01:34:36Z,2026,4,2026-10-04,LAR,PHI,spread,LAR,6.5,0.4,0.41,0.41,35586.36,33081.56,KXNFLSPREAD-26OCT04LARPHI-LAR7,2026-10-06T17:00:00Z
2026-10-03T01:34:36Z,2026,4,2026-10-04,LAR,PHI,spread,LAR,5.5,0.44,0.45,0.45,1350.43,1215.39,KXNFLSPREAD-26OCT04LARPHI-LAR6,2026-10-06T17:00:00Z
2026-10-03T01:34:36Z,2026,4,2026-10-04,LAR,PHI,spread,LAR,4.5,0.46,0.47,0.48,6038.86,3286.53,KXNFLSPREAD-26OCT04LARPHI-LAR5,2026-10-06T17:00:00Z
2026-10-03T01:34:36Z,2026,4,2026-10-04,LAR,PHI,spread,LAR,3.5,0.5,0.51,0.51,104529.39,87251.77,KXNFLSPREAD-26OCT04LARPHI-LAR4,2026-10-06T17:00:00Z
2026-10-03T01:34:36Z,2026,4,2026-10-04,LAR,PHI,spread,LAR,2.5,0.6,0.61,0.61,78229.6,52366.65,KXNFLSPREAD-26OCT04LARPHI-LAR3,2026-10-06T17:00:00Z
2026-10-03T01:34:36Z,2026,4,2026-10-04,LAR,PHI,spread,LAR,20.5,0.1,0.11,0.11,64635.45,45140.55,KXNFLSPREAD-26OCT04LARPHI-LAR21,2026-10-06T17:00:00Z
2026-10-03T01:34:36Z,2026,4,2026-10-04,LAR,PHI,spread,LAR,1.5,0.6,0.61,0.61,20663.24,18498.97,KXNFLSPREAD-26OCT04LARPHI-LAR2,2026-10-06T17:00:00Z
2026-10-03T01:34:36Z,2026,4,2026-10-04,LAR,PHI,spread,LAR,17.5,0.14,0.15,0.15,39395.6,23996.06,KXNFLSPREAD-26OCT04LARPHI-LAR18,2026-10-06T17:00:00Z
2026-10-03T01:34:36Z,2026,4,2026-10-04,LAR,PHI,spread,LAR,16.5,0.16,0.17,0.17,20202.94,12225.27,KXNFLSPREAD-26OCT04LARPHI-LAR17,2026-10-06T17:00:00Z
2026-10-03T01:34:36Z,2026,4,2026-10-04,LAR,PHI,spread,LAR,14.5,0.18,0.19,0.19,46731.02,39406.24,KXNFLSPREAD-26OCT04LARPHI-LAR15,2026-10-06T17:00:00Z
2026-10-03T01:34:36Z,2026,4,2026-10-04,LAR,PHI,spread,LAR,13.5,0.22,0.23,0.23,52652.21,49158.97,KXNFLSPREAD-26OCT04LARPHI-LAR14,2026-10-06T17:00:00Z
2026-10-03T01:34:36Z,2026,4,2026-10-04,LAR,PHI,spread,LAR,10.5,0.27,0.28,0.28,19680.4,13405.5,KXNFLSPREAD-26OCT04LARPHI-LAR11,2026-10-06T17:00:00Z
2026-10-03T01:34:36Z,2026,4,2026-10-04,LAR,PHI,spread,LAR,9.5,0.3,0.31,0.31,27759.76,19806.66,KXNFLSPREAD-26OCT04LARPHI-LAR10,2026-10-06T17:00:00Z
2026-10-03T01:34:36Z,2026,4,2026-10-04,GB,TB,spread,TB,7.5,0.16,0.17,0.15,4541.65,4446.65,KXNFLSPREAD-26OCT04GBTB-TB8,2026-10-06T17:00:00Z
2026-10-03T01:34:36Z,2026,4,2026-10-04,GB,TB,spread,TB,6.5,0.19,0.2,0.2,7604.61,7091.47,KXNFLSPREAD-26OCT04GBTB-TB7,2026-10-06T17:00:00Z
2026-10-03T01:34:36Z,2026,4,2026-10-04,GB,TB,spread,TB,5.5,0.22,0.23,0.24,552.82,410.11,KXNFLSPREAD-26OCT04GBTB-TB6,2026-10-06T17:00:00Z
2026-10-03T01:34:36Z,2026,4,2026-10-04,GB,TB,spread,TB,4.5,0.25,0.26,0.25,5531.08,5122.66,KXNFLSPREAD-26OCT04GBTB-TB5,2026-10-06T17:00:00Z
2026-10-03T01:34:36Z,2026,4,2026-10-04,GB,TB,spread,TB,3.5,0.27,0.28,0.27,10093.7,6762.7,KXNFLSPREAD-26OCT04GBTB-TB4,2026-10-06T17:00:00Z
2026-10-03T01:34:36Z,2026,4,2026-10-04,GB,TB,spread,TB,2.5,0.32,0.34,0.34,8783.66,6571.04,KXNFLSPREAD-26OCT04GBTB-TB3,2026-10-06T17:00:00Z
2026-10-03T01:34:36Z,2026,4,2026-10-04,GB,TB,spread,TB,1.5,0.35,0.37,0.36,45082.44,44200.65,KXNFLSPREAD-26OCT04GBTB-TB2,2026-10-06T17:00:00Z
2026-10-03T01:34:36Z,2026,4,2026-10-04,GB,TB,spread,TB,16.5,0.06,0.08,0.06,11098.9,10948.9,KXNFLSPREAD-26OCT04GBTB-TB17,2026-10-06T17:00:00Z
2026-10-03T01:34:36Z,2026,4,2026-10-04,GB,TB,spread,TB,14.5,0.07,0.08,0.07,7209.4,7203.4,KXNFLSPREAD-26OCT04GBTB-TB15,2026-10-06T17:00:00Z
2026-10-03T01:34:36Z,2026,4,2026-10-04,GB,TB,spread,TB,13.5,0.09,0.1,0.1,7613.63,5616.6,KXNFLSPREAD-26OCT04GBTB-TB14,2026-10-06T17:00:00Z
2026-10-03T01:34:36Z,2026,4,2026-10-04,GB,TB,spread,TB,10.5,0.11,0.12,0.12,4260.0,1565.0,KXNFLSPREAD-26OCT04GBTB-TB11,2026-10-06T17:00:00Z
2026-10-03T01:34:36Z,2026,4,2026-10-04,GB,TB,spread,TB,9.5,0.13,0.15,0.14,625.38,600.38,KXNFLSPREAD-26OCT04GBTB-TB10,2026-10-06T17:00:00Z
2026-10-03T01:34:36Z,2026,4,2026-10-04,GB,TB,spread,GB,7.5,0.32,0.33,0.33,13227.84,5678.05,KXNFLSPREAD-26OCT04GBTB-GB8,2026-10-06T17:00:00Z
2026-10-03T01:34:36Z,2026,4,2026-10-04,GB,TB,spread,GB,6.5,0.38,0.39,0.39,25851.46,17598.33,KXNFLSPREAD-26OCT04GBTB-GB7,2026-10-06T17:00:00Z
2026-10-03T01:34:36Z,2026,4,2026-10-04,GB,TB,spread,GB,5.5,0.42,0.43,0.44,39591.15,33746.97,KXNFLSPREAD-26OCT04GBTB-GB6,2026-10-06T17:00:00Z
2026-10-03T01:34:36Z,2026,4,2026-10-04,GB,TB,spread,GB,4.5,0.43,0.44,0.43,23250.95,13703.86,KXNFLSPREAD-26OCT04GBTB-GB5,2026-10-06T17:00:00Z
2026-10-03T01:34:36Z,2026,4,2026-10-04,GB,TB,spread,GB,3.5,0.47,0.48,0.48,519865.44,481311.44,KXNFLSPREAD-26OCT04GBTB-GB4,2026-10-06T17:00:00Z
2026-10-03T01:34:36Z,2026,4,2026-10-04,GB,TB,spread,GB,2.5,0.56,0.57,0.57,16281.31,15117.83,KXNFLSPREAD-26OCT04GBTB-GB3,2026-10-06T17:00:00Z
2026-10-03T01:34:36Z,2026,4,2026-10-04,GB,TB,spread,GB,1.5,0.58,0.59,0.59,3648.55,3506.79,KXNFLSPREAD-26OCT04GBTB-GB2,2026-10-06T17:00:00Z
2026-10-03T01:34:36Z,2026,4,2026-10-04,GB,TB,spread,GB,16.5,0.14,0.16,0.15,5093.84,3118.35,KXNFLSPREAD-26OCT04GBTB-GB17,2026-10-06T17:00:00Z
2026-10-03T01:34:36Z,2026,4,2026-10-04,GB,TB,spread,GB,14.5,0.17,0.18,0.19,5534.68,4354.12,KXNFLSPREAD-26OCT04GBTB-GB15,2026-10-06T17:00:00Z
2026-10-03T01:34:36Z,2026,4,2026-10-04,GB,TB,spread,GB,13.5,0.2,0.21,0.21,3670.28,2870.35,KXNFLSPREAD-26OCT04GBTB-GB14,2026-10-06T17:00:00Z
2026-10-03T01:34:36Z,2026,4,2026-10-04,GB,TB,spread,GB,10.5,0.25,0.26,0.27,4191.85,3687.03,KXNFLSPREAD-26OCT04GBTB-GB11,2026-10-06T17:00:00Z
2026-10-03T01:34:36Z,2026,4,2026-10-04,GB,TB,spread,GB,9.5,0.29,0.3,0.3,14467.2,4292.81,KXNFLSPREAD-26OCT04GBTB-GB10,2026-10-06T17:00:00Z
2026-10-03T01:34:36Z,2026,4,2026-10-04,JAX,CIN,spread,JAX,7.5,0.18,0.19,0.19,1275.32,1091.32,KXNFLSPREAD-26OCT04JACCIN-JAC8,2026-10-06T17:00:00Z
2026-10-03T01:34:36Z,2026,4,2026-10-04,JAX,CIN,spread,JAX,6.5,0.23,0.24,0.24,949.8,930.02,KXNFLSPREAD-26OCT04JACCIN-JAC7,2026-10-06T17:00:00Z
2026-10-03T01:34:36Z,2026,4,2026-10-04,JAX,CIN,spread,JAX,5.5,0.25,0.26,0.26,7853.0,5722.44,KXNFLSPREAD-26OCT04JACCIN-JAC6,2026-10-06T17:00:00Z
2026-10-03T01:34:36Z,2026,4,2026-10-04,JAX,CIN,spread,JAX,4.5,0.27,0.28,0.28,1834.36,1834.36,KXNFLSPREAD-26OCT04JACCIN-JAC5,2026-10-06T17:00:00Z
2026-10-03T01:34:36Z,2026,4,2026-10-04,JAX,CIN,spread,JAX,3.5,0.29,0.3,0.3,2248.88,2248.88,KXNFLSPREAD-26OCT04JACCIN-JAC4,2026-10-06T17:00:00Z
2026-10-03T01:34:36Z,2026,4,2026-10-04,JAX,CIN,spread,JAX,2.5,0.37,0.38,0.38,10527.76,10100.87,KXNFLSPREAD-26OCT04JACCIN-JAC3,2026-10-06T17:00:00Z
2026-10-03T01:34:36Z,2026,4,2026-10-04,JAX,CIN,spread,JAX,1.5,0.39,0.4,0.41,9473.15,9473.15,KXNFLSPREAD-26OCT04JACCIN-JAC2,2026-10-06T17:00:00Z
2026-10-03T01:34:36Z,2026,4,2026-10-04,JAX,CIN,spread,JAX,14.5,0.09,0.1,0.1,2011.23,1220.23,KXNFLSPREAD-26OCT04JACCIN-JAC15,2026-10-06T17:00:00Z
2026-10-03T01:34:36Z,2026,4,2026-10-04,JAX,CIN,spread,JAX,13.5,0.1,0.11,0.12,78.49,78.49,KXNFLSPREAD-26OCT04JACCIN-JAC14,2026-10-06T17:00:00Z
2026-10-03T01:34:36Z,2026,4,2026-10-04,JAX,CIN,spread,JAX,10.5,0.13,0.15,0.15,62.92,62.92,KXNFLSPREAD-26OCT04JACCIN-JAC11,2026-10-06T17:00:00Z
2026-10-03T01:34:36Z,2026,4,2026-10-04,JAX,CIN,spread,JAX,9.5,0.16,0.17,0.17,637.22,584.22,KXNFLSPREAD-26OCT04JACCIN-JAC10,2026-10-06T17:00:00Z
2026-10-03T01:34:36Z,2026,4,2026-10-04,JAX,CIN,spread,CIN,7.5,0.29,0.3,0.29,10950.06,10405.89,KXNFLSPREAD-26OCT04JACCIN-CIN8,2026-10-06T17:00:00Z
2026-10-03T01:34:36Z,2026,4,2026-10-04,JAX,CIN,spread,CIN,6.5,0.35,0.36,0.36,2476.62,2216.62,KXNFLSPREAD-26OCT04JACCIN-CIN7,2026-10-06T17:00:00Z
2026-10-03T01:34:36Z,2026,4,2026-10-04,JAX,CIN,spread,CIN,5.5,0.39,0.4,0.39,12874.66,12648.03,KXNFLSPREAD-26OCT04JACCIN-CIN6,2026-10-06T17:00:00Z
2026-10-03T01:34:36Z,2026,4,2026-10-04,JAX,CIN,spread,CIN,4.5,0.4,0.41,0.4,9116.1,9116.1,KXNFLSPREAD-26OCT04JACCIN-CIN5,2026-10-06T17:00:00Z
2026-10-03T01:34:36Z,2026,4,2026-10-04,JAX,CIN,spread,CIN,3.5,0.43,0.44,0.43,3251.61,3172.24,KXNFLSPREAD-26OCT04JACCIN-CIN4,2026-10-06T17:00:00Z
2026-10-03T01:34:36Z,2026,4,2026-10-04,JAX,CIN,spread,CIN,2.5,0.52,0.53,0.53,50123.18,43693.84,KXNFLSPREAD-26OCT04JACCIN-CIN3,2026-10-06T17:00:00Z
2026-10-03T01:34:36Z,2026,4,2026-10-04,JAX,CIN,spread,CIN,20.5,0.08,0.09,0.08,4488.29,4332.29,KXNFLSPREAD-26OCT04JACCIN-CIN21,2026-10-06T17:00:00Z
2026-10-03T01:34:36Z,2026,4,2026-10-04,JAX,CIN,spread,CIN,1.5,0.55,0.56,0.55,237.82,125.56,KXNFLSPREAD-26OCT04JACCIN-CIN2,2026-10-06T17:00:00Z
2026-10-03T01:34:36Z,2026,4,2026-10-04,JAX,CIN,spread,CIN,17.5,0.11,0.13,0.11,41912.49,21749.19,KXNFLSPREAD-26OCT04JACCIN-CIN18,2026-10-06T17:00:00Z
2026-10-03T01:34:36Z,2026,4,2026-10-04,JAX,CIN,spread,CIN,16.5,0.13,0.15,0.12,10106.09,9512.91,KXNFLSPREAD-26OCT04JACCIN-CIN17,2026-10-06T17:00:00Z
2026-10-03T01:34:36Z,2026,4,2026-10-04,JAX,CIN,spread,CIN,14.5,0.15,0.17,0.15,37691.84,21231.78,KXNFLSPREAD-26OCT04JACCIN-CIN15,2026-10-06T17:00:00Z
2026-10-03T01:34:36Z,2026,4,2026-10-04,JAX,CIN,spread,CIN,13.5,0.18,0.19,0.18,27353.75,14376.08,KXNFLSPREAD-26OCT04JACCIN-CIN14,2026-10-06T17:00:00Z
2026-10-03T01:34:36Z,2026,4,2026-10-04,JAX,CIN,spread,CIN,10.5,0.23,0.24,0.22,25660.22,22435.36,KXNFLSPREAD-26OCT04JACCIN-CIN11,2026-10-06T17:00:00Z
2026-10-03T01:34:36Z,2026,4,2026-10-04,JAX,CIN,spread,CIN,9.5,0.26,0.27,0.25,11143.6,10614.62,KXNFLSPREAD-26OCT04JACCIN-CIN10,2026-10-06T17:00:00Z
2026-10-03T01:34:36Z,2026,4,2026-10-04,NE,BUF,spread,NE,7.5,0.09,0.1,0.1,406.53,406.43,KXNFLSPREAD-26OCT04NEBUF-NE8,2026-10-06T17:00:00Z
2026-10-03T01:34:36Z,2026,4,2026-10-04,NE,BUF,spread,NE,6.5,0.11,0.12,0.12,629.87,629.87,KXNFLSPREAD-26OCT04NEBUF-NE7,2026-10-06T17:00:00Z
2026-10-03T01:34:36Z,2026,4,2026-10-04,NE,BUF,spread,NE,5.5,0.14,0.15,0.14,1289.07,1229.07,KXNFLSPREAD-26OCT04NEBUF-NE6,2026-10-06T17:00:00Z
2026-10-03T01:34:36Z,2026,4,2026-10-04,NE,BUF,spread,NE,4.5,0.15,0.16,0.16,488.38,488.38,KXNFLSPREAD-26OCT04NEBUF-NE5,2026-10-06T17:00:00Z
2026-10-03T01:34:36Z,2026,4,2026-10-04,NE,BUF,spread,NE,3.5,0.17,0.18,0.18,2754.44,2675.55,KXNFLSPREAD-26OCT04NEBUF-NE4,2026-10-06T17:00:00Z
2026-10-03T01:34:36Z,2026,4,2026-10-04,NE,BUF,spread,NE,2.5,0.21,0.22,0.22,552.19,504.72,KXNFLSPREAD-26OCT04NEBUF-NE3,2026-10-06T17:00:00Z
2026-10-03T01:34:36Z,2026,4,2026-10-04,NE,BUF,spread,NE,1.5,0.22,0.23,0.23,1841.87,1628.87,KXNFLSPREAD-26OCT04NEBUF-NE2,2026-10-06T17:00:00Z
2026-10-03T01:34:36Z,2026,4,2026-10-04,NE,BUF,spread,NE,14.5,0.03,0.04,0.03,1146.86,948.63,KXNFLSPREAD-26OCT04NEBUF-NE15,2026-10-06T17:00:00Z
2026-10-03T01:34:36Z,2026,4,2026-10-04,NE,BUF,spread,NE,13.5,0.04,0.05,0.05,3112.68,2256.66,KXNFLSPREAD-26OCT04NEBUF-NE14,2026-10-06T17:00:00Z
2026-10-03T01:34:36Z,2026,4,2026-10-04,NE,BUF,spread,NE,10.5,0.06,0.07,0.07,4441.6,4420.8,KXNFLSPREAD-26OCT04NEBUF-NE11,2026-10-06T17:00:00Z
2026-10-03T01:34:36Z,2026,4,2026-10-04,NE,BUF,spread,NE,9.5,0.07,0.08,0.09,149.52,149.52,KXNFLSPREAD-26OCT04NEBUF-NE10,2026-10-06T17:00:00Z
2026-10-03T01:34:36Z,2026,4,2026-10-04,NE,BUF,spread,BUF,7.5,0.44,0.45,0.44,29439.66,22061.93,KXNFLSPREAD-26OCT04NEBUF-BUF8,2026-10-06T17:00:00Z
2026-10-03T01:34:36Z,2026,4,2026-10-04,NE,BUF,spread,BUF,6.5,0.52,0.53,0.53,696621.88,684854.45,KXNFLSPREAD-26OCT04NEBUF-BUF7,2026-10-06T17:00:00Z
2026-10-03T01:34:36Z,2026,4,2026-10-04,NE,BUF,spread,BUF,5.5,0.56,0.57,0.57,2290.01,2230.01,KXNFLSPREAD-26OCT04NEBUF-BUF6,2026-10-06T17:00:00Z
2026-10-03T01:34:36Z,2026,4,2026-10-04,NE,BUF,spread,BUF,4.5,0.58,0.59,0.59,556.49,540.02,KXNFLSPREAD-26OCT04NEBUF-BUF5,2026-10-06T17:00:00Z
2026-10-03T01:34:36Z,2026,4,2026-10-04,NE,BUF,spread,BUF,3.5,0.61,0.62,0.62,3938.75,2703.9,KXNFLSPREAD-26OCT04NEBUF-BUF4,2026-10-06T17:00:00Z
2026-10-03T01:34:36Z,2026,4,2026-10-04,NE,BUF,spread,BUF,2.5,0.69,0.7,0.7,27688.1,27195.08,KXNFLSPREAD-26OCT04NEBUF-BUF3,2026-10-06T17:00:00Z
2026-10-03T01:34:36Z,2026,4,2026-10-04,NE,BUF,spread,BUF,27.5,0.07,0.08,0.08,24289.74,19726.9,KXNFLSPREAD-26OCT04NEBUF-BUF28,2026-10-06T17:00:00Z
2026-10-03T01:34:36Z,2026,4,2026-10-04,NE,BUF,spread,BUF,23.5,0.11,0.12,0.12,23498.9,19315.82,KXNFLSPREAD-26OCT04NEBUF-BUF24,2026-10-06T17:00:00Z
2026-10-03T01:34:36Z,2026,4,2026-10-04,NE,BUF,spread,BUF,20.5,0.16,0.17,0.17,29723.27,25487.46,KXNFLSPREAD-26OCT04NEBUF-BUF21,2026-10-06T17:00:00Z
2026-10-03T01:34:36Z,2026,4,2026-10-04,NE,BUF,spread,BUF,1.5,0.71,0.73,0.72,5223.63,3865.57,KXNFLSPREAD-26OCT04NEBUF-BUF2,2026-10-06T17:00:00Z
2026-10-03T01:34:36Z,2026,4,2026-10-04,NE,BUF,spread,BUF,17.5,0.2,0.22,0.21,11471.64,5658.33,KXNFLSPREAD-26OCT04NEBUF-BUF18,2026-10-06T17:00:00Z
2026-10-03T01:34:36Z,2026,4,2026-10-04,NE,BUF,spread,BUF,16.5,0.23,0.24,0.24,3579.53,3404.2,KXNFLSPREAD-26OCT04NEBUF-BUF17,2026-10-06T17:00:00Z
2026-10-03T01:34:36Z,2026,4,2026-10-04,NE,BUF,spread,BUF,14.5,0.25,0.26,0.26,4948.8,4514.91,KXNFLSPREAD-26OCT04NEBUF-BUF15,2026-10-06T17:00:00Z
2026-10-03T01:34:36Z,2026,4,2026-10-04,NE,BUF,spread,BUF,13.5,0.3,0.31,0.31,5198.33,5098.33,KXNFLSPREAD-26OCT04NEBUF-BUF14,2026-10-06T17:00:00Z
2026-10-03T01:34:36Z,2026,4,2026-10-04,NE,BUF,spread,BUF,10.5,0.36,0.37,0.37,10521.16,9608.7,KXNFLSPREAD-26OCT04NEBUF-BUF11,2026-10-06T17:00:00Z
2026-10-03T01:34:36Z,2026,4,2026-10-04,NE,BUF,spread,BUF,9.5,0.41,0.42,0.42,7479.01,7071.6,KXNFLSPREAD-26OCT04NEBUF-BUF10,2026-10-06T17:00:00Z
2026-10-03T01:34:36Z,2026,4,2026-10-04,NYJ,CHI,spread,NYJ,7.5,0.15,0.16,0.15,3098.16,2990.16,KXNFLSPREAD-26OCT04NYJCHI-NYJ8,2026-10-06T17:00:00Z
2026-10-03T01:34:36Z,2026,4,2026-10-04,NYJ,CHI,spread,NYJ,6.5,0.19,0.2,0.19,2601.66,1892.66,KXNFLSPREAD-26OCT04NYJCHI-NYJ7,2026-10-06T17:00:00Z
2026-10-03T01:34:36Z,2026,4,2026-10-04,NYJ,CHI,spread,NYJ,5.5,0.21,0.22,0.22,5463.81,4841.82,KXNFLSPREAD-26OCT04NYJCHI-NYJ6,2026-10-06T17:00:00Z
2026-10-03T01:34:36Z,2026,4,2026-10-04,NYJ,CHI,spread,NYJ,4.5,0.23,0.24,0.24,5937.0,5926.0,KXNFLSPREAD-26OCT04NYJCHI-NYJ5,2026-10-06T17:00:00Z
2026-10-03T01:34:36Z,2026,4,2026-10-04,NYJ,CHI,spread,NYJ,3.5,0.26,0.27,0.27,1378.98,1353.98,KXNFLSPREAD-26OCT04NYJCHI-NYJ4,2026-10-06T17:00:00Z
2026-10-03T01:34:36Z,2026,4,2026-10-04,NYJ,CHI,spread,NYJ,2.5,0.32,0.33,0.33,15921.76,15521.87,KXNFLSPREAD-26OCT04NYJCHI-NYJ3,2026-10-06T17:00:00Z
2026-10-03T01:34:36Z,2026,4,2026-10-04,NYJ,CHI,spread,NYJ,1.5,0.35,0.36,0.36,3368.29,3315.64,KXNFLSPREAD-26OCT04NYJCHI-NYJ2,2026-10-06T17:00:00Z
2026-10-03T01:34:36Z,2026,4,2026-10-04,NYJ,CHI,spread,NYJ,14.5,0.06,0.08,0.06,26.05,26.05,KXNFLSPREAD-26OCT04NYJCHI-NYJ15,2026-10-06T17:00:00Z
2026-10-03T01:34:36Z,2026,4,2026-10-04,NYJ,CHI,spread,NYJ,13.5,0.08,0.1,0.09,51.0,51.0,KXNFLSPREAD-26OCT04NYJCHI-NYJ14,2026-10-06T17:00:00Z
2026-10-03T01:34:36Z,2026,4,2026-10-04,NYJ,CHI,spread,NYJ,10.5,0.1,0.12,0.12,252.28,241.43,KXNFLSPREAD-26OCT04NYJCHI-NYJ11,2026-10-06T17:00:00Z
2026-10-03T01:34:36Z,2026,4,2026-10-04,NYJ,CHI,spread,NYJ,9.5,0.13,0.14,0.14,2213.94,2010.0,KXNFLSPREAD-26OCT04NYJCHI-NYJ10,2026-10-06T17:00:00Z
2026-10-03T01:34:36Z,2026,4,2026-10-04,NYJ,CHI,spread,CHI,7.5,0.32,0.33,0.33,52718.37,47547.07,KXNFLSPREAD-26OCT04NYJCHI-CHI8,2026-10-06T17:00:00Z
2026-10-03T01:34:36Z,2026,4,2026-10-04,NYJ,CHI,spread,CHI,6.5,0.39,0.4,0.4,146894.79,131030.16,KXNFLSPREAD-26OCT04NYJCHI-CHI7,2026-10-06T17:00:00Z
2026-10-03T01:34:36Z,2026,4,2026-10-04,NYJ,CHI,spread,CHI,5.5,0.43,0.44,0.43,11037.99,5752.64,KXNFLSPREAD-26OCT04NYJCHI-CHI6,2026-10-06T17:00:00Z
2026-10-03T01:34:36Z,2026,4,2026-10-04,NYJ,CHI,spread,CHI,4.5,0.45,0.46,0.45,7151.71,6462.64,KXNFLSPREAD-26OCT04NYJCHI-CHI5,2026-10-06T17:00:00Z
2026-10-03T01:34:36Z,2026,4,2026-10-04,NYJ,CHI,spread,CHI,3.5,0.49,0.5,0.49,49553.35,41183.63,KXNFLSPREAD-26OCT04NYJCHI-CHI4,2026-10-06T17:00:00Z
2026-10-03T01:34:36Z,2026,4,2026-10-04,NYJ,CHI,spread,CHI,2.5,0.57,0.58,0.58,16463.34,15770.75,KXNFLSPREAD-26OCT04NYJCHI-CHI3,2026-10-06T17:00:00Z
2026-10-03T01:34:36Z,2026,4,2026-10-04,NYJ,CHI,spread,CHI,20.5,0.1,0.11,0.11,1743.63,1345.63,KXNFLSPREAD-26OCT04NYJCHI-CHI21,2026-10-06T17:00:00Z
2026-10-03T01:34:36Z,2026,4,2026-10-04,NYJ,CHI,spread,CHI,1.5,0.59,0.6,0.6,12037.88,12015.74,KXNFLSPREAD-26OCT04NYJCHI-CHI2,2026-10-06T17:00:00Z
2026-10-03T01:34:36Z,2026,4,2026-10-04,NYJ,CHI,spread,CHI,17.5,0.13,0.14,0.14,3095.28,2577.51,KXNFLSPREAD-26OCT04NYJCHI-CHI18,2026-10-06T17:00:00Z
2026-10-03T01:34:36Z,2026,4,2026-10-04,NYJ,CHI,spread,CHI,16.5,0.15,0.16,0.16,21547.5,5656.32,KXNFLSPREAD-26OCT04NYJCHI-CHI17,2026-10-06T17:00:00Z
2026-10-03T01:34:36Z,2026,4,2026-10-04,NYJ,CHI,spread,CHI,14.5,0.17,0.18,0.18,11179.65,5670.83,KXNFLSPREAD-26OCT04NYJCHI-CHI15,2026-10-06T17:00:00Z
2026-10-03T01:34:36Z,2026,4,2026-10-04,NYJ,CHI,spread,CHI,13.5,0.21,0.22,0.21,9963.58,6259.83,KXNFLSPREAD-26OCT04NYJCHI-CHI14,2026-10-06T17:00:00Z
2026-10-03T01:34:36Z,2026,4,2026-10-04,NYJ,CHI,spread,CHI,10.5,0.25,0.26,0.26,17909.88,16785.24,KXNFLSPREAD-26OCT04NYJCHI-CHI11,2026-10-06T17:00:00Z
2026-10-03T01:34:36Z,2026,4,2026-10-04,NYJ,CHI,spread,CHI,9.5,0.28,0.29,0.29,16684.87,8471.86,KXNFLSPREAD-26OCT04NYJCHI-CHI10,2026-10-06T17:00:00Z
2026-10-03T01:34:36Z,2026,4,2026-10-04,IND,WAS,spread,WAS,7.5,0.13,0.14,0.15,2551.06,2506.06,KXNFLSPREAD-26OCT04INDWAS-WAS8,2026-10-06T13:30:00Z
2026-10-03T01:34:36Z,2026,4,2026-10-04,IND,WAS,spread,WAS,6.5,0.18,0.19,0.19,4876.16,4692.69,KXNFLSPREAD-26OCT04INDWAS-WAS7,2026-10-06T13:30:00Z
2026-10-03T01:34:36Z,2026,4,2026-10-04,IND,WAS,spread,WAS,5.5,0.19,0.2,0.23,3572.96,3269.23,KXNFLSPREAD-26OCT04INDWAS-WAS6,2026-10-06T13:30:00Z
2026-10-03T01:34:36Z,2026,4,2026-10-04,IND,WAS,spread,WAS,4.5,0.21,0.22,0.23,953.87,918.87,KXNFLSPREAD-26OCT04INDWAS-WAS5,2026-10-06T13:30:00Z
2026-10-03T01:34:36Z,2026,4,2026-10-04,IND,WAS,spread,WAS,3.5,0.23,0.24,0.24,4992.78,4766.6,KXNFLSPREAD-26OCT04INDWAS-WAS4,2026-10-06T13:30:00Z
2026-10-03T01:34:36Z,2026,4,2026-10-04,IND,WAS,spread,WAS,2.5,0.3,0.31,0.31,1407.44,1368.27,KXNFLSPREAD-26OCT04INDWAS-WAS3,2026-10-06T13:30:00Z
2026-10-03T01:34:36Z,2026,4,2026-10-04,IND,WAS,spread,WAS,1.5,0.31,0.32,0.32,18481.87,16633.87,KXNFLSPREAD-26OCT04INDWAS-WAS2,2026-10-06T13:30:00Z
2026-10-03T01:34:36Z,2026,4,2026-10-04,IND,WAS,spread,WAS,14.5,0.06,0.07,0.08,1873.03,1763.56,KXNFLSPREAD-26OCT04INDWAS-WAS15,2026-10-06T13:30:00Z
2026-10-03T01:34:36Z,2026,4,2026-10-04,IND,WAS,spread,WAS,13.5,0.08,0.09,0.09,256.22,196.35,KXNFLSPREAD-26OCT04INDWAS-WAS14,2026-10-06T13:30:00Z
2026-10-03T01:34:36Z,2026,4,2026-10-04,IND,WAS,spread,WAS,10.5,0.1,0.11,0.11,81025.33,77720.0,KXNFLSPREAD-26OCT04INDWAS-WAS11,2026-10-06T13:30:00Z
2026-10-03T01:34:36Z,2026,4,2026-10-04,IND,WAS,spread,WAS,9.5,0.12,0.13,0.13,110790.7,77602.73,KXNFLSPREAD-26OCT04INDWAS-WAS10,2026-10-06T13:30:00Z
2026-10-03T01:34:36Z,2026,4,2026-10-04,IND,WAS,spread,IND,7.5,0.36,0.37,0.36,23739.14,14242.23,KXNFLSPREAD-26OCT04INDWAS-IND8,2026-10-06T13:30:00Z
2026-10-03T01:34:36Z,2026,4,2026-10-04,IND,WAS,spread,IND,6.5,0.42,0.43,0.43,10851.89,8114.0,KXNFLSPREAD-26OCT04INDWAS-IND7,2026-10-06T13:30:00Z
2026-10-03T01:34:36Z,2026,4,2026-10-04,IND,WAS,spread,IND,5.5,0.45,0.46,0.45,65276.43,57779.92,KXNFLSPREAD-26OCT04INDWAS-IND6,2026-10-06T13:30:00Z
2026-10-03T01:34:36Z,2026,4,2026-10-04,IND,WAS,spread,IND,4.5,0.48,0.49,0.48,74913.88,73789.13,KXNFLSPREAD-26OCT04INDWAS-IND5,2026-10-06T13:30:00Z
2026-10-03T01:34:36Z,2026,4,2026-10-04,IND,WAS,spread,IND,3.5,0.51,0.52,0.52,56031.9,41970.16,KXNFLSPREAD-26OCT04INDWAS-IND4,2026-10-06T13:30:00Z
2026-10-03T01:34:36Z,2026,4,2026-10-04,IND,WAS,spread,IND,2.5,0.6,0.61,0.61,141870.13,114431.31,KXNFLSPREAD-26OCT04INDWAS-IND3,2026-10-06T13:30:00Z
2026-10-03T01:34:36Z,2026,4,2026-10-04,IND,WAS,spread,IND,20.5,0.11,0.12,0.11,33912.2,28219.25,KXNFLSPREAD-26OCT04INDWAS-IND21,2026-10-06T13:30:00Z
2026-10-03T01:34:36Z,2026,4,2026-10-04,IND,WAS,spread,IND,1.5,0.61,0.62,0.62,52662.37,49243.37,KXNFLSPREAD-26OCT04INDWAS-IND2,2026-10-06T13:30:00Z
2026-10-03T01:34:36Z,2026,4,2026-10-04,IND,WAS,spread,IND,17.5,0.14,0.15,0.15,47326.68,26091.36,KXNFLSPREAD-26OCT04INDWAS-IND18,2026-10-06T13:30:00Z
2026-10-03T01:34:36Z,2026,4,2026-10-04,IND,WAS,spread,IND,16.5,0.18,0.19,0.14,11470.0,11306.0,KXNFLSPREAD-26OCT04INDWAS-IND17,2026-10-06T13:30:00Z
2026-10-03T01:34:36Z,2026,4,2026-10-04,IND,WAS,spread,IND,14.5,0.19,0.21,0.2,1200.0,650.0,KXNFLSPREAD-26OCT04INDWAS-IND15,2026-10-06T13:30:00Z
2026-10-03T01:34:36Z,2026,4,2026-10-04,IND,WAS,spread,IND,13.5,0.24,0.25,0.24,13238.44,10454.44,KXNFLSPREAD-26OCT04INDWAS-IND14,2026-10-06T13:30:00Z
2026-10-03T01:34:36Z,2026,4,2026-10-04,IND,WAS,spread,IND,10.5,0.28,0.29,0.28,31559.45,24117.69,KXNFLSPREAD-26OCT04INDWAS-IND11,2026-10-06T13:30:00Z
2026-10-03T01:34:36Z,2026,4,2026-10-04,IND,WAS,spread,IND,9.5,0.31,0.32,0.31,22369.62,20157.17,KXNFLSPREAD-26OCT04INDWAS-IND10,2026-10-06T13:30:00Z
2026-10-03T01:34:36Z,2026,4,2026-10-05,ATL,NO,total,,69.5,0.05,0.06,0.06,2706.16,2706.16,KXNFLTOTAL-26OCT05ATLNO-70,2026-10-08T00:15:00Z
2026-10-03T01:34:36Z,2026,4,2026-10-05,ATL,NO,total,,66.5,0.08,0.09,0.0,0.0,0.0,KXNFLTOTAL-26OCT05ATLNO-67,2026-10-08T00:15:00Z
2026-10-03T01:34:36Z,2026,4,2026-10-05,ATL,NO,total,,63.5,0.13,0.14,0.13,301.62,301.62,KXNFLTOTAL-26OCT05ATLNO-64,2026-10-08T00:15:00Z
2026-10-03T01:34:36Z,2026,4,2026-10-05,ATL,NO,total,,60.5,0.18,0.19,0.18,1053.06,1053.06,KXNFLTOTAL-26OCT05ATLNO-61,2026-10-08T00:15:00Z
2026-10-03T01:34:36Z,2026,4,2026-10-05,ATL,NO,total,,57.5,0.22,0.24,0.26,2.0,2.0,KXNFLTOTAL-26OCT05ATLNO-58,2026-10-08T00:15:00Z
2026-10-03T01:34:36Z,2026,4,2026-10-05,ATL,NO,total,,54.5,0.31,0.33,0.31,118.21,115.25,KXNFLTOTAL-26OCT05ATLNO-55,2026-10-08T00:15:00Z
2026-10-03T01:34:36Z,2026,4,2026-10-05,ATL,NO,total,,51.5,0.38,0.39,0.0,0.0,0.0,KXNFLTOTAL-26OCT05ATLNO-52,2026-10-08T00:15:00Z
2026-10-03T01:34:36Z,2026,4,2026-10-05,ATL,NO,total,,50.5,0.41,0.42,0.42,137.4,137.4,KXNFLTOTAL-26OCT05ATLNO-51,2026-10-08T00:15:00Z
2026-10-03T01:34:36Z,2026,4,2026-10-05,ATL,NO,total,,49.5,0.44,0.45,0.46,742.56,695.17,KXNFLTOTAL-26OCT05ATLNO-50,2026-10-08T00:15:00Z
2026-10-03T01:34:36Z,2026,4,2026-10-05,ATL,NO,total,,48.5,0.48,0.49,0.49,4572.37,4116.24,KXNFLTOTAL-26OCT05ATLNO-49,2026-10-08T00:15:00Z
2026-10-03T01:34:36Z,2026,4,2026-10-05,ATL,NO,total,,47.5,0.51,0.52,0.52,2110.8,1677.8,KXNFLTOTAL-26OCT05ATLNO-48,2026-10-08T00:15:00Z
2026-10-03T01:34:36Z,2026,4,2026-10-05,ATL,NO,total,,46.5,0.54,0.55,0.0,0.0,0.0,KXNFLTOTAL-26OCT05ATLNO-47,2026-10-08T00:15:00Z
2026-10-03T01:34:36Z,2026,4,2026-10-05,ATL,NO,total,,45.5,0.57,0.58,0.58,283.78,271.91,KXNFLTOTAL-26OCT05ATLNO-46,2026-10-08T00:15:00Z
2026-10-03T01:34:36Z,2026,4,2026-10-05,ATL,NO,total,,42.5,0.66,0.68,0.67,172.89,172.89,KXNFLTOTAL-26OCT05ATLNO-43,2026-10-08T00:15:00Z
2026-10-03T01:34:36Z,2026,4,2026-10-05,ATL,NO,total,,39.5,0.74,0.75,0.74,27.29,27.29,KXNFLTOTAL-26OCT05ATLNO-40,2026-10-08T00:15:00Z
2026-10-03T01:34:36Z,2026,4,2026-10-05,ATL,NO,total,,36.5,0.8,0.82,0.82,49.95,49.95,KXNFLTOTAL-26OCT05ATLNO-37,2026-10-08T00:15:00Z
2026-10-03T01:34:36Z,2026,4,2026-10-05,ATL,NO,total,,33.5,0.87,0.89,0.87,66.6,66.6,KXNFLTOTAL-26OCT05ATLNO-34,2026-10-08T00:15:00Z
2026-10-03T01:34:36Z,2026,4,2026-10-05,ATL,NO,total,,30.5,0.91,0.92,0.92,155.21,155.21,KXNFLTOTAL-26OCT05ATLNO-31,2026-10-08T00:15:00Z
2026-10-03T01:34:36Z,2026,4,2026-10-05,ATL,NO,total,,27.5,0.94,0.95,0.94,365.45,260.8,KXNFLTOTAL-26OCT05ATLNO-28,2026-10-08T00:15:00Z
2026-10-03T01:34:36Z,2026,4,2026-10-04,DEN,SF,total,,67.5,0.08,0.09,0.09,2872.49,2849.89,KXNFLTOTAL-26OCT04DENSF-68,2026-10-06T20:25:00Z
2026-10-03T01:34:36Z,2026,4,2026-10-04,DEN,SF,total,,64.5,0.11,0.12,0.12,3075.13,3070.13,KXNFLTOTAL-26OCT04DENSF-65,2026-10-06T20:25:00Z
2026-10-03T01:34:36Z,2026,4,2026-10-04,DEN,SF,total,,61.5,0.15,0.16,0.15,4720.3,4551.89,KXNFLTOTAL-26OCT04DENSF-62,2026-10-06T20:25:00Z
2026-10-03T01:34:36Z,2026,4,2026-10-04,DEN,SF,total,,58.5,0.2,0.21,0.21,5220.2,2634.63,KXNFLTOTAL-26OCT04DENSF-59,2026-10-06T20:25:00Z
2026-10-03T01:34:36Z,2026,4,2026-10-04,DEN,SF,total,,55.5,0.28,0.29,0.29,1668.3,1633.3,KXNFLTOTAL-26OCT04DENSF-56,2026-10-06T20:25:00Z
2026-10-03T01:34:36Z,2026,4,2026-10-04,DEN,SF,total,,52.5,0.35,0.37,0.35,891.34,815.34,KXNFLTOTAL-26OCT04DENSF-53,2026-10-06T20:25:00Z
2026-10-03T01:34:36Z,2026,4,2026-10-04,DEN,SF,total,,49.5,0.45,0.46,0.47,2208.98,1667.25,KXNFLTOTAL-26OCT04DENSF-50,2026-10-06T20:25:00Z
2026-10-03T01:34:36Z,2026,4,2026-10-04,DEN,SF,total,,48.5,0.47,0.48,0.49,4888.73,3881.49,KXNFLTOTAL-26OCT04DENSF-49,2026-10-06T20:25:00Z
2026-10-03T01:34:36Z,2026,4,2026-10-04,DEN,SF,total,,47.5,0.51,0.52,0.52,11504.22,11066.2,KXNFLTOTAL-26OCT04DENSF-48,2026-10-06T20:25:00Z
2026-10-03T01:34:36Z,2026,4,2026-10-04,DEN,SF,total,,46.5,0.54,0.56,0.56,8573.95,6159.84,KXNFLTOTAL-26OCT04DENSF-47,2026-10-06T20:25:00Z
2026-10-03T01:34:36Z,2026,4,2026-10-04,DEN,SF,total,,45.5,0.57,0.58,0.57,1571.01,990.32,KXNFLTOTAL-26OCT04DENSF-46,2026-10-06T20:25:00Z
2026-10-03T01:34:36Z,2026,4,2026-10-04,DEN,SF,total,,44.5,0.6,0.61,0.61,5605.83,3355.83,KXNFLTOTAL-26OCT04DENSF-45,2026-10-06T20:25:00Z
2026-10-03T01:34:36Z,2026,4,2026-10-04,DEN,SF,total,,43.5,0.63,0.64,0.64,143.33,143.33,KXNFLTOTAL-26OCT04DENSF-44,2026-10-06T20:25:00Z
2026-10-03T01:34:36Z,2026,4,2026-10-04,DEN,SF,total,,40.5,0.72,0.73,0.73,3600.1,1205.1,KXNFLTOTAL-26OCT04DENSF-41,2026-10-06T20:25:00Z
2026-10-03T01:34:36Z,2026,4,2026-10-04,DEN,SF,total,,37.5,0.79,0.8,0.79,1562.59,1512.59,KXNFLTOTAL-26OCT04DENSF-38,2026-10-06T20:25:00Z
2026-10-03T01:34:36Z,2026,4,2026-10-04,DEN,SF,total,,34.5,0.85,0.87,0.85,1297.58,1285.0,KXNFLTOTAL-26OCT04DENSF-35,2026-10-06T20:25:00Z
2026-10-03T01:34:36Z,2026,4,2026-10-04,DEN,SF,total,,31.5,0.9,0.91,0.91,1391.76,1241.76,KXNFLTOTAL-26OCT04DENSF-32,2026-10-06T20:25:00Z
2026-10-03T01:34:36Z,2026,4,2026-10-04,DEN,SF,total,,28.5,0.94,0.95,0.94,2660.06,2505.86,KXNFLTOTAL-26OCT04DENSF-29,2026-10-06T20:25:00Z
2026-10-03T01:34:36Z,2026,4,2026-10-04,DEN,SF,total,,25.5,0.95,0.96,0.96,1184.75,759.75,KXNFLTOTAL-26OCT04DENSF-26,2026-10-06T20:25:00Z
2026-10-03T01:34:36Z,2026,4,2026-10-04,DET,CAR,total,,70.5,0.07,0.08,0.08,6878.6,6382.59,KXNFLTOTAL-26OCT04DETCAR-71,2026-10-07T00:20:00Z
2026-10-03T01:34:36Z,2026,4,2026-10-04,DET,CAR,total,,67.5,0.11,0.12,0.12,74.55,74.55,KXNFLTOTAL-26OCT04DETCAR-68,2026-10-07T00:20:00Z
2026-10-03T01:34:36Z,2026,4,2026-10-04,DET,CAR,total,,64.5,0.16,0.17,0.17,1074.67,1024.67,KXNFLTOTAL-26OCT04DETCAR-65,2026-10-07T00:20:00Z
2026-10-03T01:34:36Z,2026,4,2026-10-04,DET,CAR,total,,61.5,0.21,0.22,0.22,21099.74,16998.31,KXNFLTOTAL-26OCT04DETCAR-62,2026-10-07T00:20:00Z
2026-10-03T01:34:36Z,2026,4,2026-10-04,DET,CAR,total,,58.5,0.28,0.29,0.29,2948.06,2294.06,KXNFLTOTAL-26OCT04DETCAR-59,2026-10-07T00:20:00Z
2026-10-03T01:34:36Z,2026,4,2026-10-04,DET,CAR,total,,55.5,0.36,0.37,0.36,1810.69,1666.3,KXNFLTOTAL-26OCT04DETCAR-56,2026-10-07T00:20:00Z
2026-10-03T01:34:36Z,2026,4,2026-10-04,DET,CAR,total,,52.5,0.45,0.46,0.45,18347.37,18330.34,KXNFLTOTAL-26OCT04DETCAR-53,2026-10-07T00:20:00Z
2026-10-03T01:34:36Z,2026,4,2026-10-04,DET,CAR,total,,51.5,0.47,0.48,0.48,28188.37,26118.05,KXNFLTOTAL-26OCT04DETCAR-52,2026-10-07T00:20:00Z
2026-10-03T01:34:36Z,2026,4,2026-10-04,DET,CAR,total,,50.5,0.51,0.52,0.52,37727.13,33476.15,KXNFLTOTAL-26OCT04DETCAR-51,2026-10-07T00:20:00Z
2026-10-03T01:34:36Z,2026,4,2026-10-04,DET,CAR,total,,49.5,0.55,0.56,0.56,1858.63,1783.63,KXNFLTOTAL-26OCT04DETCAR-50,2026-10-07T00:20:00Z
2026-10-03T01:34:36Z,2026,4,2026-10-04,DET,CAR,total,,48.5,0.57,0.58,0.58,2364.73,1957.48,KXNFLTOTAL-26OCT04DETCAR-49,2026-10-07T00:20:00Z
2026-10-03T01:34:36Z,2026,4,2026-10-04,DET,CAR,total,,47.5,0.6,0.61,0.6,370.74,370.74,KXNFLTOTAL-26OCT04DETCAR-48,2026-10-07T00:20:00Z
2026-10-03T01:34:36Z,2026,4,2026-10-04,DET,CAR,total,,46.5,0.63,0.64,0.65,685.34,685.34,KXNFLTOTAL-26OCT04DETCAR-47,2026-10-07T00:20:00Z
2026-10-03T01:34:36Z,2026,4,2026-10-04,DET,CAR,total,,43.5,0.71,0.72,0.72,49.66,47.16,KXNFLTOTAL-26OCT04DETCAR-44,2026-10-07T00:20:00Z
2026-10-03T01:34:36Z,2026,4,2026-10-04,DET,CAR,total,,40.5,0.78,0.79,0.78,315.64,315.64,KXNFLTOTAL-26OCT04DETCAR-41,2026-10-07T00:20:00Z
2026-10-03T01:34:36Z,2026,4,2026-10-04,DET,CAR,total,,37.5,0.84,0.85,0.84,66.0,66.0,KXNFLTOTAL-26OCT04DETCAR-38,2026-10-07T00:20:00Z
2026-10-03T01:34:36Z,2026,4,2026-10-04,DET,CAR,total,,34.5,0.88,0.89,0.89,772.28,772.28,KXNFLTOTAL-26OCT04DETCAR-35,2026-10-07T00:20:00Z
2026-10-03T01:34:36Z,2026,4,2026-10-04,DET,CAR,total,,31.5,0.92,0.93,0.93,2365.74,2343.0,KXNFLTOTAL-26OCT04DETCAR-32,2026-10-07T00:20:00Z
2026-10-03T01:34:36Z,2026,4,2026-10-04,DET,CAR,total,,28.5,0.95,0.96,0.95,401.77,266.93,KXNFLTOTAL-26OCT04DETCAR-29,2026-10-07T00:20:00Z
2026-10-03T01:34:36Z,2026,4,2026-10-04,KC,LV,total,,67.5,0.07,0.08,0.08,7880.72,5183.01,KXNFLTOTAL-26OCT04KCLV-68,2026-10-06T20:25:00Z
2026-10-03T01:34:36Z,2026,4,2026-10-04,KC,LV,total,,64.5,0.11,0.12,0.12,6144.45,6097.63,KXNFLTOTAL-26OCT04KCLV-65,2026-10-06T20:25:00Z
2026-10-03T01:34:36Z,2026,4,2026-10-04,KC,LV,total,,61.5,0.15,0.16,0.16,7578.22,5043.91,KXNFLTOTAL-26OCT04KCLV-62,2026-10-06T20:25:00Z
2026-10-03T01:34:36Z,2026,4,2026-10-04,KC,LV,total,,58.5,0.2,0.21,0.21,2412.97,1869.15,KXNFLTOTAL-26OCT04KCLV-59,2026-10-06T20:25:00Z
2026-10-03T01:34:36Z,2026,4,2026-10-04,KC,LV,total,,55.5,0.27,0.28,0.28,312.51,252.18,KXNFLTOTAL-26OCT04KCLV-56,2026-10-06T20:25:00Z
2026-10-03T01:34:36Z,2026,4,2026-10-04,KC,LV,total,,52.5,0.34,0.35,0.35,2619.34,2579.21,KXNFLTOTAL-26OCT04KCLV-53,2026-10-06T20:25:00Z
2026-10-03T01:34:36Z,2026,4,2026-10-04,KC,LV,total,,49.5,0.43,0.44,0.44,216.07,193.26,KXNFLTOTAL-26OCT04KCLV-50,2026-10-06T20:25:00Z
2026-10-03T01:34:36Z,2026,4,2026-10-04,KC,LV,total,,48.5,0.46,0.47,0.46,857.69,778.43,KXNFLTOTAL-26OCT04KCLV-49,2026-10-06T20:25:00Z
2026-10-03T01:34:36Z,2026,4,2026-10-04,KC,LV,total,,47.5,0.49,0.5,0.5,37835.2,32729.69,KXNFLTOTAL-26OCT04KCLV-48,2026-10-06T20:25:00Z
2026-10-03T01:34:36Z,2026,4,2026-10-04,KC,LV,total,,46.5,0.54,0.55,0.55,14708.68,14586.9,KXNFLTOTAL-26OCT04KCLV-47,2026-10-06T20:25:00Z
2026-10-03T01:34:36Z,2026,4,2026-10-04,KC,LV,total,,45.5,0.57,0.58,0.58,2323.46,1679.75,KXNFLTOTAL-26OCT04KCLV-46,2026-10-06T20:25:00Z
2026-10-03T01:34:36Z,2026,4,2026-10-04,KC,LV,total,,44.5,0.59,0.6,0.61,280.73,280.73,KXNFLTOTAL-26OCT04KCLV-45,2026-10-06T20:25:00Z
2026-10-03T01:34:36Z,2026,4,2026-10-04,KC,LV,total,,43.5,0.62,0.63,0.63,1060.91,536.94,KXNFLTOTAL-26OCT04KCLV-44,2026-10-06T20:25:00Z
2026-10-03T01:34:36Z,2026,4,2026-10-04,KC,LV,total,,40.5,0.71,0.73,0.73,298.97,258.38,KXNFLTOTAL-26OCT04KCLV-41,2026-10-06T20:25:00Z
2026-10-03T01:34:36Z,2026,4,2026-10-04,KC,LV,total,,37.5,0.79,0.8,0.79,441.04,234.88,KXNFLTOTAL-26OCT04KCLV-38,2026-10-06T20:25:00Z
2026-10-03T01:34:36Z,2026,4,2026-10-04,KC,LV,total,,34.5,0.85,0.86,0.86,2491.94,2339.0,KXNFLTOTAL-26OCT04KCLV-35,2026-10-06T20:25:00Z
2026-10-03T01:34:36Z,2026,4,2026-10-04,KC,LV,total,,31.5,0.9,0.91,0.9,1078.97,977.64,KXNFLTOTAL-26OCT04KCLV-32,2026-10-06T20:25:00Z
2026-10-03T01:34:36Z,2026,4,2026-10-04,KC,LV,total,,28.5,0.93,0.94,0.94,2875.87,2776.64,KXNFLTOTAL-26OCT04KCLV-29,2026-10-06T20:25:00Z
2026-10-03T01:34:36Z,2026,4,2026-10-04,KC,LV,total,,25.5,0.96,0.98,0.96,24164.45,18885.43,KXNFLTOTAL-26OCT04KCLV-26,2026-10-06T20:25:00Z
2026-10-03T01:34:36Z,2026,4,2026-10-04,MIA,MIN,total,,62.5,0.04,0.05,0.04,8423.91,8293.91,KXNFLTOTAL-26OCT04MIAMIN-63,2026-10-06T20:05:00Z
2026-10-03T01:34:36Z,2026,4,2026-10-04,MIA,MIN,total,,59.5,0.05,0.06,0.06,8972.34,8967.41,KXNFLTOTAL-26OCT04MIAMIN-60,2026-10-06T20:05:00Z
2026-10-03T01:34:36Z,2026,4,2026-10-04,MIA,MIN,total,,56.5,0.08,0.09,0.08,5680.77,5680.77,KXNFLTOTAL-26OCT04MIAMIN-57,2026-10-06T20:05:00Z
2026-10-03T01:34:36Z,2026,4,2026-10-04,MIA,MIN,total,,53.5,0.11,0.12,0.12,18053.84,17628.1,KXNFLTOTAL-26OCT04MIAMIN-54,2026-10-06T20:05:00Z
2026-10-03T01:34:36Z,2026,4,2026-10-04,MIA,MIN,total,,50.5,0.17,0.18,0.17,17012.85,17012.85,KXNFLTOTAL-26OCT04MIAMIN-51,2026-10-06T20:05:00Z
2026-10-03T01:34:36Z,2026,4,2026-10-04,MIA,MIN,total,,47.5,0.22,0.23,0.22,18639.83,16892.06,KXNFLTOTAL-26OCT04MIAMIN-48,2026-10-06T20:05:00Z
2026-10-03T01:34:36Z,2026,4,2026-10-04,MIA,MIN,total,,44.5,0.3,0.32,0.32,15351.0,15301.0,KXNFLTOTAL-26OCT04MIAMIN-45,2026-10-06T20:05:00Z
2026-10-03T01:34:36Z,2026,4,2026-10-04,MIA,MIN,total,,43.5,0.34,0.35,0.34,4827.68,4409.23,KXNFLTOTAL-26OCT04MIAMIN-44,2026-10-06T20:05:00Z
2026-10-03T01:34:36Z,2026,4,2026-10-04,MIA,MIN,total,,42.5,0.37,0.38,0.38,2832.46,2397.56,KXNFLTOTAL-26OCT04MIAMIN-43,2026-10-06T20:05:00Z
2026-10-03T01:34:36Z,2026,4,2026-10-04,MIA,MIN,total,,41.5,0.4,0.41,0.41,18018.83,16982.61,KXNFLTOTAL-26OCT04MIAMIN-42,2026-10-06T20:05:00Z
2026-10-03T01:34:36Z,2026,4,2026-10-04,MIA,MIN,total,,40.5,0.42,0.43,0.43,678.83,432.95,KXNFLTOTAL-26OCT04MIAMIN-41,2026-10-06T20:05:00Z
2026-10-03T01:34:36Z,2026,4,2026-10-04,MIA,MIN,total,,39.5,0.46,0.47,0.47,4539.69,3290.45,KXNFLTOTAL-26OCT04MIAMIN-40,2026-10-06T20:05:00Z
2026-10-03T01:34:36Z,2026,4,2026-10-04,MIA,MIN,total,,38.5,0.5,0.51,0.5,18363.88,14918.36,KXNFLTOTAL-26OCT04MIAMIN-39,2026-10-06T20:05:00Z
2026-10-03T01:34:36Z,2026,4,2026-10-04,MIA,MIN,total,,35.5,0.6,0.61,0.61,211.65,148.78,KXNFLTOTAL-26OCT04MIAMIN-36,2026-10-06T20:05:00Z
2026-10-03T01:34:36Z,2026,4,2026-10-04,MIA,MIN,total,,32.5,0.7,0.71,0.7,4385.41,1789.33,KXNFLTOTAL-26OCT04MIAMIN-33,2026-10-06T20:05:00Z
2026-10-03T01:34:36Z,2026,4,2026-10-04,MIA,MIN,total,,29.5,0.78,0.79,0.79,6764.04,6382.93,KXNFLTOTAL-26OCT04MIAMIN-30,2026-10-06T20:05:00Z
2026-10-03T01:34:36Z,2026,4,2026-10-04,MIA,MIN,total,,26.5,0.85,0.86,0.87,5837.27,5601.04,KXNFLTOTAL-26OCT04MIAMIN-27,2026-10-06T20:05:00Z
2026-10-03T01:34:36Z,2026,4,2026-10-04,MIA,MIN,total,,23.5,0.9,0.91,0.91,19444.85,15651.71,KXNFLTOTAL-26OCT04MIAMIN-24,2026-10-06T20:05:00Z
2026-10-03T01:34:36Z,2026,4,2026-10-04,MIA,MIN,total,,20.5,0.93,0.94,0.94,4860.9,4856.38,KXNFLTOTAL-26OCT04MIAMIN-21,2026-10-06T20:05:00Z
2026-10-03T01:34:36Z,2026,4,2026-10-04,TEN,BAL,total,,64.5,0.06,0.07,0.06,8439.68,8418.88,KXNFLTOTAL-26OCT04TENBAL-65,2026-10-06T17:00:00Z
2026-10-03T01:34:36Z,2026,4,2026-10-04,TEN,BAL,total,,61.5,0.08,0.09,0.08,9659.79,9636.31,KXNFLTOTAL-26OCT04TENBAL-62,2026-10-06T17:00:00Z
2026-10-03T01:34:36Z,2026,4,2026-10-04,TEN,BAL,total,,58.5,0.11,0.12,0.11,7297.0,7105.0,KXNFLTOTAL-26OCT04TENBAL-59,2026-10-06T17:00:00Z
2026-10-03T01:34:36Z,2026,4,2026-10-04,TEN,BAL,total,,55.5,0.16,0.17,0.16,33598.4,2161.24,KXNFLTOTAL-26OCT04TENBAL-56,2026-10-06T17:00:00Z
2026-10-03T01:34:36Z,2026,4,2026-10-04,TEN,BAL,total,,52.5,0.23,0.24,0.22,31347.89,1065.23,KXNFLTOTAL-26OCT04TENBAL-53,2026-10-06T17:00:00Z
2026-10-03T01:34:36Z,2026,4,2026-10-04,TEN,BAL,total,,49.5,0.3,0.31,0.3,30405.98,325.98,KXNFLTOTAL-26OCT04TENBAL-50,2026-10-06T17:00:00Z
2026-10-03T01:34:36Z,2026,4,2026-10-04,TEN,BAL,total,,46.5,0.37,0.39,0.38,20736.83,19253.59,KXNFLTOTAL-26OCT04TENBAL-47,2026-10-06T17:00:00Z
2026-10-03T01:34:36Z,2026,4,2026-10-04,TEN,BAL,total,,45.5,0.4,0.41,0.42,3685.91,1804.59,KXNFLTOTAL-26OCT04TENBAL-46,2026-10-06T17:00:00Z
2026-10-03T01:34:36Z,2026,4,2026-10-04,TEN,BAL,total,,44.5,0.42,0.43,0.42,2232.55,2203.55,KXNFLTOTAL-26OCT04TENBAL-45,2026-10-06T17:00:00Z
2026-10-03T01:34:36Z,2026,4,2026-10-04,TEN,BAL,total,,43.5,0.45,0.46,0.46,62768.86,57273.07,KXNFLTOTAL-26OCT04TENBAL-44,2026-10-06T17:00:00Z
2026-10-03T01:34:36Z,2026,4,2026-10-04,TEN,BAL,total,,42.5,0.49,0.5,0.49,13397.78,12415.42,KXNFLTOTAL-26OCT04TENBAL-43,2026-10-06T17:00:00Z
2026-10-03T01:34:36Z,2026,4,2026-10-04,TEN,BAL,total,,41.5,0.53,0.54,0.54,218.29,193.29,KXNFLTOTAL-26OCT04TENBAL-42,2026-10-06T17:00:00Z
2026-10-03T01:34:36Z,2026,4,2026-10-04,TEN,BAL,total,,40.5,0.56,0.57,0.57,0.05,0.05,KXNFLTOTAL-26OCT04TENBAL-41,2026-10-06T17:00:00Z
2026-10-03T01:34:36Z,2026,4,2026-10-04,TEN,BAL,total,,37.5,0.65,0.66,0.66,286.76,109.54,KXNFLTOTAL-26OCT04TENBAL-38,2026-10-06T17:00:00Z
2026-10-03T01:34:36Z,2026,4,2026-10-04,TEN,BAL,total,,34.5,0.73,0.75,0.75,620669.8,610812.12,KXNFLTOTAL-26OCT04TENBAL-35,2026-10-06T17:00:00Z
2026-10-03T01:34:36Z,2026,4,2026-10-04,TEN,BAL,total,,31.5,0.82,0.83,0.83,4532.33,1736.0,KXNFLTOTAL-26OCT04TENBAL-32,2026-10-06T17:00:00Z
2026-10-03T01:34:36Z,2026,4,2026-10-04,TEN,BAL,total,,28.5,0.87,0.88,0.89,4062.03,4012.03,KXNFLTOTAL-26OCT04TENBAL-29,2026-10-06T17:00:00Z
2026-10-03T01:34:36Z,2026,4,2026-10-04,TEN,BAL,total,,25.5,0.92,0.94,0.94,2608.49,2558.49,KXNFLTOTAL-26OCT04TENBAL-26,2026-10-06T17:00:00Z
2026-10-03T01:34:36Z,2026,4,2026-10-04,TEN,BAL,total,,22.5,0.95,0.96,0.96,22035.87,11827.42,KXNFLTOTAL-26OCT04TENBAL-23,2026-10-06T17:00:00Z
2026-10-03T01:34:36Z,2026,4,2026-10-04,DAL,HOU,total,,68.5,0.07,0.08,0.08,4549.05,3425.14,KXNFLTOTAL-26OCT04DALHOU-69,2026-10-06T17:00:00Z
2026-10-03T01:34:36Z,2026,4,2026-10-04,DAL,HOU,total,,65.5,0.1,0.11,0.1,1859.7,1859.7,KXNFLTOTAL-26OCT04DALHOU-66,2026-10-06T17:00:00Z
2026-10-03T01:34:36Z,2026,4,2026-10-04,DAL,HOU,total,,62.5,0.14,0.15,0.14,1405.58,1301.58,KXNFLTOTAL-26OCT04DALHOU-63,2026-10-06T17:00:00Z
2026-10-03T01:34:36Z,2026,4,2026-10-04,DAL,HOU,total,,59.5,0.19,0.21,0.19,12.55,12.55,KXNFLTOTAL-26OCT04DALHOU-60,2026-10-06T17:00:00Z
2026-10-03T01:34:36Z,2026,4,2026-10-04,DAL,HOU,total,,56.5,0.28,0.29,0.29,37.22,37.22,KXNFLTOTAL-26OCT04DALHOU-57,2026-10-06T17:00:00Z
2026-10-03T01:34:36Z,2026,4,2026-10-04,DAL,HOU,total,,53.5,0.34,0.35,0.35,99.6,89.6,KXNFLTOTAL-26OCT04DALHOU-54,2026-10-06T17:00:00Z
2026-10-03T01:34:36Z,2026,4,2026-10-04,DAL,HOU,total,,50.5,0.42,0.43,0.43,16233.57,16125.67,KXNFLTOTAL-26OCT04DALHOU-51,2026-10-06T17:00:00Z
2026-10-03T01:34:36Z,2026,4,2026-10-04,DAL,HOU,total,,49.5,0.46,0.47,0.46,130.59,102.73,KXNFLTOTAL-26OCT04DALHOU-50,2026-10-06T17:00:00Z
2026-10-03T01:34:36Z,2026,4,2026-10-04,DAL,HOU,total,,48.5,0.49,0.5,0.49,143761.64,140100.22,KXNFLTOTAL-26OCT04DALHOU-49,2026-10-06T17:00:00Z
2026-10-03T01:34:36Z,2026,4,2026-10-04,DAL,HOU,total,,47.5,0.54,0.55,0.55,61775.34,61701.34,KXNFLTOTAL-26OCT04DALHOU-48,2026-10-06T17:00:00Z
2026-10-03T01:34:36Z,2026,4,2026-10-04,DAL,HOU,total,,46.5,0.56,0.57,0.57,236.79,236.79,KXNFLTOTAL-26OCT04DALHOU-47,2026-10-06T17:00:00Z
2026-10-03T01:34:36Z,2026,4,2026-10-04,DAL,HOU,total,,45.5,0.58,0.6,0.6,731.98,632.07,KXNFLTOTAL-26OCT04DALHOU-46,2026-10-06T17:00:00Z
2026-10-03T01:34:36Z,2026,4,2026-10-04,DAL,HOU,total,,44.5,0.6,0.62,0.62,125.87,125.87,KXNFLTOTAL-26OCT04DALHOU-45,2026-10-06T17:00:00Z
2026-10-03T01:34:36Z,2026,4,2026-10-04,DAL,HOU,total,,41.5,0.69,0.7,0.7,25.0,25.0,KXNFLTOTAL-26OCT04DALHOU-42,2026-10-06T17:00:00Z
2026-10-03T01:34:36Z,2026,4,2026-10-04,DAL,HOU,total,,38.5,0.76,0.78,0.78,1.0,1.0,KXNFLTOTAL-26OCT04DALHOU-39,2026-10-06T17:00:00Z
2026-10-03T01:34:36Z,2026,4,2026-10-04,DAL,HOU,total,,35.5,0.83,0.84,0.86,17.03,17.03,KXNFLTOTAL-26OCT04DALHOU-36,2026-10-06T17:00:00Z
2026-10-03T01:34:36Z,2026,4,2026-10-04,DAL,HOU,total,,32.5,0.88,0.9,0.88,30127.0,10351.58,KXNFLTOTAL-26OCT04DALHOU-33,2026-10-06T17:00:00Z
2026-10-03T01:34:36Z,2026,4,2026-10-04,DAL,HOU,total,,29.5,0.92,0.93,0.92,30231.77,8854.47,KXNFLTOTAL-26OCT04DALHOU-30,2026-10-06T17:00:00Z
2026-10-03T01:34:36Z,2026,4,2026-10-04,DAL,HOU,total,,26.5,0.95,0.96,0.94,31087.87,13972.07,KXNFLTOTAL-26OCT04DALHOU-27,2026-10-06T17:00:00Z
2026-10-03T01:34:36Z,2026,4,2026-10-04,LAC,SEA,total,,64.5,0.06,0.07,0.06,9851.33,9851.33,KXNFLTOTAL-26OCT04LACSEA-65,2026-10-06T20:25:00Z
2026-10-03T01:34:36Z,2026,4,2026-10-04,LAC,SEA,total,,61.5,0.08,0.09,0.08,20096.53,20096.53,KXNFLTOTAL-26OCT04LACSEA-62,2026-10-06T20:25:00Z
2026-10-03T01:34:36Z,2026,4,2026-10-04,LAC,SEA,total,,58.5,0.12,0.13,0.13,2090.26,2090.26,KXNFLTOTAL-26OCT04LACSEA-59,2026-10-06T20:25:00Z
2026-10-03T01:34:36Z,2026,4,2026-10-04,LAC,SEA,total,,55.5,0.18,0.19,0.17,1603.0,1582.0,KXNFLTOTAL-26OCT04LACSEA-56,2026-10-06T20:25:00Z
2026-10-03T01:34:36Z,2026,4,2026-10-04,LAC,SEA,total,,52.5,0.24,0.25,0.23,227.0,227.0,KXNFLTOTAL-26OCT04LACSEA-53,2026-10-06T20:25:00Z
2026-10-03T01:34:36Z,2026,4,2026-10-04,LAC,SEA,total,,49.5,0.31,0.32,0.31,371698.51,355387.15,KXNFLTOTAL-26OCT04LACSEA-50,2026-10-06T20:25:00Z
2026-10-03T01:34:36Z,2026,4,2026-10-04,LAC,SEA,total,,46.5,0.39,0.4,0.39,8287.82,7421.0,KXNFLTOTAL-26OCT04LACSEA-47,2026-10-06T20:25:00Z
2026-10-03T01:34:36Z,2026,4,2026-10-04,LAC,SEA,total,,45.5,0.42,0.43,0.42,371909.22,363975.2,KXNFLTOTAL-26OCT04LACSEA-46,2026-10-06T20:25:00Z
2026-10-03T01:34:36Z,2026,4,2026-10-04,LAC,SEA,total,,44.5,0.43,0.45,0.44,1839.22,1697.46,KXNFLTOTAL-26OCT04LACSEA-45,2026-10-06T20:25:00Z
2026-10-03T01:34:36Z,2026,4,2026-10-04,LAC,SEA,total,,43.5,0.47,0.48,0.47,2418.02,2201.46,KXNFLTOTAL-26OCT04LACSEA-44,2026-10-06T20:25:00Z
2026-10-03T01:34:36Z,2026,4,2026-10-04,LAC,SEA,total,,42.5,0.51,0.52,0.52,7295.82,6132.34,KXNFLTOTAL-26OCT04LACSEA-43,2026-10-06T20:25:00Z
2026-10-03T01:34:36Z,2026,4,2026-10-04,LAC,SEA,total,,41.5,0.54,0.55,0.55,13619.81,13611.0,KXNFLTOTAL-26OCT04LACSEA-42,2026-10-06T20:25:00Z
2026-10-03T01:34:36Z,2026,4,2026-10-04,LAC,SEA,total,,40.5,0.58,0.59,0.59,17495.46,15723.46,KXNFLTOTAL-26OCT04LACSEA-41,2026-10-06T20:25:00Z
2026-10-03T01:34:36Z,2026,4,2026-10-04,LAC,SEA,total,,37.5,0.67,0.68,0.68,4204.71,1704.71,KXNFLTOTAL-26OCT04LACSEA-38,2026-10-06T20:25:00Z
2026-10-03T01:34:36Z,2026,4,2026-10-04,LAC,SEA,total,,34.5,0.76,0.77,0.76,4418.06,1778.06,KXNFLTOTAL-26OCT04LACSEA-35,2026-10-06T20:25:00Z
2026-10-03T01:34:36Z,2026,4,2026-10-04,LAC,SEA,total,,31.5,0.82,0.84,0.82,65796.63,4181.45,KXNFLTOTAL-26OCT04LACSEA-32,2026-10-06T20:25:00Z
2026-10-03T01:34:36Z,2026,4,2026-10-04,LAC,SEA,total,,28.5,0.89,0.9,0.89,20013.58,19371.22,KXNFLTOTAL-26OCT04LACSEA-29,2026-10-06T20:25:00Z
2026-10-03T01:34:36Z,2026,4,2026-10-04,LAC,SEA,total,,25.5,0.93,0.94,0.94,36364.78,9582.15,KXNFLTOTAL-26OCT04LACSEA-26,2026-10-06T20:25:00Z
2026-10-03T01:34:36Z,2026,4,2026-10-04,LAC,SEA,total,,22.5,0.96,0.97,0.97,21118.97,10368.73,KXNFLTOTAL-26OCT04LACSEA-23,2026-10-06T20:25:00Z
2026-10-03T01:34:36Z,2026,4,2026-10-04,ARI,NYG,total,,64.5,0.07,0.08,0.07,1382.68,1382.68,KXNFLTOTAL-26OCT04ARINYG-65,2026-10-06T17:00:00Z
2026-10-03T01:34:36Z,2026,4,2026-10-04,ARI,NYG,total,,61.5,0.1,0.11,0.09,6888.95,6866.38,KXNFLTOTAL-26OCT04ARINYG-62,2026-10-06T17:00:00Z
2026-10-03T01:34:36Z,2026,4,2026-10-04,ARI,NYG,total,,58.5,0.14,0.15,0.14,537.89,537.89,KXNFLTOTAL-26OCT04ARINYG-59,2026-10-06T17:00:00Z
2026-10-03T01:34:36Z,2026,4,2026-10-04,ARI,NYG,total,,55.5,0.19,0.2,0.21,3926.99,2651.99,KXNFLTOTAL-26OCT04ARINYG-56,2026-10-06T17:00:00Z
2026-10-03T01:34:36Z,2026,4,2026-10-04,ARI,NYG,total,,52.5,0.26,0.28,0.26,35.0,35.0,KXNFLTOTAL-26OCT04ARINYG-53,2026-10-06T17:00:00Z
2026-10-03T01:34:36Z,2026,4,2026-10-04,ARI,NYG,total,,49.5,0.34,0.35,0.34,236.56,175.04,KXNFLTOTAL-26OCT04ARINYG-50,2026-10-06T17:00:00Z
2026-10-03T01:34:36Z,2026,4,2026-10-04,ARI,NYG,total,,46.5,0.43,0.44,0.44,669.67,519.67,KXNFLTOTAL-26OCT04ARINYG-47,2026-10-06T17:00:00Z
2026-10-03T01:34:36Z,2026,4,2026-10-04,ARI,NYG,total,,45.5,0.46,0.47,0.46,12641.44,12616.44,KXNFLTOTAL-26OCT04ARINYG-46,2026-10-06T17:00:00Z
2026-10-03T01:34:36Z,2026,4,2026-10-04,ARI,NYG,total,,44.5,0.48,0.49,0.49,20402.1,20278.92,KXNFLTOTAL-26OCT04ARINYG-45,2026-10-06T17:00:00Z
2026-10-03T01:34:36Z,2026,4,2026-10-04,ARI,NYG,total,,43.5,0.52,0.53,0.52,2412.65,1454.25,KXNFLTOTAL-26OCT04ARINYG-44,2026-10-06T17:00:00Z
2026-10-03T01:34:36Z,2026,4,2026-10-04,ARI,NYG,total,,42.5,0.56,0.57,0.56,36.86,36.86,KXNFLTOTAL-26OCT04ARINYG-43,2026-10-06T17:00:00Z
2026-10-03T01:34:36Z,2026,4,2026-10-04,ARI,NYG,total,,41.5,0.59,0.6,0.59,236.56,236.56,KXNFLTOTAL-26OCT04ARINYG-42,2026-10-06T17:00:00Z
2026-10-03T01:34:36Z,2026,4,2026-10-04,ARI,NYG,total,,40.5,0.61,0.62,0.62,3302.79,918.79,KXNFLTOTAL-26OCT04ARINYG-41,2026-10-06T17:00:00Z
2026-10-03T01:34:36Z,2026,4,2026-10-04,ARI,NYG,total,,37.5,0.69,0.7,0.7,19088.38,11923.91,KXNFLTOTAL-26OCT04ARINYG-38,2026-10-06T17:00:00Z
2026-10-03T01:34:36Z,2026,4,2026-10-04,ARI,NYG,total,,34.5,0.77,0.79,0.71,15045.63,15044.63,KXNFLTOTAL-26OCT04ARINYG-35,2026-10-06T17:00:00Z
2026-10-03T01:34:36Z,2026,4,2026-10-04,ARI,NYG,total,,31.5,0.83,0.85,0.83,95020.28,17722.8,KXNFLTOTAL-26OCT04ARINYG-32,2026-10-06T17:00:00Z
2026-10-03T01:34:36Z,2026,4,2026-10-04,ARI,NYG,total,,28.5,0.89,0.9,0.9,23914.75,15305.89,KXNFLTOTAL-26OCT04ARINYG-29,2026-10-06T17:00:00Z
2026-10-03T01:34:36Z,2026,4,2026-10-04,ARI,NYG,total,,25.5,0.94,0.95,0.95,34017.0,15704.67,KXNFLTOTAL-26OCT04ARINYG-26,2026-10-06T17:00:00Z
2026-10-03T01:34:36Z,2026,4,2026-10-04,ARI,NYG,total,,22.5,0.96,0.97,0.96,45846.51,30632.82,KXNFLTOTAL-26OCT04ARINYG-23,2026-10-06T17:00:00Z
2026-10-03T01:34:36Z,2026,4,2026-10-04,LAR,PHI,total,,66.5,0.04,0.05,0.04,27163.84,25449.27,KXNFLTOTAL-26OCT04LARPHI-67,2026-10-06T17:00:00Z
2026-10-03T01:34:36Z,2026,4,2026-10-04,LAR,PHI,total,,63.5,0.05,0.06,0.06,14856.53,12749.18,KXNFLTOTAL-26OCT04LARPHI-64,2026-10-06T17:00:00Z
2026-10-03T01:34:36Z,2026,4,2026-10-04,LAR,PHI,total,,60.5,0.08,0.09,0.09,19668.4,16203.87,KXNFLTOTAL-26OCT04LARPHI-61,2026-10-06T17:00:00Z
2026-10-03T01:34:36Z,2026,4,2026-10-04,LAR,PHI,total,,57.5,0.13,0.14,0.14,17283.5,15865.41,KXNFLTOTAL-26OCT04LARPHI-58,2026-10-06T17:00:00Z
2026-10-03T01:34:36Z,2026,4,2026-10-04,LAR,PHI,total,,54.5,0.18,0.19,0.18,6902.62,5669.15,KXNFLTOTAL-26OCT04LARPHI-55,2026-10-06T17:00:00Z
2026-10-03T01:34:36Z,2026,4,2026-10-04,LAR,PHI,total,,51.5,0.24,0.25,0.25,5021.02,4678.97,KXNFLTOTAL-26OCT04LARPHI-52,2026-10-06T17:00:00Z
2026-10-03T01:34:36Z,2026,4,2026-10-04,LAR,PHI,total,,48.5,0.32,0.33,0.35,504.99,404.15,KXNFLTOTAL-26OCT04LARPHI-49,2026-10-06T17:00:00Z
2026-10-03T01:34:36Z,2026,4,2026-10-04,LAR,PHI,total,,47.5,0.34,0.35,0.38,721.99,630.99,KXNFLTOTAL-26OCT04LARPHI-48,2026-10-06T17:00:00Z
2026-10-03T01:34:36Z,2026,4,2026-10-04,LAR,PHI,total,,46.5,0.38,0.39,0.39,367067.73,366923.27,KXNFLTOTAL-26OCT04LARPHI-47,2026-10-06T17:00:00Z
2026-10-03T01:34:36Z,2026,4,2026-10-04,LAR,PHI,total,,45.5,0.41,0.42,0.42,3885.7,3842.47,KXNFLTOTAL-26OCT04LARPHI-46,2026-10-06T17:00:00Z
2026-10-03T01:34:36Z,2026,4,2026-10-04,LAR,PHI,total,,44.5,0.43,0.44,0.44,64535.16,51180.68,KXNFLTOTAL-26OCT04LARPHI-45,2026-10-06T17:00:00Z
2026-10-03T01:34:36Z,2026,4,2026-10-04,LAR,PHI,total,,43.5,0.46,0.47,0.46,42889.64,20570.06,KXNFLTOTAL-26OCT04LARPHI-44,2026-10-06T17:00:00Z
2026-10-03T01:34:36Z,2026,4,2026-10-04,LAR,PHI,total,,42.5,0.51,0.52,0.51,23033.2,17999.09,KXNFLTOTAL-26OCT04LARPHI-43,2026-10-06T17:00:00Z
2026-10-03T01:34:36Z,2026,4,2026-10-04,LAR,PHI,total,,39.5,0.61,0.62,0.62,6221.94,1044.94,KXNFLTOTAL-26OCT04LARPHI-40,2026-10-06T17:00:00Z
2026-10-03T01:34:36Z,2026,4,2026-10-04,LAR,PHI,total,,36.5,0.7,0.71,0.71,6387.99,1658.91,KXNFLTOTAL-26OCT04LARPHI-37,2026-10-06T17:00:00Z
2026-10-03T01:34:36Z,2026,4,2026-10-04,LAR,PHI,total,,33.5,0.77,0.78,0.79,33328.16,1791.18,KXNFLTOTAL-26OCT04LARPHI-34,2026-10-06T17:00:00Z
2026-10-03T01:34:36Z,2026,4,2026-10-04,LAR,PHI,total,,30.5,0.84,0.85,0.84,15375.15,13421.13,KXNFLTOTAL-26OCT04LARPHI-31,2026-10-06T17:00:00Z
2026-10-03T01:34:36Z,2026,4,2026-10-04,LAR,PHI,total,,27.5,0.89,0.91,0.9,38120.54,10784.64,KXNFLTOTAL-26OCT04LARPHI-28,2026-10-06T17:00:00Z
2026-10-03T01:34:36Z,2026,4,2026-10-04,LAR,PHI,total,,24.5,0.93,0.94,0.94,51322.16,12521.18,KXNFLTOTAL-26OCT04LARPHI-25,2026-10-06T17:00:00Z
2026-10-03T01:34:36Z,2026,4,2026-10-04,GB,TB,total,,67.5,0.01,0.03,0.02,5965.35,5965.35,KXNFLTOTAL-26OCT04GBTB-68,2026-10-06T17:00:00Z
2026-10-03T01:34:36Z,2026,4,2026-10-04,GB,TB,total,,64.5,0.03,0.04,0.05,30728.56,3691.22,KXNFLTOTAL-26OCT04GBTB-65,2026-10-06T17:00:00Z
2026-10-03T01:34:36Z,2026,4,2026-10-04,GB,TB,total,,61.5,0.04,0.05,0.05,2497.08,2497.08,KXNFLTOTAL-26OCT04GBTB-62,2026-10-06T17:00:00Z
2026-10-03T01:34:36Z,2026,4,2026-10-04,GB,TB,total,,58.5,0.07,0.08,0.08,18526.79,10892.79,KXNFLTOTAL-26OCT04GBTB-59,2026-10-06T17:00:00Z
2026-10-03T01:34:36Z,2026,4,2026-10-04,GB,TB,total,,55.5,0.1,0.11,0.11,20404.4,9117.4,KXNFLTOTAL-26OCT04GBTB-56,2026-10-06T17:00:00Z
2026-10-03T01:34:36Z,2026,4,2026-10-04,GB,TB,total,,52.5,0.14,0.15,0.16,9523.56,7029.36,KXNFLTOTAL-26OCT04GBTB-53,2026-10-06T17:00:00Z
2026-10-03T01:34:36Z,2026,4,2026-10-04,GB,TB,total,,49.5,0.2,0.21,0.2,31913.56,22650.8,KXNFLTOTAL-26OCT04GBTB-50,2026-10-06T17:00:00Z
2026-10-03T01:34:36Z,2026,4,2026-10-04,GB,TB,total,,48.5,0.22,0.23,0.22,23268.24,11105.03,KXNFLTOTAL-26OCT04GBTB-49,2026-10-06T17:00:00Z
2026-10-03T01:34:36Z,2026,4,2026-10-04,GB,TB,total,,47.5,0.24,0.25,0.25,24915.96,9863.81,KXNFLTOTAL-26OCT04GBTB-48,2026-10-06T17:00:00Z
2026-10-03T01:34:36Z,2026,4,2026-10-04,GB,TB,total,,46.5,0.27,0.28,0.27,23073.32,6884.36,KXNFLTOTAL-26OCT04GBTB-47,2026-10-06T17:00:00Z
2026-10-03T01:34:36Z,2026,4,2026-10-04,GB,TB,total,,45.5,0.29,0.3,0.31,23432.93,10189.83,KXNFLTOTAL-26OCT04GBTB-46,2026-10-06T17:00:00Z
2026-10-03T01:34:36Z,2026,4,2026-10-04,GB,TB,total,,44.5,0.32,0.33,0.33,70966.39,55201.11,KXNFLTOTAL-26OCT04GBTB-45,2026-10-06T17:00:00Z
2026-10-03T01:34:36Z,2026,4,2026-10-04,GB,TB,total,,43.5,0.35,0.36,0.35,64465.48,63264.66,KXNFLTOTAL-26OCT04GBTB-44,2026-10-06T17:00:00Z
2026-10-03T01:34:36Z,2026,4,2026-10-04,GB,TB,total,,40.5,0.44,0.45,0.45,68582.92,34720.33,KXNFLTOTAL-26OCT04GBTB-41,2026-10-06T17:00:00Z
2026-10-03T01:34:36Z,2026,4,2026-10-04,GB,TB,total,,37.5,0.55,0.56,0.56,60700.72,45296.84,KXNFLTOTAL-26OCT04GBTB-38,2026-10-06T17:00:00Z
2026-10-03T01:34:36Z,2026,4,2026-10-04,GB,TB,total,,34.5,0.64,0.65,0.65,24457.1,8650.47,KXNFLTOTAL-26OCT04GBTB-35,2026-10-06T17:00:00Z
2026-10-03T01:34:36Z,2026,4,2026-10-04,GB,TB,total,,31.5,0.73,0.74,0.73,75060.15,39346.28,KXNFLTOTAL-26OCT04GBTB-32,2026-10-06T17:00:00Z
2026-10-03T01:34:36Z,2026,4,2026-10-04,GB,TB,total,,28.5,0.82,0.83,0.81,49732.11,15432.51,KXNFLTOTAL-26OCT04GBTB-29,2026-10-06T17:00:00Z
2026-10-03T01:34:36Z,2026,4,2026-10-04,GB,TB,total,,25.5,0.87,0.89,0.89,31003.14,724.6,KXNFLTOTAL-26OCT04GBTB-26,2026-10-06T17:00:00Z
2026-10-03T01:34:36Z,2026,4,2026-10-04,JAX,CIN,total,,70.5,0.09,0.1,0.1,3577.36,3085.27,KXNFLTOTAL-26OCT04JACCIN-71,2026-10-06T17:00:00Z
2026-10-03T01:34:36Z,2026,4,2026-10-04,JAX,CIN,total,,67.5,0.12,0.13,0.13,3767.13,3767.13,KXNFLTOTAL-26OCT04JACCIN-68,2026-10-06T17:00:00Z
2026-10-03T01:34:36Z,2026,4,2026-10-04,JAX,CIN,total,,64.5,0.18,0.19,0.18,5391.0,5391.0,KXNFLTOTAL-26OCT04JACCIN-65,2026-10-06T17:00:00Z
2026-10-03T01:34:36Z,2026,4,2026-10-04,JAX,CIN,total,,61.5,0.24,0.25,0.25,12937.46,12937.46,KXNFLTOTAL-26OCT04JACCIN-62,2026-10-06T17:00:00Z
2026-10-03T01:34:36Z,2026,4,2026-10-04,JAX,CIN,total,,58.5,0.29,0.3,0.29,3893.58,3809.35,KXNFLTOTAL-26OCT04JACCIN-59,2026-10-06T17:00:00Z
2026-10-03T01:34:36Z,2026,4,2026-10-04,JAX,CIN,total,,55.5,0.37,0.39,0.38,628.61,453.27,KXNFLTOTAL-26OCT04JACCIN-56,2026-10-06T17:00:00Z
2026-10-03T01:34:36Z,2026,4,2026-10-04,JAX,CIN,total,,52.5,0.47,0.48,0.48,162.55,162.55,KXNFLTOTAL-26OCT04JACCIN-53,2026-10-06T17:00:00Z
2026-10-03T01:34:36Z,2026,4,2026-10-04,JAX,CIN,total,,51.5,0.5,0.51,0.51,16704.92,12774.47,KXNFLTOTAL-26OCT04JACCIN-52,2026-10-06T17:00:00Z
2026-10-03T01:34:36Z,2026,4,2026-10-04,JAX,CIN,total,,50.5,0.53,0.54,0.54,5202.35,3217.44,KXNFLTOTAL-26OCT04JACCIN-51,2026-10-06T17:00:00Z
2026-10-03T01:34:36Z,2026,4,2026-10-04,JAX,CIN,total,,49.5,0.57,0.58,0.57,321.87,321.87,KXNFLTOTAL-26OCT04JACCIN-50,2026-10-06T17:00:00Z
2026-10-03T01:34:36Z,2026,4,2026-10-04,JAX,CIN,total,,48.5,0.6,0.61,0.61,1873.16,1027.95,KXNFLTOTAL-26OCT04JACCIN-49,2026-10-06T17:00:00Z
2026-10-03T01:34:36Z,2026,4,2026-10-04,JAX,CIN,total,,47.5,0.61,0.62,0.62,18754.62,14028.37,KXNFLTOTAL-26OCT04JACCIN-48,2026-10-06T17:00:00Z
2026-10-03T01:34:36Z,2026,4,2026-10-04,JAX,CIN,total,,46.5,0.65,0.66,0.66,14009.18,13932.18,KXNFLTOTAL-26OCT04JACCIN-47,2026-10-06T17:00:00Z
2026-10-03T01:34:36Z,2026,4,2026-10-04,JAX,CIN,total,,43.5,0.73,0.74,0.73,16884.96,15739.78,KXNFLTOTAL-26OCT04JACCIN-44,2026-10-06T17:00:00Z
2026-10-03T01:34:36Z,2026,4,2026-10-04,JAX,CIN,total,,40.5,0.79,0.8,0.8,5248.58,2705.54,KXNFLTOTAL-26OCT04JACCIN-41,2026-10-06T17:00:00Z
2026-10-03T01:34:36Z,2026,4,2026-10-04,JAX,CIN,total,,37.5,0.84,0.86,0.86,20060.46,10035.52,KXNFLTOTAL-26OCT04JACCIN-38,2026-10-06T17:00:00Z
2026-10-03T01:34:36Z,2026,4,2026-10-04,JAX,CIN,total,,34.5,0.89,0.9,0.9,21227.91,13484.27,KXNFLTOTAL-26OCT04JACCIN-35,2026-10-06T17:00:00Z
2026-10-03T01:34:36Z,2026,4,2026-10-04,JAX,CIN,total,,31.5,0.93,0.94,0.93,53113.84,22900.28,KXNFLTOTAL-26OCT04JACCIN-32,2026-10-06T17:00:00Z
2026-10-03T01:34:36Z,2026,4,2026-10-04,JAX,CIN,total,,28.5,0.95,0.96,0.95,53218.16,24171.82,KXNFLTOTAL-26OCT04JACCIN-29,2026-10-06T17:00:00Z
2026-10-03T01:34:36Z,2026,4,2026-10-04,NE,BUF,total,,69.5,0.07,0.08,0.07,6992.77,6903.05,KXNFLTOTAL-26OCT04NEBUF-70,2026-10-06T17:00:00Z
2026-10-03T01:34:36Z,2026,4,2026-10-04,NE,BUF,total,,66.5,0.11,0.12,0.11,12594.28,9966.67,KXNFLTOTAL-26OCT04NEBUF-67,2026-10-06T17:00:00Z
2026-10-03T01:34:36Z,2026,4,2026-10-04,NE,BUF,total,,63.5,0.15,0.16,0.16,2924.21,2924.21,KXNFLTOTAL-26OCT04NEBUF-64,2026-10-06T17:00:00Z
2026-10-03T01:34:36Z,2026,4,2026-10-04,NE,BUF,total,,60.5,0.21,0.22,0.19,126.0,125.0,KXNFLTOTAL-26OCT04NEBUF-61,2026-10-06T17:00:00Z
2026-10-03T01:34:36Z,2026,4,2026-10-04,NE,BUF,total,,57.5,0.28,0.3,0.27,208.04,208.04,KXNFLTOTAL-26OCT04NEBUF-58,2026-10-06T17:00:00Z
2026-10-03T01:34:36Z,2026,4,2026-10-04,NE,BUF,total,,54.5,0.36,0.37,0.35,2048.03,1722.66,KXNFLTOTAL-26OCT04NEBUF-55,2026-10-06T17:00:00Z
2026-10-03T01:34:36Z,2026,4,2026-10-04,NE,BUF,total,,51.5,0.44,0.45,0.44,1287.16,1262.16,KXNFLTOTAL-26OCT04NEBUF-52,2026-10-06T17:00:00Z
2026-10-03T01:34:36Z,2026,4,2026-10-04,NE,BUF,total,,50.5,0.48,0.49,0.48,510.72,510.72,KXNFLTOTAL-26OCT04NEBUF-51,2026-10-06T17:00:00Z
2026-10-03T01:34:36Z,2026,4,2026-10-04,NE,BUF,total,,49.5,0.51,0.52,0.51,5186.39,4734.62,KXNFLTOTAL-26OCT04NEBUF-50,2026-10-06T17:00:00Z
2026-10-03T01:34:36Z,2026,4,2026-10-04,NE,BUF,total,,48.5,0.54,0.55,0.54,21623.21,19746.09,KXNFLTOTAL-26OCT04NEBUF-49,2026-10-06T17:00:00Z
2026-10-03T01:34:36Z,2026,4,2026-10-04,NE,BUF,total,,47.5,0.57,0.58,0.57,18246.02,12549.02,KXNFLTOTAL-26OCT04NEBUF-48,2026-10-06T17:00:00Z
2026-10-03T01:34:36Z,2026,4,2026-10-04,NE,BUF,total,,46.5,0.6,0.62,0.61,3559.24,1913.64,KXNFLTOTAL-26OCT04NEBUF-47,2026-10-06T17:00:00Z
2026-10-03T01:34:36Z,2026,4,2026-10-04,NE,BUF,total,,45.5,0.62,0.63,0.63,249.17,199.17,KXNFLTOTAL-26OCT04NEBUF-46,2026-10-06T17:00:00Z
2026-10-03T01:34:36Z,2026,4,2026-10-04,NE,BUF,total,,42.5,0.71,0.72,0.71,36744.77,15429.09,KXNFLTOTAL-26OCT04NEBUF-43,2026-10-06T17:00:00Z
2026-10-03T01:34:36Z,2026,4,2026-10-04,NE,BUF,total,,39.5,0.78,0.79,0.78,30764.79,15196.79,KXNFLTOTAL-26OCT04NEBUF-40,2026-10-06T17:00:00Z
2026-10-03T01:34:36Z,2026,4,2026-10-04,NE,BUF,total,,36.5,0.85,0.86,0.84,4408.77,4267.02,KXNFLTOTAL-26OCT04NEBUF-37,2026-10-06T17:00:00Z
2026-10-03T01:34:36Z,2026,4,2026-10-04,NE,BUF,total,,33.5,0.89,0.91,0.89,353529.61,353274.61,KXNFLTOTAL-26OCT04NEBUF-34,2026-10-06T17:00:00Z
2026-10-03T01:34:36Z,2026,4,2026-10-04,NE,BUF,total,,30.5,0.93,0.95,0.93,38995.53,10330.0,KXNFLTOTAL-26OCT04NEBUF-31,2026-10-06T17:00:00Z
2026-10-03T01:34:36Z,2026,4,2026-10-04,NE,BUF,total,,27.5,0.95,0.97,0.95,8314.11,6061.29,KXNFLTOTAL-26OCT04NEBUF-28,2026-10-06T17:00:00Z
2026-10-03T01:34:36Z,2026,4,2026-10-04,NYJ,CHI,total,,63.5,0.05,0.06,0.06,7905.24,7889.61,KXNFLTOTAL-26OCT04NYJCHI-64,2026-10-06T17:00:00Z
2026-10-03T01:34:36Z,2026,4,2026-10-04,NYJ,CHI,total,,60.5,0.08,0.09,0.09,16356.41,12973.1,KXNFLTOTAL-26OCT04NYJCHI-61,2026-10-06T17:00:00Z
2026-10-03T01:34:36Z,2026,4,2026-10-04,NYJ,CHI,total,,57.5,0.11,0.12,0.12,148220.3,105675.59,KXNFLTOTAL-26OCT04NYJCHI-58,2026-10-06T17:00:00Z
2026-10-03T01:34:36Z,2026,4,2026-10-04,NYJ,CHI,total,,54.5,0.17,0.18,0.17,6109.52,3498.4,KXNFLTOTAL-26OCT04NYJCHI-55,2026-10-06T17:00:00Z
2026-10-03T01:34:36Z,2026,4,2026-10-04,NYJ,CHI,total,,51.5,0.22,0.23,0.23,13031.16,12331.6,KXNFLTOTAL-26OCT04NYJCHI-52,2026-10-06T17:00:00Z
2026-10-03T01:34:36Z,2026,4,2026-10-04,NYJ,CHI,total,,48.5,0.31,0.32,0.32,19756.07,18655.86,KXNFLTOTAL-26OCT04NYJCHI-49,2026-10-06T17:00:00Z
2026-10-03T01:34:36Z,2026,4,2026-10-04,NYJ,CHI,total,,45.5,0.4,0.41,0.4,1682.93,1594.22,KXNFLTOTAL-26OCT04NYJCHI-46,2026-10-06T17:00:00Z
2026-10-03T01:34:36Z,2026,4,2026-10-04,NYJ,CHI,total,,44.5,0.44,0.45,0.45,3738.74,2540.88,KXNFLTOTAL-26OCT04NYJCHI-45,2026-10-06T17:00:00Z
2026-10-03T01:34:36Z,2026,4,2026-10-04,NYJ,CHI,total,,43.5,0.47,0.48,0.48,55230.58,52258.38,KXNFLTOTAL-26OCT04NYJCHI-44,2026-10-06T17:00:00Z
2026-10-03T01:34:36Z,2026,4,2026-10-04,NYJ,CHI,total,,42.5,0.51,0.52,0.52,31621.63,28648.84,KXNFLTOTAL-26OCT04NYJCHI-43,2026-10-06T17:00:00Z
2026-10-03T01:34:36Z,2026,4,2026-10-04,NYJ,CHI,total,,41.5,0.54,0.55,0.55,15383.8,14854.31,KXNFLTOTAL-26OCT04NYJCHI-42,2026-10-06T17:00:00Z
2026-10-03T01:34:36Z,2026,4,2026-10-04,NYJ,CHI,total,,40.5,0.58,0.59,0.59,5274.0,3408.0,KXNFLTOTAL-26OCT04NYJCHI-41,2026-10-06T17:00:00Z
2026-10-03T01:34:36Z,2026,4,2026-10-04,NYJ,CHI,total,,39.5,0.6,0.61,0.61,3478.32,3453.32,KXNFLTOTAL-26OCT04NYJCHI-40,2026-10-06T17:00:00Z
2026-10-03T01:34:36Z,2026,4,2026-10-04,NYJ,CHI,total,,36.5,0.69,0.7,0.69,18703.25,10717.15,KXNFLTOTAL-26OCT04NYJCHI-37,2026-10-06T17:00:00Z
2026-10-03T01:34:36Z,2026,4,2026-10-04,NYJ,CHI,total,,33.5,0.76,0.78,0.77,79582.84,30681.17,KXNFLTOTAL-26OCT04NYJCHI-34,2026-10-06T17:00:00Z
2026-10-03T01:34:36Z,2026,4,2026-10-04,NYJ,CHI,total,,30.5,0.83,0.84,0.83,16729.38,1120.44,KXNFLTOTAL-26OCT04NYJCHI-31,2026-10-06T17:00:00Z
2026-10-03T01:34:36Z,2026,4,2026-10-04,NYJ,CHI,total,,27.5,0.89,0.9,0.89,8981.81,8419.59,KXNFLTOTAL-26OCT04NYJCHI-28,2026-10-06T17:00:00Z
2026-10-03T01:34:36Z,2026,4,2026-10-04,NYJ,CHI,total,,24.5,0.92,0.93,0.92,39295.97,23748.57,KXNFLTOTAL-26OCT04NYJCHI-25,2026-10-06T17:00:00Z
2026-10-03T01:34:36Z,2026,4,2026-10-04,NYJ,CHI,total,,21.5,0.95,0.96,0.96,3180.61,3039.24,KXNFLTOTAL-26OCT04NYJCHI-22,2026-10-06T17:00:00Z
2026-10-03T01:34:36Z,2026,4,2026-10-04,IND,WAS,total,,67.5,0.07,0.08,0.08,26536.55,12765.63,KXNFLTOTAL-26OCT04INDWAS-68,2026-10-06T13:30:00Z
2026-10-03T01:34:36Z,2026,4,2026-10-04,IND,WAS,total,,64.5,0.11,0.12,0.12,48977.39,38158.02,KXNFLTOTAL-26OCT04INDWAS-65,2026-10-06T13:30:00Z
2026-10-03T01:34:36Z,2026,4,2026-10-04,IND,WAS,total,,61.5,0.15,0.16,0.16,43487.11,14116.67,KXNFLTOTAL-26OCT04INDWAS-62,2026-10-06T13:30:00Z
2026-10-03T01:34:36Z,2026,4,2026-10-04,IND,WAS,total,,58.5,0.18,0.2,0.21,36376.55,3784.55,KXNFLTOTAL-26OCT04INDWAS-59,2026-10-06T13:30:00Z
2026-10-03T01:34:36Z,2026,4,2026-10-04,IND,WAS,total,,55.5,0.26,0.27,0.27,36702.71,15925.71,KXNFLTOTAL-26OCT04INDWAS-56,2026-10-06T13:30:00Z
2026-10-03T01:34:36Z,2026,4,2026-10-04,IND,WAS,total,,52.5,0.34,0.35,0.34,39756.43,4192.81,KXNFLTOTAL-26OCT04INDWAS-53,2026-10-06T13:30:00Z
2026-10-03T01:34:36Z,2026,4,2026-10-04,IND,WAS,total,,49.5,0.43,0.44,0.45,46918.37,21840.41,KXNFLTOTAL-26OCT04INDWAS-50,2026-10-06T13:30:00Z
2026-10-03T01:34:36Z,2026,4,2026-10-04,IND,WAS,total,,48.5,0.45,0.46,0.46,37166.19,35777.37,KXNFLTOTAL-26OCT04INDWAS-49,2026-10-06T13:30:00Z
2026-10-03T01:34:36Z,2026,4,2026-10-04,IND,WAS,total,,47.5,0.48,0.49,0.49,84903.96,57871.89,KXNFLTOTAL-26OCT04INDWAS-48,2026-10-06T13:30:00Z
2026-10-03T01:34:36Z,2026,4,2026-10-04,IND,WAS,total,,46.5,0.54,0.55,0.55,115029.17,70253.85,KXNFLTOTAL-26OCT04INDWAS-47,2026-10-06T13:30:00Z
2026-10-03T01:34:36Z,2026,4,2026-10-04,IND,WAS,total,,45.5,0.55,0.57,0.57,30652.49,29437.31,KXNFLTOTAL-26OCT04INDWAS-46,2026-10-06T13:30:00Z
2026-10-03T01:34:36Z,2026,4,2026-10-04,IND,WAS,total,,44.5,0.58,0.59,0.59,38587.61,12109.79,KXNFLTOTAL-26OCT04INDWAS-45,2026-10-06T13:30:00Z
2026-10-03T01:34:36Z,2026,4,2026-10-04,IND,WAS,total,,43.5,0.61,0.62,0.63,56040.61,24239.65,KXNFLTOTAL-26OCT04INDWAS-44,2026-10-06T13:30:00Z
2026-10-03T01:34:36Z,2026,4,2026-10-04,IND,WAS,total,,40.5,0.7,0.72,0.74,35577.27,30185.58,KXNFLTOTAL-26OCT04INDWAS-41,2026-10-06T13:30:00Z
2026-10-03T01:34:36Z,2026,4,2026-10-04,IND,WAS,total,,37.5,0.77,0.78,0.79,30648.17,23718.06,KXNFLTOTAL-26OCT04INDWAS-38,2026-10-06T13:30:00Z
2026-10-03T01:34:36Z,2026,4,2026-10-04,IND,WAS,total,,34.5,0.83,0.84,0.83,68565.59,9337.55,KXNFLTOTAL-26OCT04INDWAS-35,2026-10-06T13:30:00Z
2026-10-03T01:34:36Z,2026,4,2026-10-04,IND,WAS,total,,31.5,0.89,0.91,0.91,39715.2,25178.36,KXNFLTOTAL-26OCT04INDWAS-32,2026-10-06T13:30:00Z
2026-10-03T01:34:36Z,2026,4,2026-10-04,IND,WAS,total,,28.5,0.94,0.95,0.94,61040.91,28104.27,KXNFLTOTAL-26OCT04INDWAS-29,2026-10-06T13:30:00Z
2026-10-03T01:34:36Z,2026,4,2026-10-04,IND,WAS,total,,25.5,0.95,0.96,0.95,36985.09,31644.67,KXNFLTOTAL-26OCT04INDWAS-26,2026-10-06T13:30:00Z
